id	name	type
9ac43103-ce35-4469-976e-501594e19873	AdvBlitzBerry	AdvancementSO
36559347-4e07-45e1-bdf6-d20cc4590fc8	AdvContinuousCoconut	AdvancementSO
9bbe3608-b69e-4d61-9779-b104f8fdaa51	AdvFrugalFig	AdvancementSO
801853c9-4a00-44b9-aabc-08922c19330a	AdvPowerPear	AdvancementSO
c6583ffe-2eac-4818-932f-c8e94ef73fd4	AdvEnrichCraggySpire	AdvancementSO
072045cf-724e-4dcb-9cbd-2a59793c9a7a	AdvEnrichDarkThistle	AdvancementSO
7957f7d5-b1c7-4bf7-91ef-79e4e1318ae1	AdvEnrichDreamberry	AdvancementSO
9f3fa1ea-58df-4354-8ab6-daaac1ece536	AdvEnrichElementiaSpring	AdvancementSO
b73fb0df-3985-4eac-a072-b6c5ef16190c	AdvEnrichForceTree	AdvancementSO
19c0e9dc-183b-47a9-b1d3-065347bceebb	AdvEnrichFruitTree	AdvancementSO
680933e1-b7e5-462f-ba50-2879695aea59	AdvEnrichIronwoodTree	AdvancementSO
cdeff67a-a025-4086-b883-4e6078841557	AdvEnrichMagebloom	AdvancementSO
cc181b2b-7597-484d-b899-033a64d514c8	AdvEnrichOakTree	AdvancementSO
8af5a156-4a5c-4faa-b8eb-6f34f2ec304c	AdvEnrichTreasureTree	AdvancementSO
1855e5c3-194f-4287-a434-23be5a68dd75	AdvEnrichVoidMoss	AdvancementSO
fd57dbae-488c-43f5-bc31-3ccf4c0e0e68	AdvEnrichWaterSpring	AdvancementSO
2bfdf92f-9b8a-480b-b6e5-f136f1809d6f	AdvAlchemistsStone	AdvancementSO
8431bac1-7a21-49de-8b92-e44a22508fc9	AdvCastingGem	AdvancementSO
259b6363-45db-4093-bb3e-5b140ba8d4b3	AdvDimensionalSlatestone	AdvancementSO
56bf0b2f-b5ea-4382-9776-eb9a960827b7	AdvDivineStone	AdvancementSO
f494b172-374d-42c1-8228-c135e922024e	AdvEmeraldPowerstone	AdvancementSO
dc6cb0b5-92b6-4017-9327-39e0e37eae8c	AdvExperienceGem	AdvancementSO
b0b05d7d-3dca-41e4-a4fd-6ac31a9c324f	AdvLoadStone	AdvancementSO
d1228d1a-d8ad-4971-bf0a-d1ddfeec90fc	AdvManaGem	AdvancementSO
0d008e6e-8907-4ca7-aa60-e5c0537a3c74	AdvMindstone	AdvancementSO
3b1d0dcb-ae2b-4215-8566-1462950cbb39	AdvPurgeStone	AdvancementSO
b6852547-e120-475b-8146-a31f9e576eff	AdvVoidStone	AdvancementSO
7ff364ee-a907-43e1-ac01-c5cc25009cbb	AdvWarStone	AdvancementSO
169e3d4b-954a-4d73-b790-00ef2e2a7ebc	BrewArcanumPotion	AlchemyRecipeSO
c257db26-0f83-4471-ac4a-dce55f421f27	BrewBlazePotion	AlchemyRecipeSO
1461b2e6-c5ce-471b-b5a3-e20d96d42102	BrewCraftingPotion	AlchemyRecipeSO
9826c852-8fd0-4efe-a1fe-2caa00a3c1d3	BrewDeconstructorsSalve	AlchemyRecipeSO
25be62b2-5e49-4831-b286-f3d024050382	BrewDimensionalSalve	AlchemyRecipeSO
d721d918-12a6-4752-b19e-d871e23f8ff3	BrewElementalPotion	AlchemyRecipeSO
709114f3-92fe-47c7-832c-dd4033cb9e43	BrewExpansionPotion	AlchemyRecipeSO
f8000ef4-69f2-4ea6-bf24-a3de6128e310	BrewExperienceElixir	AlchemyRecipeSO
9271dad9-8801-47a3-bbb9-21eb85551eec	BrewExtractionElixir	AlchemyRecipeSO
26a8866f-dbfd-4d9c-ba93-d661ee401bdc	BrewFlowPotion	AlchemyRecipeSO
531c7a47-8eee-4792-9ae3-9471a1ee2d68	BrewFuryPotion	AlchemyRecipeSO
323bfed5-fd27-4570-905c-f1b2f032bf2d	BrewHarvestingTonic	AlchemyRecipeSO
7bc24ff0-ed56-4240-aa41-1c9e05c59f0f	BrewHerbalistsBrew	AlchemyRecipeSO
e0a1eb6e-0702-4fe9-ab83-31fdf1d70ef9	BrewKnowledgeBrew	AlchemyRecipeSO
dd364b14-e818-49f9-ad06-f593d58d06ce	BrewLightningTonic	AlchemyRecipeSO
ef29f6df-4660-4d83-bf62-1230cf1a23de	BrewManaPotion	AlchemyRecipeSO
57a484d5-bd47-4e1a-907e-e00b254e9193	BrewMemoryMixture	AlchemyRecipeSO
d7e73440-19b7-40a2-aa92-a0bade79bcb8	BrewMentalistsSalve	AlchemyRecipeSO
35b6ce96-c66e-4a5b-993e-36a740d99acd	BrewMetalworkPotion	AlchemyRecipeSO
56175c0d-ab11-4a42-afb5-3067648c357f	BrewMysticsMiracle	AlchemyRecipeSO
a5673dc0-a0e4-434a-8b44-229775fbadd1	BrewPowerPotion	AlchemyRecipeSO
3b0a738e-e945-4865-9dd1-d2635efa498e	BrewSorcerersSalve	AlchemyRecipeSO
b4880870-a9d8-4999-86a8-fe3b508f05d8	BrewSparkPotion	AlchemyRecipeSO
29b3b250-8f85-4a0f-90fb-27403e916f09	BrewStabilizationSalve	AlchemyRecipeSO
e180b669-0cfc-4f78-bc53-186c3e66e79d	BrewStarBrew	AlchemyRecipeSO
29451b4e-e9e6-4af4-8154-0876f4c8cb4e	BrewStormshapersSalve	AlchemyRecipeSO
65fcd863-e0ac-445c-bbf0-23689390f79f	BrewTransmutationOil	AlchemyRecipeSO
d8405e2e-dd8c-4069-8b4c-c235472583a3	BrewWitchesBrew	AlchemyRecipeSO
e36c68e3-0890-4a07-bc22-c5215bb40e15	BrewWizardsTonic	AlchemyRecipeSO
fc1cbc33-d6ba-4dbf-9968-5326f133d72c	BrewWoodworkPotion	AlchemyRecipeSO
09ce90c4-de3d-4538-8299-32f24ced93d6	ChannelControl	AlchemyRecipeSO
f7b30e77-b0f2-4678-a433-04aa4fee0941	ChannelSpark	AlchemyRecipeSO
588d8976-828d-4d1e-9d41-77068af6d854	DismantleAlchemicScrolls	AlchemyRecipeSO
ed2582f3-5f4c-4641-9d67-ba1b3c1184a8	DismantleDarkThistle	AlchemyRecipeSO
59a5a907-8b8c-47ae-a0ca-b27b218f6a3c	DismantleDreamberry	AlchemyRecipeSO
68eefe6a-a60e-4269-859d-b681d79bbb7f	DismantleForceBark	AlchemyRecipeSO
0a03b3d1-9b3d-4f0b-ab9e-9965b2bced2a	DismantleIronwood	AlchemyRecipeSO
8166ea0d-d2c3-45ea-9a41-114d00112e9a	DismantleMagebloom	AlchemyRecipeSO
143b66a6-5974-42b0-92af-47b4476749b2	DismantleSigils	AlchemyRecipeSO
6628c5b7-f83b-40fe-92c9-631105d7f3fe	DismantleThaumicScrolls	AlchemyRecipeSO
b90ff48c-8fc5-4e6f-85a5-0f7c5e377329	DismantleWood	AlchemyRecipeSO
841f64d5-2795-4c0f-af25-238c37477da1	EnchantElemental	AlchemyRecipeSO
63f9c3d2-26c5-4d57-8629-be68192c8850	EnchantEnergy	AlchemyRecipeSO
b13673fd-2ac6-488e-8a4a-410586b3e3ab	EnchantEssence	AlchemyRecipeSO
43ba7bb8-4098-4e3b-97a6-5274194ed9df	EnchantExtraction	AlchemyRecipeSO
e9991d02-c253-462c-988d-6b27ac2e18f5	EnchantHexed	AlchemyRecipeSO
b9bd6d0b-8390-4d9c-b2de-af1589a58169	EnchantMaterials	AlchemyRecipeSO
3ed37327-e0c1-45de-bcc1-01a2923a2cbf	EnchantMental	AlchemyRecipeSO
7ee3b88d-50c8-4dd3-a522-23d73d28014a	EnchantMetal	AlchemyRecipeSO
d2fe9554-3ab8-419c-b1d3-9177606d111c	EnchantNatural	AlchemyRecipeSO
21b4c87b-7cd1-4620-a44a-63d16570d7fb	EnchantSpirit	AlchemyRecipeSO
45a0e50e-b62e-42d3-8491-5b213bfd1e27	EnchantTempered	AlchemyRecipeSO
b8985b4f-fe4a-42cb-808d-98f13eb2fccb	EnchantTransmutations	AlchemyRecipeSO
068c6512-08ec-4957-88f5-692b14b09501	RefineElementia	AlchemyRecipeSO
8aff1c67-4209-4156-87e6-78a288dae39b	RefineInk	AlchemyRecipeSO
a0ef70dc-80d6-4902-b055-5cc37973cbd6	RefineOcculticEssence	AlchemyRecipeSO
8cf8141a-9a4b-49b6-90f7-770115c471a9	RefineOrganicEssence	AlchemyRecipeSO
4d245563-f524-479b-8079-3f8a5d5c2bfd	RefineSoulshards	AlchemyRecipeSO
05589125-5a98-4e74-a1ae-2b2146ea68c4	RefineTemperedEssence	AlchemyRecipeSO
fe799156-97de-49f5-923b-f413449f608a	AlchemyRecipes	AlchemyRecipeListVariable
cf57a1e0-797f-4201-9b8d-b4975dabbec3	TransmuteAmber	AlchemyRecipeSO
ad826e3d-be4e-407f-a7dd-1658d14f9f5d	TransmuteArcanum	AlchemyRecipeSO
2cabf932-ffb5-4a01-8278-443b15dd7cc3	TransmuteBlaze	AlchemyRecipeSO
2042cec5-4b93-4e44-abee-10f850426b2b	TransmuteBlooming	AlchemyRecipeSO
eba99a6e-26fc-4fcd-987e-98ead726b0b6	TransmuteBuilding	AlchemyRecipeSO
6a64e217-0078-43c6-b5f3-37092adb993b	TransmuteControl	AlchemyRecipeSO
4c1f5817-a492-4c0e-9e31-304c84a80a69	TransmuteForceBark	AlchemyRecipeSO
202ea965-60d2-42c5-87f9-bf07992005f8	TransmuteHexsteel	AlchemyRecipeSO
dd086dcc-47fd-43d3-b84c-c352e3f585d4	TransmuteIronwood	AlchemyRecipeSO
67ecf960-61ab-48ac-9568-5e1712d0aaac	TransmuteKnowledge	AlchemyRecipeSO
625d1f0a-5cb4-4e18-a639-18a309101513	TransmuteLife	AlchemyRecipeSO
b535cd44-3314-429c-8ed8-e3ac57de87ae	TransmuteParchment	AlchemyRecipeSO
75e2d397-b056-4e0b-b8ef-6d34df396c9f	TransmutePsi	AlchemyRecipeSO
0c67fe4d-ccba-43c9-a695-7a66bed7003a	TransmuteSkill	AlchemyRecipeSO
d76af0b3-cc2d-4817-895e-f1897f810907	TransmuteSpace	AlchemyRecipeSO
3728f4ed-a2a2-4833-84e2-768728f0b34d	TransmuteSpark	AlchemyRecipeSO
da18dd91-9e10-4035-bff4-5949c98af41a	TransmuteThaumaturgy	AlchemyRecipeSO
1f822e98-389d-4a63-a87b-82b757a2d856	TransmuteWater	AlchemyRecipeSO
2bcf22df-ed8f-4944-bca1-b19009b64221	TransmuteWood	AlchemyRecipeSO
f9c93e42-e9e8-4fe3-a1f3-5aec5430b5c2	Alchemy	AlchemyTypeSO
d2947f69-d989-465d-8159-204285ed57be	Brewing	AlchemyTypeSO
7b89d22c-75ae-4945-9356-833382c9a167	Dismantle	AlchemyTypeSO
2ffcbbc4-49a7-45db-b3ae-4a3c57362255	Enchantment	AlchemyTypeSO
32b6b099-19f2-4470-b47b-6c2a8b0388e1	Refinement	AlchemyTypeSO
b42c6192-7d9b-40d0-aa40-3d46a9348e52	Transmutation	AlchemyTypeSO
47b787b9-d4cd-43c8-a7e3-63a1e4e0ae94	Reductive	AlchemyTypeSO
8f258dcc-c39a-4d64-b915-4239e746c49d	Reflective	AlchemyTypeSO
69842862-dfce-4a9e-a73b-f757c72e49dc	Conceptualization	AlchemyTypeSO
6b0b8cae-e000-4060-8d48-61cdd146a97d	BasicAttackAnim	AnimationSO
b80e1583-0be9-489a-a7a2-70a7aeec5325	BasicRayAnim	AnimationSO
1712068d-ca4c-48cd-93e5-331ffc62e64f	BasicResourceGeneration	AnimationSO
3cc4bc3e-1ded-45a4-92ef-037fceddec5f	FireAttackAnim	AnimationSO
8b552790-00a9-4618-aab2-76bfbd76b06e	HealingRayAnim	AnimationSO
d84b61bf-72b4-42bf-9fd0-c4ba6c8f988d	LightningRayAnim	AnimationSO
fd59c2a5-6c6c-4209-8600-9fc24821d138	SlowAttackAnim	AnimationSO
026977c7-9d5e-4762-b67a-8df4163c9a51	AgromancyPowerGroup	AttributeGroupSO
8fb5fcdb-83cf-4d7e-843b-5ed38b906905	AgromancyRefundGroup	AttributeGroupSO
2ca21dd7-da00-4016-a489-21136825bc9d	AgromancySpeedGroup	AttributeGroupSO
a67aa652-8071-457b-8b34-c0bc2adc4c5e	AlchemyDrainGroup	AttributeGroupSO
0861aea1-4f80-45f3-a190-1cac2533e41c	AlchemyPowerGroup	AttributeGroupSO
f73fbe8c-394b-4602-a8f6-95b324b2a793	AlchemySpeedGroup	AttributeGroupSO
d168de6a-6141-42c1-a2dd-49580bf05174	AllAlchemicCapacities	AttributeGroupSO
b096ccd2-7ff4-4ac2-8cc8-da215677e299	AllDurationGroup	AttributeGroupSO
445d64b5-4bfb-4c6c-80ae-5afacf7f245e	AllEchoRatingGroup	AttributeGroupSO
bfed13da-c722-416b-a2fa-a0366a49d156	AllSpecialsGroup	AttributeGroupSO
8a199f0d-48dd-4c3e-840e-d97a1b7dca4b	GlobalSpeedGroup	AttributeGroupSO
9cabe820-71b9-4250-a7a0-3b9e00e03453	GlobalSpeedSpecialGroup	AttributeGroupSO
9185a454-8ef2-418d-96b8-d16d0969e038	LuckEffectGroup	AttributeGroupSO
a743549e-4deb-4072-94b5-46387497e9b2	LuckGroup	AttributeGroupSO
bfef171c-1a90-466d-a8b6-d73519d95048	LuckLimitGroup	AttributeGroupSO
9693082a-9776-4e48-a20c-62de743fe7bc	LuckPenaltyGroup	AttributeGroupSO
eb66964c-9875-4d41-8c71-58cba9ddbdda	ManifestionSpellTypeXp	AttributeGroupSO
435da7eb-0071-40ae-900c-f9b55b4341cc	PhysicalPrecisionGroup	AttributeGroupSO
13f68484-a2db-4e1a-ba90-18de2b0ecacf	PhysicalSpeedGroup	AttributeGroupSO
f01ebcd9-b9bf-45e2-8b69-511f46114424	SpecialResourceReplenish	AttributeGroupSO
1ab06404-18d4-4bca-b86f-f0a8b4552755	AdditionalInformation	AttributeSO
23c6749f-58dd-4979-9474-e13b7f8e7ef7	AlchemyLevel	AttributeSO
a637322d-a1ec-47f4-ac57-ebfaaf22b8d9	AlchemyMasteryLevel	AttributeSO
472ceba4-0001-46f2-ba28-e9963a92ab9d	AlchemyMasteryXp	AttributeSO
c14146eb-0544-4fed-bf9a-3544f6b05d1a	AlertCastingUpgrade	AttributeSO
53102ec0-390c-4f29-81fc-9a8030441fda	AlertDiscoveryTree	AttributeSO
01569613-9272-427c-a3ef-16713579cfcf	AlertResearch	AttributeSO
de0a1c64-827e-4253-8f03-26b82c64a5a2	WorldResetComplete	AttributeSO
0a13f2d2-ab8c-4b4e-be0d-d9b19a469e0d	ArtifactExperience	AttributeSO
b1cc592c-b923-4a3b-b107-28fcfd8cffcf	ArtifactLevel	AttributeSO
8cd82297-c7ce-4991-9f37-006815acb624	ArtifactPower	AttributeSO
1c577a4e-8a53-4367-98c0-985629cfdfda	AttributeCostMod	AttributeSO
630a0a2a-a5f8-4a4a-a570-3c7e4ac5cb78	AugmentResonance	AttributeSO
4589c392-e64b-4045-9b60-2778a0a632ac	AutoAttack	AttributeSO
75f7df45-c3cc-432f-8d73-81e18a2f1378	BonusLevel	AttributeSO
4eb41b81-1103-49aa-ace4-11f9b5533e46	BonusLevelsResearch	AttributeSO
665e43bb-518a-4556-be36-79e05e6aecbc	BonusLevelsResearchFree	AttributeSO
19e5cd81-3445-40b9-a0e5-058bc90ee7e9	Capacity	AttributeSO
805ee437-b83a-4056-96bd-61c902c76eb1	CapacityRate	AttributeSO
49aa64a5-2dd1-48f6-955f-89335d932b5c	Channelled	AttributeSO
c8f0c454-0b5d-4c5d-b91a-e4c0920a72c9	CombatDamage	AttributeSO
fcb90ad4-f927-47d3-86d5-f7f13256d310	CombatEffects	AttributeSO
af01f2b0-097d-45dc-a9c3-a2d7ab93f107	ConsumableBonusLevels	AttributeSO
05f3f222-fac5-458c-a3cd-6c950e5a8326	ConsumablePrepSpeed	AttributeSO
c13b6286-6afa-42d1-b887-05b2f79ca973	Cooldown	AttributeSO
e65d1c0c-939d-4333-b99f-841855ebe328	CooldownSpeed	AttributeSO
bb3cd428-054a-4e36-9f5e-7e83cbd9c5bb	Cost	AttributeSO
efd560a0-b2b2-4acd-978c-f1b9f1955fcd	CostScaling	AttributeSO
f1674981-1a54-4561-b886-f2257c8502ad	CraftingMagnitude	AttributeSO
a50895d9-5951-4273-a859-89809a82d115	CraftingStartingLevel	AttributeSO
af661273-3770-4e50-bf9f-13998b012422	CreateArtifact	AttributeSO
2547d6c2-6659-46dc-ad3e-7f46e80fbf0e	DecayRating	AttributeSO
37c0504f-3849-49f8-99d8-d13e5481d9d9	DecayTime	AttributeSO
02a4902b-f60b-4f1a-bf65-87787a42dff9	Destroy	AttributeSO
89cd43e4-021e-4904-a73d-8b8302004c0d	DrainCost	AttributeSO
00c2f883-cd16-425a-abd9-018513ad8d48	DrainRate	AttributeSO
34106d37-6060-4734-b1bf-ec2ab6b0ae00	Duration	AttributeSO
80b26ec9-be6c-434c-ba6f-8137d6108185	EffectLevel	AttributeSO
477b49c5-9fc5-462f-bca2-c555790de12e	EffectScaling	AttributeSO
399623bf-9407-4c44-8478-b72d5c499d0e	ElementalResonance	AttributeSO
1c3ffe77-c46b-4a38-8dce-3e6bb6f62fb3	EmptyRender	AttributeSO
4ccaea4d-ea5e-4d55-8d5f-65a0c134dccb	Enchantments	AttributeSO
8c30b7b1-d74b-489c-b9a9-dc89a973f722	EnhancedDiscovery	AttributeSO
fc239162-b3f6-4e61-8e38-106d5dd26448	EnhancementAlchemy	AttributeSO
9201f809-2cf5-49f9-b4bc-1939a0568cf7	EnhancementConcept	AttributeSO
569acabf-cb11-49bc-94f0-297ed5110203	EnhancementEquipment	AttributeSO
6c32351d-4bba-457d-ba37-222892584aed	EnhancementGlyph	AttributeSO
2971d73b-f0f5-4c12-b327-6f4a7e7a9911	EnhancementRitual	AttributeSO
c0e51a7d-e5ed-4a41-a445-83a99a780d4f	EnhancementSpell	AttributeSO
bcad6407-3152-408e-908c-33631a28415f	EnhancementTimeRune	AttributeSO
388bfe38-15f0-4264-86a1-c83cc8fbcf3f	Equilibrium	AttributeSO
676dacfd-763b-40f3-a4ca-e296c87a766b	ExperienceRate	AttributeSO
20688dd1-8e79-4cca-a085-efc95849a5be	FreeUsage	AttributeSO
d18a00f8-d5fb-4749-bf8f-9c8e47e05d49	FunctionalCapacity	AttributeSO
dc619b9f-0530-4c7d-96b2-5a73fc0f49bb	GainRate	AttributeSO
50dee667-dec4-47d3-9d9f-f43dd547d5c0	Generation	AttributeSO
b6c86494-b566-48c9-b539-798af78ff417	GenerationMaxPercent	AttributeSO
6aa2b39e-16df-461d-8995-08cbe69ff86a	GenerationRateTime	AttributeSO
a2ee8982-fe61-4738-a91f-7ceef9255942	GenerationSplash	AttributeSO
ef37bdd0-bdf1-44ca-8f33-7a2cad6f733e	GlyphTokenGeneration	AttributeSO
8dd8bf14-0a49-4365-b87c-a5e575353932	GrowthSize	AttributeSO
5fd8d412-e934-408d-8bac-c49fcfd02574	GrowthSpeed	AttributeSO
b254b829-6e5a-4ef6-941e-ff86e7779eda	HarvestErraticQuantity	AttributeSO
74e7eb18-5da6-42e4-a0dc-fb570c6b31b5	HarvestQuality	AttributeSO
06889e58-ebee-4618-9fe0-67731e30658f	HarvestSize	AttributeSO
ebe2162f-c5ad-4f53-8fb6-2ab8d96cef01	HarvestSpeed	AttributeSO
32f5ecd0-f07b-42b8-a7db-709a18a23df3	Info	AttributeSO
b660d2ae-37e0-484f-be94-7dcb9c9237ed	InstanceScaling	AttributeSO
a3846a4c-994a-4c3f-b751-b724adab683a	InsufficientAlchemyReqPenalty	AttributeSO
4752455c-4648-4780-9b18-5cabe254801f	InsufficientAttrReqPenalty	AttributeSO
b408f1fd-74ad-4dfc-a51b-11e4a7b65060	InsufficientEquipmentReqPenalty	AttributeSO
60055317-7693-4258-b7e5-bd29ee936492	InsufficientGlyphReqPenalty	AttributeSO
9274777b-f470-4217-b647-2fc2f39af19f	InsufficientRitualReqPenalty	AttributeSO
c4ab069d-8a18-40ee-ac6f-f348dc4fccf8	InsufficientSpellReqPenalty	AttributeSO
0c68e29e-0627-4e18-b001-d60ddf8e53c9	LearnAlchemy	AttributeSO
01a74875-9fe2-4edf-9ed6-31391ea2fc15	LearnSpell	AttributeSO
ccf7a7f9-bbea-469c-90cc-41ccb81f7206	Level	AttributeSO
8443f058-2faf-4e4e-9922-2edccbb4bac3	AllAttributes	AttributeListVariable
e693cf53-866e-4584-9a29-8046f136c75a	LossRate	AttributeSO
cdea3761-b871-48c1-9ff2-de419b8a5ec3	MasteryExperience	AttributeSO
2a23ab0d-e96b-4d17-82e6-c8843808d58a	MasteryLevel	AttributeSO
bc010c32-56dc-4179-b6d7-561959d929f4	MaxStacks	AttributeSO
1f00704e-30e7-4e28-8c32-2467556df2d3	MaxUsage	AttributeSO
dcb29c95-4a7d-4cc8-8d32-67afc154dc7e	OptimalOutputLevel	AttributeSO
788734de-f8c6-4380-8021-b23b767ad13b	Persistent	AttributeSO
c1e26046-3cc6-4c1d-839d-8b28278f8481	PlotNodeAvailableActions	AttributeSO
4c823b46-9252-4f38-8841-270abff4e057	PlotNodeGrowing	AttributeSO
14d895f0-ae9b-4066-b51b-e9e2dbb72e7f	PlotNodeIdle	AttributeSO
45f049cc-4d1d-4609-be72-d93e68b632e9	PlotNodeQuality	AttributeSO
03b76e93-0cf5-4b95-ac04-14a2550f6714	PlotNodeRefundRating	AttributeSO
f4bb2939-8c7f-4867-94c7-26e6343a752e	PlotNodeResting	AttributeSO
dde75844-fda6-41bb-9138-53207b9d6867	PlotNodeSize	AttributeSO
ffe47fab-bf69-487a-8931-02393157f36f	PotionPower	AttributeSO
5cf33683-070e-4437-a725-1127f4e544a1	Power	AttributeSO
1b5e6166-825f-4d98-9234-98d207284db9	PowerScaling	AttributeSO
9ec73211-ddb3-4d68-80ac-fb4807b6d60a	Quality	AttributeSO
67e30c18-5fac-4b77-8cbd-1f14287ddda4	Quantity	AttributeSO
2d6afd76-ecdc-4312-bc5d-534c2ab87565	RarityValue	AttributeSO
499b11af-def2-40db-b13e-fef2e21d42e5	Rating	AttributeSO
97e81a9e-471e-4179-90de-2c777212b99a	RatingCutoff	AttributeSO
ec8d065d-3cad-4063-8468-e87e8470704d	RatingExamples	AttributeSO
138238c6-333c-4f9a-b7b1-c8a2081c1f75	RatingNextMulti	AttributeSO
4fc7fbc8-8689-44a0-8ca1-71684b23b0eb	RatingUpgradeInfo	AttributeSO
8e7d3e2f-ed88-4202-ac02-c34be669d472	RechargeAttributes	AttributeSO
62d7c6c3-84ae-46ba-9945-be27ed3a950c	RechargeCasting	AttributeSO
6b54907f-b5c3-440c-b54c-ea27d32f449d	RechargeRate	AttributeSO
9cfbf7cd-f812-4c82-8163-8af86a579b58	RecoverySize	AttributeSO
d7b9808b-a1ff-494b-9cc9-02e1492698b9	RelatedComponents	AttributeSO
785dd679-6b9e-42b7-b5e8-6ff337588a1c	RelatedSubTypes	AttributeSO
5bcb6be6-f8c8-4ee8-9e14-2129bf75cc4e	ReplenishMod	AttributeSO
0317db34-08cd-47a1-a8ef-90298634b65b	ReplenishTime	AttributeSO
0afc754c-2846-4052-b32d-ba084c3e64f5	RequirementLevel	AttributeSO
6076a223-49a4-4fbb-a89c-e473ed61d994	ResearchBaseLevels	AttributeSO
2208b843-d45f-4b81-b2a4-646b679d3dc3	ResearchLeewayPoints	AttributeSO
189b1aeb-c726-4680-8b54-29f46bbb81c7	ResearchMaxInvestmentLevel	AttributeSO
f2a1fdd8-8491-430e-9d21-da48fb2fde29	ResearchMaxLevelCapacity	AttributeSO
92cdbfbe-262c-4298-97d1-1d8af6ef8c88	ResearchReqTooLow	AttributeSO
3eafcd87-8325-4d5f-83c6-5a8862d57dd6	ResourceAttributeCost	AttributeSO
4da39fb6-68af-453c-9c21-f8428f3f902a	ResourceRally	AttributeSO
bbab7750-eb7c-4b5e-92ad-a2d49a5ac22d	ResourceRallyMod	AttributeSO
d04c3997-f9f0-4a2f-883d-f94a9b56c679	ResourceRallyThreshold	AttributeSO
72f7f0c0-4827-4fed-8297-2dcb8dcd5c7f	ResourceRate	AttributeSO
eaf72412-03f8-4f6e-b1be-519208b6db84	ResourceRateInterestPercent	AttributeSO
d29ef010-743c-4785-9d13-178e3aed7325	ResourceRateLifetimePercent	AttributeSO
9158f56a-6098-40a4-9233-e4df7f35f381	ResourceRateMaxPercent	AttributeSO
29d38b2a-4ac3-4aa0-b185-70a12bf5cee4	ResourceRateMissingPercent	AttributeSO
e6a8b78f-f78f-4c30-8e53-2e82c1b1e33c	ResourceReservation	AttributeSO
c6c3457a-07ce-47ba-821c-48d603261620	Rest	AttributeSO
dfe9d199-c81a-4570-9bfb-f9b274551ada	ReverberateMod	AttributeSO
b03e7e6e-399e-4afd-b5c1-01e4b12cb6db	ReverberateTime	AttributeSO
1d5a7fe3-478e-4bf7-96d6-33f821858fb3	RitualChainPower	AttributeSO
44bdde45-178c-4cf4-9540-86177d3a2c38	RitualCritDuration	AttributeSO
bdb2ddb9-3201-4502-88be-05c01f691ea6	RitualCritPower	AttributeSO
619f37c6-0d2d-48c8-8686-d0954cb9e8ec	RitualEchoPower	AttributeSO
c90b354d-6dd5-46a3-99b4-76e7c1f4d9e8	RitualEnemyLoot	AttributeSO
5fe07104-c903-4df5-9974-f34932440350	RitualRepeatPenalty	AttributeSO
8203cd1c-70ee-427b-b3a0-d96c9d9007d0	RitualResources	AttributeSO
9bbd28ca-f182-4960-817d-49101a7aa886	RitualSpeed	AttributeSO
f2436069-5044-47b6-82f1-2a6c8419ac9d	SpecialEffect	AttributeSO
00b8083f-fed8-440a-8683-7694b7a71e01	Speed	AttributeSO
a9257067-f509-485f-af0e-c27c98037f6a	SpellCastSpeed	AttributeSO
ca988a97-b7aa-4782-a5de-c3e52e6386a6	SpellLevel	AttributeSO
8435caf4-cb5e-4d92-83fc-39dda07326ef	SpellStocks	AttributeSO
1e577add-9258-4e8f-9c10-d41bc3f07c09	SpellTypeXp	AttributeSO
a8022530-5907-459d-9b10-7feb46be07b0	SpellUpgradeLevel	AttributeSO
37874266-2432-4a41-9592-4f345fd04d5e	SpellWeightReduction	AttributeSO
9ed146c6-de61-4ed1-9654-3f0728f4e553	StructureRank	AttributeSO
c7f39719-5208-4f85-9450-3616b1007a97	StructureRankMod	AttributeSO
50784959-20af-4f76-9f00-96cccfc55e2d	TechnologyTree	AttributeSO
5459f889-48b5-4192-97da-af6a4dbff4cd	TechnologyTreePrereqs	AttributeSO
422dbf76-4d4f-4836-8763-ea59e59be951	TimeScaling	AttributeSO
84c78f93-4652-46a4-8431-26b158f2b79e	TimerParallel	AttributeSO
a2015dca-451f-43f6-af36-4d78c76e2765	TimerSingle	AttributeSO
7c71892d-e51d-45b3-9de0-0dfec0189e16	Toggled	AttributeSO
b3534726-510b-4a43-a62d-aac77c5f8d00	ButtonToggleOff	AttributeSO
599e3920-749c-481a-bd0b-a12b0be775fe	ButtonToggleOn	AttributeSO
9b25629a-0cb7-4137-b5df-3fd0d3032e1c	CancelResearch	AttributeSO
e50f73da-e3b2-49e0-a4b0-bc16a9152b7f	ChallengeAbandon	AttributeSO
f10c6b97-81a4-43eb-b71c-d151a69eb20b	ChallengeActive	AttributeSO
8e63d44c-5c93-4ea8-899a-a1870747b4f6	ChallengeFailed	AttributeSO
6af3a5f4-d412-4ece-aa3d-c3a1755d47a1	ChallengeInactive	AttributeSO
37abd1a3-30a6-40cd-bfed-04e36e2c20cc	ChallengePassed	AttributeSO
ba4a24bb-294f-412a-8011-87c483afb9cc	ChallengePreferences	AttributeSO
2d558af2-686f-49ce-9860-a8a85171da4d	ChallengeQueued	AttributeSO
6da45842-73b8-4540-9028-9e7e62af411d	DiscoveryTreeAlchCraft	AttributeSO
bf6d5c5d-9874-42e2-9633-81ad53dbb88f	DiscoveryTreeConceptCraft	AttributeSO
291502c3-5f13-49e1-b717-2aa8c7b70096	DiscoveryTreeConfirm	AttributeSO
80133f7f-a182-4b93-a34d-b40eaa51be4d	DiscoveryTreeEquipcraft	AttributeSO
53cc813a-3e07-4519-9da7-2bda92dc2307	DiscoveryTreeGlyphcraft	AttributeSO
0982046d-581a-4d3a-9337-a53710294dce	DiscoveryTreeRequired	AttributeSO
42a72737-a762-4394-bcb7-c27d55978b59	DiscoveryTreeRerollsLeft	AttributeSO
8ce14969-0cab-4f72-9af3-251bc31f73ee	DiscoveryTreeRitualCraft	AttributeSO
4f5a6e63-837a-415d-9421-4b8e28e6307a	DiscoveryTreeRunecraft	AttributeSO
a6188355-5b06-4787-82db-8d07f2800b5a	DiscoveryTreeSpellcraft	AttributeSO
393bb4ad-6baf-4a0a-a7c8-a8bde902e5d3	HasRequirements	AttributeSO
0d0474b5-f135-4d17-a2e6-288b8aeb20eb	HiddenComponent	AttributeSO
2f39a5f0-28c0-4fdd-af20-6d2d181798e3	LevelAllSpellsButton	AttributeSO
211600ff-980e-47bf-a505-6477831ed9be	LevelableFreeLevel	AttributeSO
4903e6d0-47f6-45a4-855a-d8cee8d9bd6b	LoadoutAlchemy	AttributeSO
ef5969c8-da8a-4777-b1d2-fcdecde246cf	LoadoutAlchemyDeselected	AttributeSO
82775991-0a3d-4a98-819d-5f67bba4c03b	LoadoutAlchemySelected	AttributeSO
58eeaae2-0983-430e-9490-7d55cf58fde2	LoadoutEquipment	AttributeSO
07905f3f-8909-424d-917a-a88b827ea86f	LoadoutEquipmentDeselected	AttributeSO
a3f9337d-070a-4579-a1d3-633a565c938b	LoadoutEquipmentSelected	AttributeSO
f715f3de-3168-4f1e-b358-333798d33ecd	LoadoutSnapshotClear	AttributeSO
5191c2a9-4111-4267-a994-b33997969ea9	LoadoutSnapshotLoad	AttributeSO
2db78617-9b1d-40b1-94e9-26dba3791107	LoadoutSnapshotSave	AttributeSO
82b66435-9984-4e1a-9bb5-f172325578bd	ObjectCancel	AttributeSO
c27bbf7e-6d41-4408-8125-b90cb13dc324	ObjectDiscard	AttributeSO
1a0e5b8f-5993-4ae5-9e93-181a8773cda9	ObjectFavorite	AttributeSO
e418e967-a81f-45d8-b8c1-54e4aba465df	ObjectFlag	AttributeSO
a25d8012-c319-4a88-96f5-946964b68667	ObjectInspect	AttributeSO
2930b7bd-abc4-43f4-badf-f2e114e3188f	ObjectPin	AttributeSO
8c22ab93-ff32-423a-a235-f788d7528645	ObjectRandomizeOff	AttributeSO
96de6da2-a891-4830-bcb9-abd4217e80ba	ObjectRandomizeOn	AttributeSO
f7601d2a-89d5-4ffa-b81b-b30ac3551e73	PersistenceNewChallenges	AttributeSO
1524cfe7-ab03-4bd7-a395-c77132a5151e	PersistenceRerollChallenges	AttributeSO
214c54a3-2340-4d8e-b511-21f221399bd8	PersistenceResetWorld	AttributeSO
d4b96642-545c-4e00-aace-b55259c071fe	ResearchHideCompleted	AttributeSO
1aa82a80-8d0f-4827-bf6b-0be51cf9c5fa	ResearchShowCompleted	AttributeSO
ba6ccf78-7969-4c51-befa-8e00ff5acbe2	RitualActivate	AttributeSO
56893f30-49ad-44f3-8903-99bd02842688	RitualCompletionCost	AttributeSO
421f5c9c-215d-42fe-acf6-ca9a4b1f9b4d	RitualLevel	AttributeSO
90e5553b-c6aa-4f77-8f84-905ab2c80496	TutorialHint	AttributeSO
8378dd8c-9801-4153-ad7d-6ce42d3f509b	TreasurePoolContents	AttributeSO
35f4a4dc-45ed-4e19-b9e2-e37f2805ac0d	TreasurePoolUnknown	AttributeSO
2538acae-9561-4b5e-b16a-3963325c3f18	BasicAttack	CharacterActionSO
970d90a0-f6b4-4881-8003-7572bea9ad91	DeathAttack	CharacterActionSO
94c16988-30fc-4a23-922d-1e08f16b771c	FireAttack	CharacterActionSO
f6113060-7707-4332-9753-0fa67e2d312d	SlowAttack	CharacterActionSO
a67516a5-05b8-4f7b-bc4d-ba25f1a996d7	StunAttack	CharacterActionSO
b8d8dafc-9bc6-48f1-b775-75caa3f56bf1	SummonBasic	CharacterActionSO
a524dc74-c33b-42e8-bb2f-52da26ec4cdf	SummonBlaster	CharacterActionSO
f8a9326a-2f98-4f05-889e-3078635fd714	SummonReinforcements	CharacterActionSO
03ef5700-afe3-446e-a321-6268bb3047d9	SummonRepeater	CharacterActionSO
b351bf2a-71b0-43ae-a464-ca850a880344	ZapHeal	CharacterActionSO
3559f6a0-c6e3-4c9f-bd26-35ac9dc904f6	ActionPower	CharacterAttributeSO
24e3bff0-7834-4124-88c0-f57b8eb75d29	ActionSpeed	CharacterAttributeSO
1810e404-dcab-44e5-9699-1a1160865802	DamageReduction	CharacterAttributeSO
c3748057-198a-4a19-a047-321fdb40578c	HealthRegeneration	CharacterAttributeSO
b8a35dc6-6327-488c-84c0-0697f664e9ad	HitRate	CharacterAttributeSO
01d1f01f-d265-4035-a763-ed771285c52d	MaxHealth	CharacterAttributeSO
099158e7-6097-43af-a740-a32920b8d458	ArmoredModifier	CharacterModifierSO
04758f2c-7e21-4211-aa63-904c4786e43f	DeadlyModifier	CharacterModifierSO
1dc342b7-5eac-421b-a230-f56bc2c7d7f2	HealingModifier	CharacterModifierSO
7254464c-4940-49da-8039-7505285547aa	QuickModifier	CharacterModifierSO
2a1b8e5a-e237-4726-9023-fdb2e658d721	Aberration	CharacterTypeSO
b9eb7ec1-a38b-4900-b940-f8f1d1345669	BarrierApparition	CharacterSO
781c7945-3a42-49a6-b54e-3182d225a66a	BasicApparition	CharacterSO
7b8ac42d-189c-41a3-940b-de2b9477518b	BlasterApparition	CharacterSO
522fa4d5-56d7-4745-87e2-0a2e497224e8	BossApparition	CharacterSO
d9c6651d-7e61-4b7b-889a-fa1236d93512	ColdApparition	CharacterSO
bdf02327-76e5-4ddb-9836-7b9b7a415226	ColdRepeaterApparition	CharacterSO
194b18d7-0856-474d-a645-962aaeff5c4b	CrawlerApparition	CharacterSO
d7c110bc-a479-4c6e-b687-186283276ee1	DisruptorApparition	CharacterSO
b8caa25d-9332-41d9-a223-5cb33875a172	HealingApparation	CharacterSO
027f23bd-e4ac-4795-88ea-78555dbf5854	HeavyApparition	CharacterSO
7e196b82-c909-4578-9ae1-1c441ee48d63	HotApparition	CharacterSO
d1e9baab-9298-4c6a-8264-26e803467808	HotRepeaterApparition	CharacterSO
ef09e5a3-7ea7-40d7-9c8d-e9438da7d688	NestApparition	CharacterSO
2c44f4a9-2d6d-4bc1-bd87-51abd3ce3de4	NestBlasterApparition	CharacterSO
f5d89f03-f64b-4f11-a4aa-c0be40fbcc35	NestGigaApparition	CharacterSO
1fc8df28-06fa-46c1-a12e-ebe846b74dda	NestRepeaterApparition	CharacterSO
c1f9185f-abcf-48a2-b259-89c1d304f73d	RegenerationApparition	CharacterSO
cf6ca81a-2311-4cb2-afb2-65771b8d44d9	RepeaterApparition	CharacterSO
be8d18bd-f928-4d76-9e3f-5bf91571c61a	SmallApparition	CharacterSO
84ed726e-4be7-4b8d-bfb1-392502d29dca	SpeedApparition	CharacterSO
3787b423-e387-4b90-b7b4-59ac635f5a64	ViolenceApparition	CharacterSO
ff1240a4-22f7-46b2-9a81-4de7728b86b8	Burning	CombatStatusSO
b00dee3d-5095-484e-9226-439d9ed7d2d1	Slowed	CombatStatusSO
fb29bebd-4365-4442-8604-acac6bb96cdb	Stunned	CombatStatusSO
7b2e8268-9b4e-4300-a028-67350cae3a21	AllAllies	CombatTargetSO
aff4657b-1499-4cdf-9902-f28e29925622	TargetEnemy	CombatTargetSO
dfbeeb2b-4c99-4886-befe-4629ca9ccbe8	Food	ConsumableTypeSO
46e0ab83-df7c-4f35-8012-3d9a3c97b753	Fruit	ConsumableTypeSO
315471ca-0d15-455d-92da-f9d5f95a3c33	GlobalConsumableType	ConsumableTypeSO
8103dae4-6945-4d18-b562-d2ffcd7ef49e	Potion	ConsumableTypeSO
b4f61a61-0e0b-4e3d-9fc6-f17a81024cf0	PotionAugment	ConsumableTypeSO
1a1c9a36-6caf-4f7b-923e-a63685e75f8f	PotionResource	ConsumableTypeSO
5d27b76e-eed3-49cc-a069-b9106000ede4	Relic	ConsumableTypeSO
70b36536-64e5-4f70-ad6f-af5787d719cc	ScrollConsumable	ConsumableTypeSO
66a50127-5210-4a3a-93f4-952287858b90	ThreadConsumable	ConsumableTypeSO
855fb6ca-8ebd-4aaf-b0b0-b879a21a86c7	Treasure	ConsumableTypeSO
4ee6b1e1-1e7f-4a3b-9b3f-9ebc5a9339f1	BlitzBerry	ConsumableSO
cd04ca98-4fe8-43e1-b59b-f5a54fc18e7c	BrainBerry	ConsumableSO
569ef965-e9d9-4e4f-bbca-5a9293049ec1	BrainBiscuit	ConsumableSO
a1799c52-f9ff-4556-b052-f577ac3e7270	ContinuousCoconut	ConsumableSO
4e2ecf70-63b1-459a-b161-3bdb79d21a37	DimensionalDurian	ConsumableSO
2989688f-6d00-4182-a181-19170a2550d2	ElementalApricot	ConsumableSO
66ea97f3-c564-4c7b-8777-08fd330d271e	EnergeticAvocado	ConsumableSO
e529737e-0a86-418d-bf3e-9ead56b98a59	FrugalFig	ConsumableSO
f27024c0-8b30-4d71-ab30-fbc334b87883	LivingLichee	ConsumableSO
b06cf01e-8d4d-49f4-9486-2602c7819b35	MagicMango	ConsumableSO
0d7b1f28-baa2-4164-9cd3-f2d0f7bee426	PowerPear	ConsumableSO
f6b3a600-1cda-4daf-9f22-cfbee6354613	PurePomegranate	ConsumableSO
44790240-6e8b-4b62-b282-eae9bea77e9a	Soulberry	ConsumableSO
300ce902-1457-4135-a530-8f5fd1b13a0b	AllConsumableRefs	ConsumableRefListVariable
f05d5cef-9fcc-4362-9ffc-ffe1e62ae595	CraftingPotion	ConsumableSO
b87995ae-27ef-40bc-9705-13c6d75273a9	ElementalPotion	ConsumableSO
f64a195e-5bd7-4ed4-b1f2-1f28e5bf28bd	ExpansionPotion	ConsumableSO
b62a347c-408a-4267-a1f0-39df4f4ad57b	ExperienceElixir	ConsumableSO
9d9379e8-5a41-44e4-8677-309bbe9085e5	ExtractionElixir	ConsumableSO
ed94f8b3-3fb5-4b83-bac4-3cd88e159b9c	FlowPotion	ConsumableSO
131f2455-f6bc-4644-b083-5fdb276276ef	FuryPotion	ConsumableSO
04f9efa5-0a2e-4dd5-a1cc-9b393dd41b55	HarvestingTonic	ConsumableSO
164d02f5-64d6-4e29-94e8-eb590ae2aa5c	HerbalistsBrew	ConsumableSO
5ef9e4e5-743c-420b-89e7-2753e3bf7cc9	KnowledgeBrew	ConsumableSO
ced4f09d-781b-4368-9c2b-a4eb4789a1f7	LightningTonic	ConsumableSO
09a96af6-7838-453d-a19b-507dac6ae034	MemoryMixture	ConsumableSO
8f5c4b39-5da8-4c6e-a2af-bc5322a29e4f	MetalworkPotion	ConsumableSO
bb3ddd38-d1a9-4404-b965-b8f9f547d175	PowerPotion	ConsumableSO
2e14975f-8043-49fb-ace8-71e259e681ed	ArcanumPotion	ConsumableSO
8b7f1c6a-6d5d-4026-a93b-241d8c665459	BlazePotion	ConsumableSO
bb8c6b62-1aac-4305-b4d6-daf58b85c695	DeconstructorsSalve	ConsumableSO
d082675b-556e-4dde-9e1e-133fe9837fb3	DimensionalSalve	ConsumableSO
afa55b4b-2ab7-4a1a-824d-e3a009f15fbc	ManaPotion	ConsumableSO
8f377582-6831-49ad-a396-e4a3d1b33c9c	MentalistsSalve	ConsumableSO
47a09ad7-37e3-4baa-885a-40b66f7932c8	MysticsMiracle	ConsumableSO
b761a31c-b7dd-43bf-b65a-197ecaa32340	SorcerersSalve	ConsumableSO
2c9e81ad-8bac-4ccf-9d19-1b3fd50c434f	SparkPotion	ConsumableSO
a3dc0e19-1a42-4174-99d6-cca27b6161f8	StablizationPotion	ConsumableSO
f80930ed-3ed8-4a00-aaba-d769f2b5b883	StormshapersSalve	ConsumableSO
95e42032-9983-468e-b9b6-79a4e66cd2f6	StarBrew	ConsumableSO
3f6d0184-7833-45fd-9d4d-04855b67bd69	TransmutationOil	ConsumableSO
5700041e-4618-4b41-88f7-0d887a677ead	WitchsBrew	ConsumableSO
0f8ebe99-d871-4cad-8d3a-b14396731a9e	WizardsTonic	ConsumableSO
1d2e2d57-322a-4bc5-919f-1c91364cd910	WoodworkPotion	ConsumableSO
6c344fd5-e6cf-4596-a9e6-d3476594bec2	AlchemistsStone	ConsumableSO
4a4a6b79-4ce5-4c75-91f0-4d64679d6129	CastingGem	ConsumableSO
55cf20c0-0867-4497-890b-5f131fe2c26f	DimensionalSlatestone	ConsumableSO
af5be316-846c-4b69-9bfa-1ff63ff7c2d2	DivineStone	ConsumableSO
2e538af5-9ecf-413e-811c-b981c09449cf	EmeraldPowerstone	ConsumableSO
29a6e64b-dcd7-4b1a-a990-bab095bf6f4e	ExperienceGem	ConsumableSO
99eff5c0-f27c-4794-9b3c-d3eb7ec01798	LoadStone	ConsumableSO
b0294c2d-cd4d-4251-a395-b202fab079a4	ManaGem	ConsumableSO
4668fc8c-8585-4c88-bb97-06c75ebddf75	Mindstone	ConsumableSO
e8c1d56b-d0b3-4088-ad0b-86ffb771fd00	PurgeStone	ConsumableSO
f34dbf73-b233-4f02-b201-539d333ccedb	VoidStone	ConsumableSO
64200945-bbad-4bb0-8c95-ae5dbeb00f2e	WarStone	ConsumableSO
5f6aa08d-7da6-4c7a-89c9-aabcfe48e886	ScrollAdvancement	ConsumableSO
09d6101a-460d-4ce9-b7d4-46c4abaeadb7	ScrollDevelopment	ConsumableSO
164dbfa9-8b9f-4976-9d17-ad3ad6b07a62	ScrollEcho	ConsumableSO
49057abe-fe54-481e-99bc-2b82c3995c6b	ScrollExcellence	ConsumableSO
da5eab6d-ab4c-4b32-aca1-2e83b6d3a64b	ScrollInvestment	ConsumableSO
ec14ee5d-66a3-4b28-a271-25dca2414387	ScrollLearning	ConsumableSO
4bb8af50-fc7d-44a7-b1fc-937c390f8aec	ScrollPower	ConsumableSO
b2232a7d-5c97-44c9-9520-686e99fa8293	ScrollSpeed	ConsumableSO
36b6f51c-39cd-43b9-859b-51c752630216	ThreadsOfDevelopment	ConsumableSO
4b6a0964-450a-4289-8e60-b8017f95837b	ThreadsOfGrowth	ConsumableSO
a11421b2-d11b-4661-9d62-c2908ff33009	ThreadsOfProtection	ConsumableSO
6807a0c9-b3c4-4d1d-abce-dfe93a3da938	ThreadsOfRecharging	ConsumableSO
d5d3102d-9113-4209-9a1f-b9a02c2e5915	ArtificeCrafting	CraftingRecipeTypeSO
ee001474-8209-4238-9566-84899a877226	ScribeCrafting	CraftingRecipeTypeSO
795e1f8d-831f-4e4b-964d-e3b73fde4ec5	WorkshopCraftingRecipes	CraftingRecipeListVariable
a4a02a8f-6573-411c-a30c-6d9bcee12605	CraftScrollAdvancement	CraftingRecipeSO
e2bff5df-eef5-4015-a36a-a2d45af98642	CraftAlchemicScroll	CraftingRecipeSO
20f01743-4fcf-4f8e-8c1e-e7ab8034b94f	CraftCognitiveDisk	CraftingRecipeSO
88061ed4-11dd-4e03-a2dd-fc75e3ec9128	CraftDimensionalCore	CraftingRecipeSO
20c18cf2-9a22-4623-b31d-b28d137c793e	CraftIngots	CraftingRecipeSO
5ebba7dd-a07a-4f91-ac34-f76d7910219f	CraftPaper	CraftingRecipeSO
b1b7d331-587a-4b4c-87cf-4a8f57c8256b	CraftSigils	CraftingRecipeSO
f341d90c-5068-40dc-a23e-1d3c4b7a14c7	CraftThaumicScroll	CraftingRecipeSO
1dbf65e8-6923-491b-a578-3b493bb709b1	CraftWoodenSupports	CraftingRecipeSO
eb8e44d8-15d6-4519-95d8-c1f6adb8a087	ColdDamage	DamageTypeSO
c608e1c8-e5f5-4de3-becc-87f3174987d3	FireDamage	DamageTypeSO
066c47e8-8a30-47bd-9959-0def67449baf	HealingDamage	DamageTypeSO
d90930ae-190d-413d-a302-c452acbca53c	PhysicalDamage	DamageTypeSO
c90e1ad2-2117-4d5f-b52f-a4abebbc79a4	AlchemyDiscoveryTree	DiscoveryTreeSO
3f898375-940b-41d5-a84e-c9485c6a82d7	EquipmentDiscoveryTree	DiscoveryTreeSO
ee1f2ea6-85b9-4348-b11d-aca8524b46cd	RitualDiscoveryTree	DiscoveryTreeSO
67e94adb-e48b-44f8-ab0f-d713c7af90fe	ImbueUpgrade	DisplayEffectSO
2695012d-0e1d-4092-8006-c9e1a74c5b87	ImportantUpgrade	DisplayEffectSO
da758fa1-e1a2-4210-93b8-8651e4efdc04	PowerfulUpgrade	DisplayEffectSO
c334478e-28df-49f5-b0ce-4efc0f9a0d28	Action	DisplayTypeSO
a1973ccd-ae36-4245-8ddb-81c72b99c7f9	Information	DisplayTypeSO
d326695d-fc76-40c3-a1aa-65e31cf04c4d	Statistic	DisplayTypeSO
c1fe39ef-ed5f-484d-8549-a569c7db95f8	GenerateResources	AnimationEffectSO
fbffd03d-fca4-46f6-a668-7b562505d4d0	HealingEffect	AnimationEffectSO
a3218912-ac8a-4589-a74a-9ab2c078cf19	ImpactClaw	AnimationEffectSO
c062b625-27d7-4916-9c46-62f362f8f85e	ImpactEffectImmediate	AnimationEffectSO
10233942-a66f-40a1-8a04-7f65428ab418	ImpactFire	AnimationEffectSO
561eaf7f-cadd-4d8e-8ee5-630d6429f766	ImpactIce	AnimationEffectSO
07997069-2e0c-4492-a953-74532a5f8d53	RayBasic	AnimationEffectSO
a3b55525-a07b-41f9-aca9-1a77814fb179	RayLightningSmooth	AnimationEffectSO
0796ee25-e1f6-4c5c-abba-aad46e02318b	EnchantAdvancement	EnchantmentSO
cb354ece-fd8c-4ffc-a67e-b24cc3fe5fa5	EnchantDevelopment	EnchantmentSO
d854b177-865f-45ee-97a3-23d904df1ba1	EnchantEcho	EnchantmentSO
7b17670e-b3b6-401f-83f7-9c0e6d157852	EnchantExcellence	EnchantmentSO
f75cea6e-5d21-439f-bce4-79199b22434d	EnchantInvestment	EnchantmentSO
b74c2058-4113-4b6c-b11e-1c97304d236c	EnchantLearning	EnchantmentSO
b9d5f0f7-43fd-4bad-a8e2-8a73f2f1d1d6	EnchantPower	EnchantmentSO
9f068bad-f3a0-47de-84f4-407e67622fe1	EnchantSpeed	EnchantmentSO
9adcfce4-2190-4737-836d-28461e064595	AmuletOfAgility	EquipmentSO
9c1f1a17-5a03-49e3-8d9f-a708a70b4426	AmuletOfLuck	EquipmentSO
b9a8e687-95ad-4fd5-9971-9ca1f794d4b3	AugmythStone	EquipmentSO
824659e2-fd81-471f-b65b-783d980fde0e	EssenceAmulet	EquipmentSO
431109f1-9d88-4a9b-8782-9a9c0337f008	FocusStone	EquipmentSO
da6a7e36-f8f6-438e-95ed-8aaa769a6cbb	GrowthShard	EquipmentSO
ad831152-e758-455b-8741-5fefc8c8e3d9	ProtectorsBrace	EquipmentSO
21e32486-5f07-4a7a-bce1-0517cfaae20c	ResonateJewel	EquipmentSO
ebd2fe13-a6ea-44fc-8d01-c8ada020c42b	RockNecklace	EquipmentSO
fee401b4-7b1c-4d24-8e45-4330b39b165e	WeightedPendant	EquipmentSO
b978fbe3-c6f2-497f-af4a-0ca1243f0147	CeremonialDagger	EquipmentSO
eba540c7-1bae-4c6f-a21a-5ed8a1c0eb63	FlameBane	EquipmentSO
d3a5536f-ecae-4e5e-a6f3-51188f250a27	HellishReaver	EquipmentSO
7f871a28-96de-4d7a-b446-21199ddc24d2	MysticGuard	EquipmentSO
a97fc096-6654-45fd-b272-a84b597367e4	ReapersHatchet	EquipmentSO
e29e9021-9036-4270-8989-1b7fe602d596	SpiritBlade	EquipmentSO
5a4144b7-fa8e-4499-8d9e-73d58ec3740b	SwordOfPurging	EquipmentSO
6edc14f4-9821-4e53-9975-493dc8be75fa	MindBag	EquipmentSO
03e1c3d4-9168-439f-b39d-c0b458fc7a16	AlchemistsRobe	EquipmentSO
fba53ff9-86af-45ab-990d-5773c5cc285d	ArcanumMantle	EquipmentSO
ced36742-98fa-4a13-812a-14b803375235	CloakOfCasting	EquipmentSO
71caeb6f-0337-43a1-9568-e8161e3091b3	CloakOfFlames	EquipmentSO
e6d0bcd4-2fa9-46f9-a419-bd80a68b3d7b	CloakOfMentalism	EquipmentSO
d037d4db-b0f7-4df9-8c64-d3916839c5b7	EnergizedCloak	EquipmentSO
b15569e4-f850-4f60-a3ef-f04b0f0ef58f	HeavenlyRobes	EquipmentSO
463ac963-6cc9-4558-89fa-b02345f2387a	MetalClasps	EquipmentSO
428950a0-e869-4674-96b9-9d171fccba1a	RobesOfConstruction	EquipmentSO
6f5c000c-bfdf-413a-b6d4-72f823288ede	SpaceCloak	EquipmentSO
a47814da-85ba-422a-be2e-71672c02d96b	Ambiator	EquipmentSO
7a2f4161-0ed6-423b-ba9c-3fe1c97b5d99	BlastStaff	EquipmentSO
f03c3709-57d6-4167-abf1-4e16b44025c5	CrucibleStaff	EquipmentSO
8d0da536-007b-4920-ab05-fa5c4cfec953	FundamentalWand	EquipmentSO
bd1cd17c-c3e7-4a1c-9384-ea1bac68f55e	RhythmRod	EquipmentSO
12102214-e33d-478b-a1f7-794940a6489b	ScholarsWand	EquipmentSO
7b39fa02-aaf5-48bf-a5e7-7ce1d54f82ab	StaffOfDuplication	EquipmentSO
8a39edbf-73d1-4ff9-bc01-f385a1b79b42	VoltaicStaff	EquipmentSO
1f57c04b-8b34-4304-a038-4e7b943c9403	AllEquipmentType	EquipmentTypeSO
ec02ffa1-f5fe-459b-b5f3-d6610eec5631	AllEquipmentTypes	EquipmentTypeListVariable
1a1d55b9-f079-4e79-8ee6-c1b9c7705e12	AmuletEquipmentType	EquipmentTypeSO
94f8e6a0-9e0b-49ea-810f-483bdb434aef	ArcanalEquipmentType	EquipmentTypeSO
67d6e54e-4345-4652-8693-bd184d43ea49	ArmamentEquipmentType	EquipmentTypeSO
dca63d1d-ca3f-418c-924d-12b24d96a45e	BagEquipmentType	EquipmentTypeSO
b5fe7176-901e-4ec3-9982-23e7270a282d	CerebralEquipmentType	EquipmentTypeSO
a0104572-146e-44bb-8919-3f81912adfb5	CloakEquipmentType	EquipmentTypeSO
88e98fb2-9fab-4709-94a4-02e2af7f1507	ConductorEquipmentType	EquipmentTypeSO
c475e8e8-b5f7-4b2f-bb24-d3dad2b5aa6b	CracklingEquipmentType	EquipmentTypeSO
e7b04da7-9ffb-4436-96fb-7ce2c82961e7	GloveEquipmentType	EquipmentTypeSO
4ec03d19-3df7-4ea2-bfd6-616f807c5383	HolyEquipmentType	EquipmentTypeSO
2e7f9045-8a00-4f05-b76a-584da462decc	RingEquipmentType	EquipmentTypeSO
812882a8-a2ab-40f6-97d0-7f58d36682ac	RunicEquipmentType	EquipmentTypeSO
b055a3db-639f-455a-ae21-c81e6ccf95aa	SearingEquipmentType	EquipmentTypeSO
52d95713-7598-41fb-947f-2ac32f9d9589	ShaperEquipmentType	EquipmentTypeSO
ecdf4970-3c41-4597-aa51-99a8853afdcf	StreamingEquipmentType	EquipmentTypeSO
e9990507-98c6-4470-9d1e-a04c3a4cdfd4	ThaumuicEquipmentType	EquipmentTypeSO
bdea621a-3bfe-4e52-ab86-61449a35834a	ToolEquipmentType	EquipmentTypeSO
2ef34c8b-e2af-414a-92c3-692a0f308656	WildEquipmentType	EquipmentTypeSO
95430970-2b79-4ea3-bb37-c782194524b2	CursedGauntlets	EquipmentSO
abd7837a-415e-42a0-98ae-16d0c6e3a186	DarkRage	EquipmentSO
3ab5fc9d-88d6-4665-97fc-30329ce9415d	GlovesOfPrecision	EquipmentSO
02c64c96-de30-4e73-bafe-5f454bb58a66	PsionicClasps	EquipmentSO
ab18e539-4f90-4b90-98af-37a8c5113d24	SpecialtyGloves	EquipmentSO
11305964-1e58-4dfa-8c30-4770203f7e3f	StaticGauntlets	EquipmentSO
51b6e5e2-d4a5-463f-bd00-479a2d9b8860	VerdantGloves	EquipmentSO
ecdb1b43-5721-4a95-9a4e-e9ff5629f015	WeightedGauntlets	EquipmentSO
3d88faf4-976c-4a86-a3bb-ce2c1ab8905a	AllEquipment	EquipmentListVariable
92295e0e-cb04-4557-a9f1-cc098ee9d482	ArcaneBand	EquipmentSO
d121a3de-3e40-436c-8bf7-c8245f2f6ab8	CognitiveCord	EquipmentSO
fb3afcb5-cac6-41e0-b0c5-74974aa80fa1	DimensionalBand	EquipmentSO
60ca5bd9-4e5f-4552-9ba9-a23beced8406	RingOfPiercing	EquipmentSO
eecc08df-7ab5-453a-9f70-3b8c53a381b5	RingOfQuaffing	EquipmentSO
0e48e938-0546-48e7-b73c-d5aeeb9e3589	StormCharger	EquipmentSO
0c92e86c-5085-4979-998d-50c20f340d09	WildGemstone	EquipmentSO
fd47b59c-d407-413d-a066-07fd1d5fa5df	ZealotsRing	EquipmentSO
5f3ec919-20c7-4fd2-9315-347287c8b891	AlchemistsRune	EquipmentSO
6a342def-4349-448a-a356-881b99004060	ArcanistsRune	EquipmentSO
9c22d05c-d6af-4d1f-8e6f-a33b7248467c	ArtificersRune	EquipmentSO
e08d7062-2208-481d-b157-d341f330d83c	DimensionalRune	EquipmentSO
e6f1bdde-a928-48b5-b5aa-5a29e076cd46	DruidicRune	EquipmentSO
5470143a-bd25-4c6f-a733-240487ab620f	FlameRune	EquipmentSO
dd6a5b20-4bd4-4700-9589-c4a13fe685b0	MysticRune	EquipmentSO
5971ec19-2634-45cc-bca7-921902fac692	RuneOfRunes	EquipmentSO
dbcfd577-c34f-4fbe-ab68-f8369f9e3cb1	ScholarsRune	EquipmentSO
c735a31f-cfae-44da-a0d1-2b1c497f7b71	StormshapersRune	EquipmentSO
df1749e2-a8cd-4e4e-8475-b126fa8dff65	ThaumuicRune	EquipmentSO
abc35d84-e367-4cbb-a5d3-d5892b44fa31	AnkhOfSummoning	EquipmentSO
c21a6f9a-8eb7-44bd-8cfc-c281f211a6d2	BrewingRod	EquipmentSO
d426666d-a0c4-45c3-9ac9-1fedd1beecf8	ConstructorsHammer	EquipmentSO
f0cfc487-4365-4e1f-8c91-89ae0aa092f0	PhilosophersCatalyst	EquipmentSO
e5894166-c987-4bda-9c4f-be9518cdff98	PsychicBanjo	EquipmentSO
a1c340c2-ab55-4a91-9f66-6bcdd7802ac3	ReplenishingCask	EquipmentSO
86149a1a-d7b9-40fa-a948-36517488f676	ShapersMask	EquipmentSO
04533436-c2a4-46d5-b16f-5725e270ce12	SpeedCleaver	EquipmentSO
81894d9f-4e91-43da-9f47-2a97d77a2294	Brew	GlyphSO
9f59d7c1-57dc-4f53-8afc-2891b91bef98	Enchant	GlyphSO
c9b8a420-606a-4439-884e-720f1c4473c8	Herbalize	GlyphSO
27c0102a-2c19-4bca-b62f-cae98323b0b1	Refine	GlyphSO
c5fccdef-0e64-4324-8287-71d4bcbfa76f	Transmute	GlyphSO
0813deee-cb53-4cf0-8f45-6b48b7c43595	Blooming	GlyphSO
73d68f65-e973-4b02-a76f-c1e177140bb2	Arcane	GlyphSO
cd38cfe0-14d9-44be-9621-de4b6874449b	Dragon	GlyphSO
7d164e00-5eb8-42af-b718-79e0a5b8c5ae	Expansion	GlyphSO
1ce0c1ed-35f1-45d3-8151-4e988a52c101	Flow	GlyphSO
424fc61a-8a6a-4f33-82b7-189f3a12a14b	Nature	GlyphSO
81711a04-368f-4289-a794-9b75b289ba92	Psionic	GlyphSO
774560f2-8f4f-4c41-bcf5-06c27f4fc2c6	Storm	GlyphSO
5e253bb8-7f4a-47bc-b9de-12473a31976f	Amulet	GlyphSO
46dcd428-8777-4595-8864-9945a886baab	Bag	GlyphSO
7739d38d-f56e-4b14-bcb8-ac50982308de	Cloak	GlyphSO
18aeec4a-230f-4a40-9ad5-6da900e4adfb	Conductor	GlyphSO
7c32c788-ea6b-465b-b0aa-1b347130441a	Gloves	GlyphSO
e29cf574-b11e-4dfe-af9b-daa630846622	Ring	GlyphSO
8123dad1-1e82-4b83-9f1a-a6b1d99e3762	Runic	GlyphSO
db622a44-7a63-41c4-aabf-6ed8d633151e	Tool	GlyphSO
9df42ea2-dcfb-4383-84cf-b3dd795f860f	Weapon	GlyphSO
e9d91b70-a2d6-4040-b241-53eabb57206b	CoreAlchemyGlyphs	GlyphListVariable
0f38b02c-b81a-4fcd-9e07-73e09bd38dee	Insight	GlyphSO
59c89af6-e7a7-4e43-a5ef-5cffc6de2c02	AlchemyGlyph	GlyphTypeSO
61ee89dd-f896-4863-b3ff-1d07e7cf8896	ElementalGlyph	GlyphTypeSO
362889fd-803f-4330-a390-c84fd3b91dd6	ForgingGlyph	GlyphTypeSO
51fce088-54b5-4bd6-9428-8d465175e59f	SpellElementalGlyph	GlyphTypeSO
84ada150-5b75-4b85-9c6f-e80dda55d9c8	SpellManifestationGlyph	GlyphTypeSO
2bde810a-fd00-42ff-8e68-8272e60e6cfd	ActiveActionType	HarvestActionTypeSO
f1b45d8c-6f93-4a9b-a4f1-d989104832ee	DevelopActionType	HarvestActionTypeSO
9fa34634-2aff-45c0-8a90-1cf77847618b	GatheringActionType	HarvestActionTypeSO
eeaa8aa3-d0a8-41be-abc1-eb176c96bee8	HarvestActionType	HarvestActionTypeSO
149b723d-3c88-4076-aac6-a907439b414a	MiningActionType	HarvestActionTypeSO
8fa63f5f-2988-435d-879e-0673a888f8a3	UtilityActionType	HarvestActionTypeSO
6369e602-51be-4a4f-8d12-e298a081c886	WeaveActionType	HarvestActionTypeSO
eef07b97-fd75-49cf-906c-c437eaaa640b	AlchemyDismantleInstanceScaling	InstanceScalingSO
b3f34fda-feff-4d4a-87db-740b8f772082	AlchemyInstanceScaling	InstanceScalingSO
362b51ea-eee6-45ea-8fd3-c2f8484b1c0d	BrewingInstanceScaling	InstanceScalingSO
47777914-428b-46ac-a12c-7a95ba9c70cf	EnchantmentInstanceScaling	InstanceScalingSO
afabf1ff-84b2-4282-8bd3-8cb83d863d7a	EquipmentExpInstanceScaling	InstanceScalingSO
90d4d943-c4d5-478d-bcbe-bf5207e3840c	EquipmentInstanceScaling	InstanceScalingSO
87816f05-f579-4be6-88a5-d9ac3ffde06e	PlotNodePassiveInstanceScaling	InstanceScalingSO
53691c41-2d86-4b30-bbdc-6ae35402152a	PlotNodeSpecialOnlyPassiveScaling	InstanceScalingSO
e36a413f-0522-4344-9abb-9b912d19d016	DiscoveryListNames	LocalizedStringSO
d4b73913-68ff-44e9-84c1-329cdbf9eca1	ImportExportText	LocalizedStringSO
b82bf5cd-6d21-4ea6-b816-5178c54d5abb	AgromancyAdvancement	ModifierListVariable
b6fe6f22-932c-4580-8861-9583a39d108c	AlchemyCost	ModifierListVariable
c3bf4972-2cb2-4db1-84d6-3e9d2d08695c	AlchemyCostNoSpeed	ModifierListVariable
69e01da7-cf23-48e1-897f-9df417730400	BuildTimeScaling	ModifierListVariable
2113db00-c1d4-4d61-bbba-7bf5c91a85c2	ConsumableAdvancmentXp	ModifierListVariable
64cee5bd-6412-4fb6-9d45-73c5a0a6a583	DiscoveryTreeCostFlat	ModifierListVariable
0e9ba47b-bc04-479b-8194-ab407382711c	DiscoveryTreeCostInfinite	ModifierListVariable
4eb22f5b-a192-4379-9fe7-e5d810591d65	DiscoveryTreeCostInfiniteLarge	ModifierListVariable
3e688c17-c884-4617-bb5e-1a40e2bf078d	Empty	ModifierListVariable
700ecc40-10b0-4018-a307-2f6331402d17	DiscoveryTreeCostReduction	ValueModifierVariable
2b34879d-68a6-4e04-b602-ffb1f183325f	GlyphLevelCostMod	ValueModifierVariable
84094552-4b5f-4c44-85ed-31610a76dabb	ScalingAura	ValueModifierVariable
be508128-1ed3-49a5-baa7-d4eb2d82dbfd	ScalingAuraBoosted	ValueModifierVariable
693b23ae-c2c6-4c5f-a4ae-ec9176e10ed3	ScalingAuraModBoosted	ValueModifierVariable
020249bf-53e3-443a-afeb-76f4437c692f	ScalingBase	ValueModifierVariable
23d48f24-2e50-4381-8543-0491aa5eaec3	ScalingInfusion	ValueModifierVariable
75748d3f-a7ee-44fa-8714-07cda005bb7e	ScalingMaxQuantity	ValueModifierVariable
b51a524a-c326-4cae-be06-1f78bbc4a4da	ScalingMaxQuantityMajor	ValueModifierVariable
fbfe1194-1a83-41a4-8849-8d92c894f6e7	ScalingMaxQuantityMinor	ValueModifierVariable
2fb1c5a4-0736-4b55-8b93-8528153632cd	ScalingMaxQuantityTiny	ValueModifierVariable
131a9925-018e-44cf-a9e1-c705cf01535c	ScalingMinor	ValueModifierVariable
8b6f4a76-5b65-4c4c-8091-112c6ce5249e	ScalingQuality	ValueModifierVariable
304ca62a-3840-48b4-b296-293f75f10c55	ScalingReinforcement	ValueModifierVariable
b788a3bd-d785-4481-9af9-3ed41857845e	ScalingSpeed	ValueModifierVariable
a5cf4748-27c8-4d59-9013-cc11331e8e56	ScalingWorkshopAura	ValueModifierVariable
0058a704-e359-44dd-b606-1a6b500893ce	ScalingWorkshopBase	ValueModifierVariable
e2ca3fde-7b0a-41c6-b1b7-e8307a7d8da1	ScalingWorkshopCapacity	ValueModifierVariable
edf905e1-fd36-456b-be7b-bc731be1f044	ScalingWorkshopQuality	ValueModifierVariable
9eaff5c8-ad10-462e-9437-b24f47acd9d4	ScalingWorkshopSpeed	ValueModifierVariable
d857271f-c9df-4eb1-84ac-809e1eb57ee1	ScalingXp	ValueModifierVariable
ae722ceb-75fd-4177-9ef4-08bb710cf27b	ScalingXpBoosted	ValueModifierVariable
becde85b-c2b1-4bea-9949-037a1c47a589	Scaling_Beacon	ValueModifierVariable
8f75dcce-5bb4-4963-9e94-69bfcec1e820	Scaling_DruidrySize	ValueModifierVariable
6616da3e-7e89-4666-bd34-2710ee97c953	Scaling_Tend	ValueModifierVariable
14c72e51-669c-479e-adbb-c3c13d40b12b	Scaling_UrnOfExpansion	ValueModifierVariable
5d54937e-7945-4c0c-83cd-4c64b280b57f	Scaling_UrnOfHolding	ValueModifierVariable
6cf53d69-aa02-4c28-bdb1-38ae896206a0	StructureCodeModReinforced	ValueModifierVariable
a25a38da-862c-4715-a549-29943e5a04b4	StructureCostModBase	ValueModifierVariable
92c437e8-00a0-43af-8e70-4586537d9e4d	StructureCostModWorkshop	ValueModifierVariable
8c50dcbd-0c57-4c64-9867-54fd287743b0	TimeRuneLevelPower	ValueModifierVariable
5487e3cc-d458-4762-a544-a002c81a9d83	ResearchInvesmentSurplus	ModifierListVariable
a63d38a1-016e-46fb-b9f7-4702f76573b3	ResearchInvestment	ModifierListVariable
998b74d7-c9f9-4abb-923f-b7950439bb20	ResearchInvestmentExpert	ModifierListVariable
043d6b17-c28b-4d57-8e7f-4d8ed6f28791	ResearchInvestmentTechnology	ModifierListVariable
088c324c-e283-4081-b153-5cfa179b4365	RitualCompletionCost	ModifierListVariable
dabfb0b5-e35b-4682-b176-245acfdfc1e2	RitualWeightLevel	ModifierListVariable
ab7f06df-4703-4496-9ee6-a7e8d79d006a	RitualWeightWave	ModifierListVariable
ea244f06-7a74-4b90-99b9-aea4f7093034	ScrollCostScaling	ModifierListVariable
843051c4-ee18-4542-957d-f9fd380ac1ac	SpellCooldown	ModifierListVariable
79480311-4617-458d-b9b1-7fe93332d9ad	SpellLeveling	ModifierListVariable
da6a37ec-9be7-4434-abd1-c2e3ddab80ee	SpellMasteryXpScaling	ModifierListVariable
a9e4e298-c96f-4ac2-bf4a-d7e61c2807e6	SpellTypeXpPerLevel	ModifierListVariable
4288498f-2fb9-4a1a-a7fb-cf402dc7c4bc	Upgrade_Imbue	ModifierListVariable
d2cc2da4-4384-4d6c-8c5b-ac55da10b12e	Upgrade_InfuseOrb	ModifierListVariable
22da2a76-f9d0-4fc5-9235-ee58dc598fce	XpOrb	ModifierListVariable
4f426c41-62ae-4540-8f2c-d4282e1b4341	XpPage	ModifierListVariable
89ee0c7e-a9ed-41e4-95fc-a97c5997b989	XpRituals	ModifierListVariable
5452c21f-26ac-4c68-ad3a-59eee50d3954	BeyondTheEmptiness	MusicTrackSO
b14b178d-3f7f-462a-9069-a4016d97760e	BreakingThrough	MusicTrackSO
b5750bba-18a0-454d-a963-49869d196e21	ConjuringTheElements	MusicTrackSO
930e5de3-5680-467e-978c-a4a3f6856280	CreatingTime	MusicTrackSO
16b555ff-3212-4e27-9255-d2a9431602d1	ExploringTheDarkness	MusicTrackSO
1bd28a9b-663e-4d94-8cf1-8ff5b2fc8df4	NotAllIsAsItSeems	MusicTrackSO
c65f0991-5359-483b-a6b4-7aaeebdc85ba	TheVoid	MusicTrackSO
ceb8fd0c-dc70-4c09-bb39-04c01d57bfde	CoreTracks	MusicTrackListVariable
cd79034d-f5f7-46e7-b8c8-e7055a3a6f1e	AmbiatorPassive	PassiveAbilitySO
c5492ddd-3c50-4df5-8036-f72f2bbef649	BlastStaffPassive	PassiveAbilitySO
53c4279e-3043-4414-8866-65608967ee30	CeremonialDaggerPassive	PassiveAbilitySO
bd6b09ee-dfb3-472a-b48b-209848376519	CogntiveCordPassive	PassiveAbilitySO
4fc00b7c-2920-4131-a2bd-ca1e2efe5492	CrucibleStaffPassive	PassiveAbilitySO
a30cb9c1-04ff-443f-b514-61963c90b2d3	EssenceAmuletPassive	PassiveAbilitySO
b7174f6c-cd8b-44d9-9175-44d6486337d6	FlamesBanePassive	PassiveAbilitySO
396a3c5d-1d4e-4fa5-8079-3b2ac625cd80	HellishReaverPassive	PassiveAbilitySO
613665e3-78ea-4e17-bf7e-ff72244f29c2	RhythmRodPassive	PassiveAbilitySO
2f185f2e-9204-49fd-a0af-95f976dfef95	ScholarsStaffPassive	PassiveAbilitySO
2f22a8b7-ae42-4dfa-85f6-0d1456b47e4f	VoltaicStaffPassive	PassiveAbilitySO
414d5f1c-335b-4426-bcd1-d74fdd436bfa	AbsorptionTokenPassive	PassiveAbilitySO
306377c5-a9f1-42e3-b4be-6077cad210d4	AcceleratedTokenPassive	PassiveAbilitySO
196cc6f4-a8ce-4670-a6f0-06f3b07e6ac5	CursedTokenPassive	PassiveAbilitySO
e866c5ef-57c5-497c-8fd1-f23cd144bab9	EssenceAffinityTokenPassive	PassiveAbilitySO
7858282b-3379-4c07-a92a-44e2f189ef3b	FocusedTokenPassive	PassiveAbilitySO
b8377b33-5a4f-4e5c-9fe4-218e8535f2f3	FuryTokenPassive	PassiveAbilitySO
b8b68629-0011-40b6-9db4-6a4060cc0c6e	HastedTokenPassive	PassiveAbilitySO
6c8a6548-5efa-4eb5-bb2e-91271cb4333d	MentalAffinityTokenPassive	PassiveAbilitySO
4fc74286-cf5a-49f4-a057-069c1cbab2fe	MomentumTokenPassive	PassiveAbilitySO
1df5dce3-0a27-4227-8c83-d0117fcc1523	RestingSpellsTokenPassive	PassiveAbilitySO
2e5b6254-7f3e-4884-a086-92a20b475a44	StaticTokenPassive	PassiveAbilitySO
ea51fbc2-c1dc-4074-b0db-951ce68130f1	ShinePassive	PassiveAbilitySO
e7bfe352-b0e3-4e33-8232-333150b75b9c	SurrenderPassive	PassiveAbilitySO
7c419dcf-ff93-45f2-b09b-ab4dac425b04	AccumulatingPassiveType	PassiveAbilityTypeSO
9d2d6123-b883-4442-848b-45dd44bbfc47	ChargingPassiveType	PassiveAbilityTypeSO
34509658-1e6e-4cfe-802d-1bf2df202833	EmblemPassiveType	PassiveAbilityTypeSO
79523bfe-593f-48be-93a3-d2b7fb6fa398	ReactivePassiveType	PassiveAbilityTypeSO
41fc6558-e794-48c4-a29d-bc15d76118e8	StagnatingPassiveType	PassiveAbilityTypeSO
62cb9a91-acd1-4ec8-9919-28f1feb4fa73	PNACraggySpireEnrich	PlotNodeActionSO
3c058189-44aa-41ff-97a6-dc11f9b4d376	PNACraggySpireMelt	PlotNodeActionSO
8d47d7d6-a75b-4562-a710-29dbf4eae854	PNACraggySpireMine	PlotNodeActionSO
8c09c905-1503-414e-abd8-7b35f4b8120a	PNADarkThistleEnrich	PlotNodeActionSO
af2b57d1-f191-45c2-8ee8-4e589c2858a2	PNADarkThistleGather	PlotNodeActionSO
63462169-a614-4132-8212-62b35a843673	PNADestroy	PlotNodeActionSO
ee304ff1-7e81-4e5f-9ad9-5b2b832b31f6	PNADreamberryEnrich	PlotNodeActionSO
71c5d7f0-ba58-409f-8fa3-edf7594cd3f1	PNADreamberryGather	PlotNodeActionSO
7bb2c5a9-2f01-41bf-bc32-b0e0a3022fa6	PNAElementiaSpringEnrich	PlotNodeActionSO
0eee2eeb-65e5-4e27-98c4-6c19eaf4b8b3	PNAEmptyPlotPlantAcorn	PlotNodeActionSO
9f11a047-5533-49d6-8031-456cb195deca	PNAEmptyPlotPlantSeedling	PlotNodeActionSO
f3e221fb-dddc-4219-98a7-839f94c759bc	PNAEmptyPlotShapeLand	PlotNodeActionSO
7c440820-5b9b-429b-9194-a0f68018f538	PNAForceTreeEnrich	PlotNodeActionSO
4a7683d8-1667-4754-9d63-e4f9abce3c1d	PNAForceTreeGrowTreasure	PlotNodeActionSO
4ff4d6f0-3e60-4a94-88ba-87464fbaefc6	PNAForceTreeHarvest	PlotNodeActionSO
04bd5335-5741-403b-8328-75a055a42d36	PNAForceTreeImbue	PlotNodeActionSO
bac1d489-6b7c-41a2-b00e-f1502e5e3ed0	PNAForceTreePeel	PlotNodeActionSO
60ea60a2-44e9-41c2-86d6-3935fae0b647	PNAFruitTreeCollect	PlotNodeActionSO
c98854f4-439e-4ee7-b29b-684204a676bc	PNAFruitTreeEnrich	PlotNodeActionSO
15d92d13-ef8b-44d9-b18c-1deb8d965492	PNAIronwoodTreeEnrich	PlotNodeActionSO
c93a58c9-e88f-461b-8686-c46554d27b64	PNAIronwoodTreeHarvest	PlotNodeActionSO
5a970b21-f75a-45df-86ad-2481551c5fe1	PNAMagebloomEnrich	PlotNodeActionSO
93ca943d-59ad-4d5a-9fa2-4e5b3f3c63e3	PNAMagebloomGather	PlotNodeActionSO
d5b8bf7e-bda8-4c9c-8dd6-abdac6e4c79a	PNAOakTreeEnergize	PlotNodeActionSO
a8cbd47d-d5a9-4097-9111-5fda9a47fd00	PNAOakTreeEnrich	PlotNodeActionSO
ce8f1a13-1a64-4c96-8c95-f19e3a9e4974	PNAOakTreeGrowFruit	PlotNodeActionSO
7169bd64-980d-4ac5-ac69-428979dbd6f8	PNAOakTreeHarvest	PlotNodeActionSO
3adc0b89-8ff4-406e-b1da-c584caffed82	PNAShapedLandCreateCraggySpire	PlotNodeActionSO
6d9ef9f9-8f75-408d-b6ea-d56808dab171	PNAShapedLandCreateElementia	PlotNodeActionSO
256b2794-4915-4b6e-9516-2c303c953262	PNAShapedLandCreateSpring	PlotNodeActionSO
3eb68f6f-c2f2-405a-88d2-e5c80345aeb4	PNATreasureTreeCollect	PlotNodeActionSO
061d85e1-f719-48e9-9621-fe7656e589c9	PNATreasureTreeEnrich	PlotNodeActionSO
49d2aaff-dccf-4fe7-9808-c6f111e87958	PNAVoidMossDarkThistle	PlotNodeActionSO
a9a9e275-8fe2-4cbf-9bbc-74dcecfce582	PNAVoidMossDreamberry	PlotNodeActionSO
3abd77a1-0128-49e7-9e43-71c515f5dd2c	PNAVoidMossEnrich	PlotNodeActionSO
4192d0ea-146f-4d1e-b9e6-3cd029a0bf5e	PNAVoidMossMagebloom	PlotNodeActionSO
3fddff69-4405-4eb4-8e0f-3fd5dc7723d0	PNAWaterSpringEnrich	PlotNodeActionSO
d51ffa89-fc3a-48ed-bb08-e92450aee01f	GlobalNodeType	PlotNodeTypeSO
fe093f5e-c083-40e6-9efc-756cc38bad6e	GroundNodeType	PlotNodeTypeSO
bf806d41-a2e9-4594-adce-b3162e6897d1	HerbNodeType	PlotNodeTypeSO
965ce715-1acf-4202-84b7-d24b72d35539	PlantNodeType	PlotNodeTypeSO
2b862343-465e-4fe9-ae90-6d5f92be61f8	SpringNodeType	PlotNodeTypeSO
1b7e92c4-6e22-44a7-9fab-4452ef8dffe7	TreeNodeType	PlotNodeTypeSO
acba511b-f079-4ea8-9ad7-3d1f34af5346	PlotCraggySpire	PlotNodeSO
32710595-435c-448a-92d3-b397c1e9c445	PlotDarkThistle	PlotNodeSO
14060ec2-d00f-4c47-85e6-cf3f8cc6d426	PlotDreamberry	PlotNodeSO
66ccdd01-718e-454a-a571-94f79f16ee2c	PlotElementiaSpring	PlotNodeSO
1bb365b1-718b-4cf7-bf2d-39f04a58daf8	PlotEmpty	PlotNodeSO
8f8713d2-c16f-4982-9513-82b4674ccfce	PlotForceTree	PlotNodeSO
6782dd13-e229-4385-a1aa-8ed86e6ea1ed	PlotFruitTree	PlotNodeSO
fc9aec20-c08c-4300-934a-a1c4346a288d	PlotIronwoodTree	PlotNodeSO
291d0899-c13b-446f-a9b8-a30db1f7d747	PlotMagebloom	PlotNodeSO
1dee6e10-2b08-4233-94a4-bf66be8088c1	PlotNodeShapedGround	PlotNodeSO
2163ef0f-4a6c-426d-9137-2faf64067ce2	PlotOakTree	PlotNodeSO
2d41cfc1-bffa-43b5-b3a8-5e4d5ad85434	PlotTreasureTree	PlotNodeSO
5a66daa3-6ff4-4002-a052-a3d0bf4e33e5	PlotVoidMoss	PlotNodeSO
f05fdf45-c1fa-4fb6-b5f3-5b4be6531d90	PlotWaterSpring	PlotNodeSO
aa6e6de4-6e61-4917-9cd8-c827d66e83c4	AgromancyTiers	PrerequisiteLinkSO
dcebc928-5521-48bb-923a-c12092f25dc6	AlchemyTiers	PrerequisiteLinkSO
6eff2b50-ae3e-48b6-92fe-1e89c7a5f32a	AmberUnlocked	PrerequisiteLinkSO
c7c99956-f24b-4bed-a9ed-0e05cdb21fa0	ArcanistTiers	PrerequisiteLinkSO
21c6dfcb-a0b7-40e1-a10e-a40a5688fc59	ArtifactTiers	PrerequisiteLinkSO
881d2ddf-a2a4-4668-b9c3-338ae1ffb2b6	AutoPurgeUnlocked	PrerequisiteLinkSO
e22f06b9-ba75-4c72-b8e5-b3051a8dd84b	ConceptTiers	PrerequisiteLinkSO
99d7942c-d767-4f68-ba6f-c3cbecb86647	CraftingUnlocked	PrerequisiteLinkSO
875e48a1-b77f-4b4d-9f90-f7d370b1599f	DruidryTiers	PrerequisiteLinkSO
359345d8-87a4-46e4-846f-ded52a54dda1	ElementiaUnlocked	PrerequisiteLinkSO
568ad1b7-4416-4cf4-863e-3271ab38ded5	EnchrichingUnlocked	PrerequisiteLinkSO
ccebc458-9868-4f3c-ba4a-100dfc05c47d	ExpertTiers	PrerequisiteLinkSO
bebc189a-8811-41bc-92d6-82026eb9b0e6	FlameweaverTiers	PrerequisiteLinkSO
665cf03d-b1c2-451a-9f9d-b3dd41236207	HerbTiers	PrerequisiteLinkSO
1b128968-0672-4a9e-8792-06aa78bc1244	InnovationTiers	PrerequisiteLinkSO
b4505524-ad2f-4a5a-9d28-df0c30937748	InventoryUnlocked	PrerequisiteLinkSO
42640d6e-0c38-4dda-903c-68eecfbb0a6f	MiningUnlocked	PrerequisiteLinkSO
b5509de2-4c96-4e66-9a20-b4eb1557a912	PotionsUnlocked	PrerequisiteLinkSO
1d995542-b485-4f0f-af3e-2875b872c623	ReinforcementUnlocked	PrerequisiteLinkSO
924308a0-5faa-4e2b-af30-8d22367ac6a1	RitualsUnlocked	PrerequisiteLinkSO
f0dd5f1c-2bcf-445b-b890-b5b0b59d1ea2	RunicUnlocked	PrerequisiteLinkSO
5617c333-638b-4905-a90a-f5dbc8e46688	ScholarismUnlocked	PrerequisiteLinkSO
37d19c63-b4fb-47dd-94eb-e0dcad44c400	ScribeTiers	PrerequisiteLinkSO
6283cf94-2722-4a67-a27b-5d544bbfb876	StormUnlocked	PrerequisiteLinkSO
850f26db-3469-42dd-a703-d2aac096fa9e	TechnologyTiers	PrerequisiteLinkSO
3479146d-bf6c-49f1-b6f4-c0949e759636	TimeResetUnlocked	PrerequisiteLinkSO
1c91d95e-3ee8-4167-aa8a-287ed74a6cda	TimerRituals	PrerequisiteLinkSO
336813b4-c6b7-4dc1-89ca-8ff735f871e7	TreeTiers	PrerequisiteLinkSO
58e11572-bf4a-46a2-9141-7c55d327ff02	WizardryTiers	PrerequisiteLinkSO
fd11353f-35eb-4dd1-acdd-2a95fcd45d60	WorldCycleComplete	PrerequisiteLinkSO
a0ca2120-e4fa-4e5f-99c7-4eedb8227789	BiologicRecipeBook	RecipeBookSO
c4104148-b464-4123-acd0-db63d34d9a2c	BrewRecipeBook	RecipeBookSO
7cb3decf-d33f-4a45-830f-d7eac28d8a2d	DismantleRecipeBook	RecipeBookSO
cbc36142-1138-4630-9c2d-73e63e3743f2	ElectricRecipeBook	RecipeBookSO
ec998a90-f00e-4850-a8f7-750428f2d706	EnchantRecipeBook	RecipeBookSO
68831cb3-86b9-4c3d-9144-292cd9ae91b7	OcculticRecipeBook	RecipeBookSO
6249e81a-3efa-4fa1-935d-b63e214cbc59	RefineRecipeBook	RecipeBookSO
4f7877cd-6cfa-45ef-8246-ee19e5a9b40b	TemperedRecipeBook	RecipeBookSO
8613c5b4-8d15-4bca-9e3d-62a049e00ce3	TransmuteRecipeBook	RecipeBookSO
af77a3ea-f2f7-41f9-9b63-a118a6073a76	ArcaneRecipeBook	RecipeBookSO
f50206f1-3826-445a-9e3c-bdf48b8f7b90	DragonRecipeBook	RecipeBookSO
98b5a31f-3af1-4bdb-b957-b71ad782d474	ExpansionRecipeBook	RecipeBookSO
c6d58acd-0ec6-4243-9eda-c4a49e4484d9	FlowRecipeBook	RecipeBookSO
30cb75e4-a3b5-468d-a960-aeacd87ad0c2	NatureRecipeBook	RecipeBookSO
3280ce1b-8466-4b03-864b-50ffab26ce9a	PsionicRecipeBook	RecipeBookSO
dddfc660-296b-447e-9e1d-fd24fd4d7a44	StormRecipeBook	RecipeBookSO
f666fdb2-059e-4593-a748-1c4a6a9965aa	AmuletRecipeBook	RecipeBookSO
79068800-98f7-4673-a216-f618dbef8bc0	BagRecipeBook	RecipeBookSO
6ef5a261-c7b0-4fd2-b5c4-d0a4230e2cdf	CloakRecipeBook	RecipeBookSO
379d6b29-0202-430d-9597-48a24e8b0605	ConductorRecipeBook	RecipeBookSO
d9a589e7-e005-4425-8fab-80f03697b5d1	GlovesRecipeBook	RecipeBookSO
4d2a6a8b-a291-4b32-8216-292c69e3016a	HelmRecipeBook	RecipeBookSO
55f74b6d-9807-45f2-8302-84de23772dc3	RingRecipeBook	RecipeBookSO
092a8852-1a8f-4a69-a798-77e3849d3c0b	RunicRecipeBook	RecipeBookSO
0c943080-d774-4ef1-a2fc-3dfde5453cb7	ToolRecipeBook	RecipeBookSO
e82c4d40-e40d-474b-9799-888467430c38	WeaponRecipeBook	RecipeBookSO
8b244f18-2904-46ae-b691-dc052b140951	AlchemyRecipeBooks	RecipeBookListVariable
f0ffb3ad-0821-4c7c-8588-4984bccf52ef	EquipmentRecipeBooks	RecipeBookListVariable
fc691f3e-b832-47b8-9f8e-473c05bf51a2	RunestoneRecipeBooks	RecipeBookListVariable
d3b7f764-7c14-4159-b30a-ffd1b631bd0d	CompulsionStoneRecipeBook	RecipeBookSO
1daa9558-b76a-4698-a2b6-76cf7e883585	DeathStoneRecipeBook	RecipeBookSO
90de310b-0fa5-47ce-a96b-0aca6a0c62a5	LifeStoneRecipeBook	RecipeBookSO
10cc56c7-dc8e-4d5d-8734-7a462064a05b	PrincipleStoneRecipeBook	RecipeBookSO
54a7b71e-bc56-4c22-a1ea-147673a684eb	SpiritStoneRecipeBook	RecipeBookSO
a9a4dd71-53cf-405c-b9c3-6d252308fe9b	InsightRecipeBook	RecipeBookSO
064d395a-4667-4bbb-b3b4-91bb03f67ba3	ExpertAlchemy	ResearchSO
5da5820b-0e12-4cf7-9e95-3500cd05c24f	ExpertArcane	ResearchSO
6472030e-e1c8-4bc2-821b-c209350cbb1e	ExpertArtificer	ResearchSO
bf57af7b-8de0-41fb-8c93-77e8b280d38d	ExpertAugments	ResearchSO
d4346f75-3b1f-44cc-b031-f08c62b1187f	ExpertDragon	ResearchSO
c2090beb-ede9-4c06-97b0-5cba6784e7a2	ExpertDruid	ResearchSO
779fcab3-7ac8-4b7c-a96b-fed313a4fa51	ExpertExpansion	ResearchSO
3c898ce2-3283-42e6-9082-6a01d1cf101a	ExpertItems	ResearchSO
698644bc-1cad-4d57-a305-dae7de982fbd	ExpertMysticism	ResearchSO
479693da-23d7-43c0-a7e3-272e55d2c3e2	ExpertScholar	ResearchSO
d057eb7e-9e20-4f98-b35d-3ae03b197897	ExpertStorm	ResearchSO
fcd15239-47d1-41b9-bad0-59826fb41ba4	ExpertWizardry	ResearchSO
4a6b3490-bfcd-4cc6-aa4e-3d1831c6451f	AdvancedMining	ResearchSO
16509db0-f6ce-4a14-a40c-f000d93a8df6	AgromancyElementiaSpring	ResearchSO
c473a9b1-75de-479c-a3b4-e16e3b6297d4	AgromancyTreasureTrees	ResearchSO
2e822d4d-be19-4c02-abcd-a18304b5a6f3	ArcaneDevelopment	ResearchSO
f1c044a7-18e2-488f-aec0-a802e5a9d3d3	ArcaneDominion	ResearchSO
59961b3b-6d55-4bf6-9ea4-4d0e54391db6	Archeology	ResearchSO
310c72dd-0836-43ea-ab48-76c3a7a03ba8	ArtifactGloves	ResearchSO
30cd7c87-f416-45a6-bc29-b18ab6a135bf	ArtifactRings	ResearchSO
dbb7a852-5fe2-4148-961d-2b028b21b09d	ArtifactTools	ResearchSO
9b27c5ea-a8eb-4716-a7d9-16673d65287b	ArtifactWeapons	ResearchSO
b97e5ba4-dafd-4867-9945-05991f480bdb	AscendAlchemy	ResearchSO
cdaffbdb-dcf8-48f4-85cf-2bcdcdebe445	AscendArcane	ResearchSO
c86a5f9e-5ed9-4a1d-baf1-b9595d504b15	AscendArtificer	ResearchSO
8b67e1d7-24e8-45b5-a98d-4af9eb3ef3e5	AscendAugments	ResearchSO
a370cd73-e0a2-4465-bc02-6c84b8d57081	AscendDragon	ResearchSO
b3629370-1e32-4fe2-a4e0-8fbb2bf2845b	AscendDruid	ResearchSO
cfa7f40d-6417-457f-bbf9-30ac9d16484e	AscendExpansion	ResearchSO
680b03c3-57b3-4ef4-9a66-d946cd443351	AscendItems	ResearchSO
8466c2db-f117-4e4f-ba86-1398e497ae8f	AscendMysticism	ResearchSO
105de618-5890-42c1-af31-f081c4edbbc4	AscendScholar	ResearchSO
6eaec92c-329f-4afe-bb64-ef6f2dea7d8e	AscendStorm	ResearchSO
6c40dff9-946e-447b-a395-542fd1bf0bf7	AscendWizardry	ResearchSO
cc94b8bf-2847-4bb1-90b8-3f73e3369abd	AutomatedCrafting	ResearchSO
c82b81f9-facd-4c37-b2c0-21343f16f770	AutomatedScribing	ResearchSO
186d5c32-3ea7-4539-9b47-0e3e9653ec54	BulkDevelopmentResearch	ResearchSO
7dfd3990-9499-4c81-b975-0eb0c1fb283f	AlchemicalMastery	ResearchSO
47c28b6d-1902-4a3f-8cb6-342911936cac	AttunementMastery	ResearchSO
a92ffdce-9d51-47b7-9709-367c7787002b	AugmentMastery	ResearchSO
b4fbec0e-2cfe-4101-876b-11d38c86cbce	AugmentResonance	ResearchSO
c31bbf19-0f6c-4832-881e-2bfbc35609ab	CastingMastery	ResearchSO
2c27d840-c61f-43e8-be28-0518028b3a32	DruidicGeneration	ResearchSO
2fbe8274-5409-49a4-95e8-f6e27c6775ec	ExpandedGlyphTable	ResearchSO
32dee731-bde0-41f7-bb1d-90589854cbd5	ItemMastery	ResearchSO
b9ffcab8-fc13-4c85-8439-4559ac0afaf6	MagnifiedEchos	ResearchSO
43855e23-7ac6-4e01-ac46-e5ec0df03ec4	MindMastery	ResearchSO
dad5d412-662f-4d62-9a0a-5352f2caa28f	OverchargeTechnology	ResearchSO
f114d630-ee1e-4570-8bc5-739d64c4d589	RazorPreciseSpells	ResearchSO
04df5113-13bc-4405-b3ca-4c173b9f70a0	ReplenishingFlames	ResearchSO
a0ab9223-6905-47d7-8c2f-efb7ec803ad2	RitualChaining	ResearchSO
738c43ae-6df7-4a6a-bd2b-078c8f06735f	TechnologyMastery	ResearchSO
ea655424-15a9-485f-af79-6d10266d076d	CascadingLuck	ResearchSO
c064c0eb-df61-450a-8e1e-ed11c639e085	ChaoticMind	ResearchSO
4867ee97-c36f-41b3-a63d-e4b0dfba6d13	ChargedSpells	ResearchSO
57ce5b91-f6c9-421e-bcb2-f1c9da72e696	ChargedSpellsImproved	ResearchSO
7174b699-ae37-46f9-aed6-d4ebf84b7642	CompoundingLuck	ResearchSO
2fc88d26-8529-4395-90dd-a706c21a6fb8	ConstructReinforced	ResearchSO
a171e253-e79e-45bf-900b-abe559df2087	ConvertAbility	ResearchSO
e8d3c23c-3ffc-40a0-80a7-e097f43370e6	ConvertCognitive	ResearchSO
08d1284e-e1aa-44ef-8dd2-7aa8586aa596	ConvertMagic	ResearchSO
d1939c81-6d1f-41e4-bdef-6d53793df086	ConvertTechnology	ResearchSO
2d815783-0995-43f6-8da0-c60fe5ff2b3c	CriticalDevelopment	ResearchSO
b3dac32f-fe13-4e86-834d-b1837a9fe182	DazzlingWorkshop	ResearchSO
8b8d1b58-73b6-4ebb-b605-13f9341301de	DualWieldConductors	ResearchSO
43ed66f1-bf77-4207-9ca3-bcd26d1f0959	DualWieldRunes	ResearchSO
8f6650be-1516-408b-bd31-7654ffc789bf	EmpoweredEmblems	ResearchSO
3a533209-918d-4ff2-9352-bbcdaab170d7	ExpandedGlyphTable2	ResearchSO
395c806b-4cff-462b-bdd2-0233f8e1883e	GreaterAttunement	ResearchSO
92305a20-4bec-49d3-9e56-c8b78065e8b2	GreaterAuras	ResearchSO
acca6fce-f198-49c0-8506-54d1be23f73a	GreaterBrewing	ResearchSO
0ad5d9b6-0beb-4e9a-a4c3-b1ef3652404d	GreaterCasting	ResearchSO
0578693a-93d3-49c7-bbeb-a0ea07f147f0	GreaterCombat	ResearchSO
6386ef09-ed57-41b0-9654-b589f94cd3c4	GreaterDiscovery	ResearchSO
36ffdd61-3b8a-4353-8246-b122daf4cd54	GreaterDurations	ResearchSO
d4a991c8-c60c-48d9-87bd-cc9c8d3ccfe8	GreaterLaboratory	ResearchSO
43f61b80-da78-4ef2-b360-23ee78e078f5	GreaterLearning	ResearchSO
30beca7f-a179-4e5c-a671-d413813aa676	GreaterMentalAcuity	ResearchSO
eaf5559b-6ecf-4497-9f6c-3e3a88cfe071	GreaterMetabolism	ResearchSO
b335239d-b7b9-4ada-adf5-347c09e3e28c	GreaterPsionics	ResearchSO
55c7a4e6-b54a-4fb3-a815-283c829d19ce	GreaterRest	ResearchSO
4911abaa-8b00-4590-9482-a223a7902f12	GreaterSanctuary	ResearchSO
c4925287-b91d-4bc0-bd52-816426793cae	GreaterSpace	ResearchSO
6c07bd2a-4b5c-4b9a-a0cd-86f1aca16aa5	GreaterSpecial	ResearchSO
59f8cfb0-7de6-4391-a570-318876d55b45	GreaterSpeed	ResearchSO
f1163b73-9628-4ed4-ad40-dd1a60674e8a	GreaterSpellCapacity	ResearchSO
d14207e6-8c90-4fa4-9d48-f97e75d46d5c	GreaterStockedCasts	ResearchSO
242ff3b2-1f02-4d3f-973f-02111425e92b	MysticRally	ResearchSO
8a331206-e910-445f-8f9a-73fcbaae7823	Overgrowth	ResearchSO
465e8798-a802-4d44-b9c8-fe47fbb80380	ParallelAgromancy	ResearchSO
7be9c0df-3d16-4d66-86d1-a40c339df583	ParallelBrewing	ResearchSO
3faf894b-408b-4a7a-afb2-b4835a0c3242	ParallelCasting	ResearchSO
1d19d8f7-20ca-4255-b700-6defcc57cf79	ParallelCrafting	ResearchSO
3a9ff40d-cffb-4276-85b6-37a3baa751ba	ParallelDismantling	ResearchSO
2d026016-9f42-4088-be67-b868e164e876	ParallelMinds	ResearchSO
69dd4f5d-9264-4308-905d-e144d01c7d7d	ParallelScribing	ResearchSO
bf5ebbe3-817b-4464-97ad-57abfb1eb4a1	ParallelTransmutations	ResearchSO
f7a2991e-b23a-4aa4-a3f3-4d3ee7f6f227	ProlongedRituals	ResearchSO
0b1f7ec6-33b4-49ed-935e-dc15ce1f53c0	ReflectiveStagnation	ResearchSO
b9b854b3-901d-452b-9b3a-86e0f05c4130	ResearchArcane	ResearchSO
22241a8c-a098-4517-a2ef-1102db7c7183	ResearchElectric	ResearchSO
a19ca626-bdc3-4565-a973-4c5441815591	ResearchEnchantments	ResearchSO
3bcda733-1486-481a-aac3-2237fd8641aa	ResearchScribing	ResearchSO
f1e20146-50b5-4bae-a1e9-1eb85737c875	ResourceDecay	ResearchSO
774310d2-58a4-447f-8df7-2f91311d7c53	RestCognitive	ResearchSO
2cc030ce-f362-4e2d-b624-43b072a09257	RestMastery	ResearchSO
d0ff8d20-b175-4655-966d-c2505c1ad7a8	RestNatural	ResearchSO
722dab56-1339-4ddf-a74b-5b1b4a035e6a	RestSpiritual	ResearchSO
544e8eb7-fc5f-4d88-9a40-3aa50b34d3d1	RitualCritical	ResearchSO
281f4bca-c8e7-45cd-8fcc-f68a481e76d9	RitualCriticalImproved	ResearchSO
142a6282-abc8-415b-aefb-5bbcb3053eb6	RitualEchos	ResearchSO
f4218514-326f-4e65-9f9b-886d83028b79	SlowerCharms	ResearchSO
a59728c5-cd5a-4037-8163-df4c0079d3af	SuperCasting	ResearchSO
8b810bb5-4c03-4e39-ab24-dd7664d7daa8	SuperInventory	ResearchSO
9284a330-4ea4-4c69-a992-191e1a43bdef	SuperMetabolism	ResearchSO
cc2120f0-0f27-4e29-af09-670f88807233	SuperRunes	ResearchSO
d7f1772e-1648-4f11-8ad8-1b41898496b2	SuperZeal	ResearchSO
3a12c6bc-1105-40f0-913e-a6b14aa0811d	TechArchmagus	ResearchSO
99937e5e-37e7-44c1-ac51-3edc87735966	TechBrainiac	ResearchSO
c558a8bb-eb3d-40ff-b9f4-8a4ccbee3287	TechMaestro	ResearchSO
687d7cf8-e727-49b3-b2b3-92db516d0604	ToxicityRecovery	ResearchSO
8b574bf3-3238-423e-9f38-faab7f53b06a	WeaveMastery	ResearchSO
37171f2f-70e0-4f36-9bdb-c9e38489eae3	ZealRecovery	ResearchSO
93df0274-ae1e-478f-9f39-b4fd6adf58d7	ExpertResearches	ResearchListVariable
1da22b5f-ad0b-43a8-8580-46c989d7a69a	InnovationResearches	ResearchListVariable
09f7e375-9d65-41ee-ba77-07b28330cd9d	SurplusResearches	ResearchListVariable
a9b3cd6e-4991-404b-9877-1b2f3910e0b2	TechResearches	ResearchListVariable
0ef6ff35-af5e-485b-b497-db7b1397a3b3	ArtistryResearch	ResearchTypeSO
4a044f76-e489-4d4f-b765-dd113334384c	AscendencyResearch	ResearchTypeSO
bdcc0091-ac4c-47c9-af7d-687a2d2bd6d2	BindingResearch	ResearchTypeSO
fbec4673-49d5-4377-81ed-38e13a1db04f	CapstoneResearch	ResearchTypeSO
732a6647-1064-4cdf-ab0d-f2f6d6659c82	CranialResearch	ResearchTypeSO
9707a8a8-bddf-4dee-83ab-0cfbfd197818	EnduringResearch	ResearchTypeSO
818ea71a-ce45-4027-8774-167f34ca6d89	ExpertResearch	ResearchTypeSO
f19e79c8-d990-406e-8b0e-2e75256cf27d	InnovationResearch	ResearchTypeSO
def47b93-a1eb-4d59-b51f-c0fffc452ec0	NovelResearch	ResearchTypeSO
2d15b7cd-6c7e-468b-ad1d-1224857d1ea6	SurplusResearch	ResearchTypeSO
86c147fc-de85-4867-9c48-e8711d50a797	TechnologyResearch	ResearchTypeSO
9d18cdb3-c9a1-4b1f-8010-24558a26567f	ImprovedArtifacts	ResearchSO
48a1e2ae-aceb-4bf2-936d-417703435481	ImprovedAuras	ResearchSO
21628be0-4377-4b13-b28c-171ab29324bf	ImprovedCasting	ResearchSO
6ec1ed43-08ce-4c9c-9868-76fe00b2f134	ImprovedCharms	ResearchSO
bb3bc654-5d41-4408-b2f7-9cbabbe35194	ImprovedCombat	ResearchSO
62b06f3a-0802-459d-8467-610047fe0657	ImprovedCrafting	ResearchSO
c8105d4f-22f8-40ab-ad4f-b1b4ccb2aad3	ImprovedDurations	ResearchSO
7e50e36e-9a1f-4b66-a982-df7d2d024519	ImprovedGenerators	ResearchSO
f6de3571-bd74-4ca0-8703-c895ba71af65	ImprovedInventory	ResearchSO
cb8c5c35-a253-49f5-a759-c9b20b44fe44	ImprovedLaboratory	ResearchSO
d562de9d-0218-489e-8b7c-d2e116428bf2	ImprovedLearning	ResearchSO
5ed5797c-42f1-4f05-aabd-8fe189de81f9	ImprovedLuck	ResearchSO
f91cca72-b0b1-4509-ace3-333e324f2022	ImprovedMaterials	ResearchSO
50462b86-9ac7-4351-8b53-bf8b6409ff4f	ImprovedMetabolism	ResearchSO
27271f45-a43d-416b-8581-8cc34de6ca2b	ImprovedResources	ResearchSO
e72b3aed-f154-4bb8-950e-4850b5e157fb	ImprovedRunes	ResearchSO
8df14ace-6aca-4a24-93b3-8f3a7df6f99a	ImprovedSanctuary	ResearchSO
d8afa4f2-4326-49ce-a08c-743170abea75	ImprovedScribing	ResearchSO
1bd19521-77e7-45c7-be0a-eca452b5a8fe	ImprovedSoil	ResearchSO
74358711-dc76-406c-9264-a4ea8281b1a6	ImprovedSpecial	ResearchSO
dd099465-c638-4db0-a29a-4390563b0d96	ImprovedSpeed	ResearchSO
420715d2-1dae-4bd7-b693-c430db30b555	ImprovedStudy	ResearchSO
e4e2ff3e-323f-4359-ac26-0297ba27859f	ImprovedTools	ResearchSO
ca1958fe-d168-424b-96fb-ebf889b28e64	ImprovedTransmutations	ResearchSO
14b135d5-99ab-41cb-b04b-6dcd985096ef	UnobtainableResearch	ResearchSO
1e1d96f4-9af2-4c92-ba9c-b0b629d337ad	BloomingResourceType	ResourceTypeSO
9f9bede2-e2e2-4d01-b888-d8be9aaf3c0a	BuildingResourceType	ResourceTypeSO
dc79db51-9253-4e19-a1ad-9b9bae476574	CelestialResourceType	ResourceTypeSO
bec0cf63-467a-4ab3-8811-dadb105b1896	ElementalResourceType	ResourceTypeSO
b7485d50-bd13-42d7-aa7a-e9d4723fb9fa	EnergyResourceType	ResourceTypeSO
4cb62b49-1469-4b04-b64d-1714ca71060d	EssenceResourceType	ResourceTypeSO
9853d533-6fde-4373-91b2-948aa2017554	HexedResourceType	ResourceTypeSO
74e6340b-28d4-4042-8cc9-27165d0833cc	LiquidResourceType	ResourceTypeSO
ce74853b-9cba-444a-a022-66ed260a68b2	MagicResourceType	ResourceTypeSO
80434c9d-a05a-41f5-9aca-fc911875c8e8	MentalResourceType	ResourceTypeSO
af65bc96-d77c-4f76-843d-d933e23ccbd4	MetalResourceType	ResourceTypeSO
10bd48ad-a536-46a1-a129-641e1b974fab	NaturalResourceType	ResourceTypeSO
81723f22-fd04-4364-8d6a-5ea75fce1b19	ParchmentResourceType	ResourceTypeSO
251da5b5-1403-4ffe-a88a-16448cdfaae7	SpacialResourceType	ResourceTypeSO
e77fd3f1-9d1a-4133-9d8f-2c40a6007e5e	AdvancementResouceType	ResourceTypeSO
b5a19071-8156-494b-8986-b3c42f37b73e	GlobalCappedResourceType	ResourceTypeSO
c8f9e0c8-2b5d-48f6-9ead-27b3eb7389d4	GlobalResourceType	ResourceTypeSO
fa931ca9-da8a-46d3-93ed-60ac8be06a87	InfluenceResourceType	ResourceTypeSO
0a53ad11-dfd5-42bd-a2fa-d6f669cf6859	ProgressionResourceType	ResourceTypeSO
08385533-db87-4b5c-8564-4f3ed4607723	SpiritualResourceType	ResourceTypeSO
9101e380-d915-4e40-a2df-e47fe6c60836	TemperedResourceType	ResourceTypeSO
e30d8b62-288d-458a-8eac-8ba00ee4fbc4	BandwidthAlch	ResourceSO
70bc1151-3911-4a9b-989c-38355d338864	BandwidthBiologic	ResourceSO
8edacf96-deb8-4113-8437-006cecdc4a2b	BandwidthElectrical	ResourceSO
89ed2734-dff0-483d-bedb-7950fd5b360b	BandwidthMech	ResourceSO
a1c865ab-5fe3-47f3-9c71-0292d9f9cb7b	BandwidthOccultic	ResourceSO
a0a33307-0576-45b1-8b41-36ec464eb928	BandwidthTempered	ResourceSO
2b411301-89df-463c-83a1-2b50859c0f58	DarkThistle	ResourceSO
5d97a450-cbd6-4745-8e0b-81037542aa58	Dreamberry	ResourceSO
45c0d72d-8b06-4de7-b4a7-f44a71fd146c	Elementia	ResourceSO
e58ee46f-a1ce-4c8a-9e5d-073db3d19eec	Ink	ResourceSO
67737b66-cffa-42d3-87e2-6409cdea9c4a	Magebloom	ResourceSO
45cdb9eb-4346-4a62-97ad-084dbeca64fa	OccultEssence	ResourceSO
e68be24b-8b23-47fb-8bd4-e42ec76ba4c5	OrganicEssence	ResourceSO
1c4a291f-8381-40f2-8d0b-574ea2b710da	TemperedEssence	ResourceSO
eab888ff-d8bd-4e46-81eb-639d5d562242	Water	ResourceSO
55289789-46ea-48d0-beb2-07a2aa4c6d30	PointsAbility	ResourceSO
b2b0f774-2393-4340-b45d-3b65ec14d4bf	PointsCognitive	ResourceSO
9dd2cfbf-2a9a-426a-ad89-41c868eac16b	PointsEquipment	ResourceSO
60c9cdf9-f31f-4f45-b308-ebb2eeca15f2	PointsEquipmentFree	ResourceSO
817e0b49-1c01-42b0-be02-f9c65fef9983	PointsGlyph	ResourceSO
ccceab4e-4c8e-4179-8dd5-dc036eb2ccce	PointsGlyphFree	ResourceSO
f3ea6ed4-9ba2-403d-894c-cf4ac3393bc9	PointsMagic	ResourceSO
c6f1ce5f-1b87-4302-b269-075349b3667b	PointsMaterial	ResourceSO
50596043-074a-4ee2-b471-cd0279693768	PointsMaterialFree	ResourceSO
f06be44c-4c39-475d-8f06-11008b652d0e	PointsOrb	ResourceSO
711fbfb6-b12d-45b8-a06b-634024085162	PointsTechnology	ResourceSO
487a149b-5908-4bdc-805f-1d13e79f5840	PointsTime	ResourceSO
6a9480c0-958c-4f7e-8703-e84c3c7a2dc1	CombatStability	ResourceSO
a36f6160-683b-47a8-8182-2507c18e2e87	Amber	ResourceSO
37163239-1364-4003-9f62-aee3aab86bc1	Arcanum	ResourceSO
caab357b-a7df-43a7-88d4-e65724dd2a2b	Blaze	ResourceSO
e2afd744-f7fe-4846-8698-cc9892d0c8f1	Ceremony	ResourceSO
ed76773c-8485-4d3a-bc53-9b902ebc756e	Control	ResourceSO
eda26ca0-afcc-4fc3-9d8a-eb279123353d	Knowledge	ResourceSO
b11072bf-7980-4e23-bc6c-8034ba09b925	Mana	ResourceSO
471e1ce5-18ab-446d-a3bc-fcaa17bda96e	PsychicEnergy	ResourceSO
0b311a4c-2246-41c9-a950-a3282a6da3af	Skill	ResourceSO
2f0b80ff-b786-4fa8-beda-a80650c4055b	Soul	ResourceSO
9550808a-433c-4320-a4a4-e66e2858a362	Space	ResourceSO
cc4f8a0f-0081-4702-bd30-134070e09a4f	Spark	ResourceSO
889d4c5e-ffa4-4130-b14d-bf2cd5061eac	Thaumaturgy	ResourceSO
fca918e7-ba2a-4659-a2fb-d5f9371ee37f	VerdantEnergy	ResourceSO
53b93fc0-32de-4449-932e-9ac6d40871a0	ExpAlchemy	ResourceSO
3f1fcf6d-da72-4397-9cc7-0e92254b78d3	ExpArtificer	ResourceSO
6a247ebf-7f72-45db-be58-4e2d359bb794	ExpCasting	ResourceSO
e0a20501-9a32-44d5-91fb-462f22934f94	ExpConstruction	ResourceSO
8d2cc689-e765-4eff-8984-23d73014d236	ExpDruid	ResourceSO
b58ae7b3-e4ce-4b6c-9e8a-84cae8268178	ExpMystic	ResourceSO
4ad649a9-bc11-4afa-8b65-c155ea2f2a07	ExpOrb	ResourceSO
c45a2852-3c96-4eff-a997-c1a7d9cbcb41	ExpRitual	ResourceSO
1dc0dae9-5b1e-4f28-99e9-748d6a893195	ExpScholar	ResourceSO
523b7f1a-908f-4328-8350-8ca44bb9945f	ExpShaper	ResourceSO
c735079a-4047-49f2-85c2-a4777c619da8	ExpWizardry	ResourceSO
4dd4e062-2015-4809-a50f-f37647bda339	PotionToxicity	ResourceSO
8cf9a9d0-a4d8-438f-b834-94706e7c7b49	WeightEquipment	ResourceSO
46eea2ec-c478-4ac3-960d-09ec96138d0b	WeightPlots	ResourceSO
b934d8b3-f169-4475-a169-5f68381514f3	WeightRunic	ResourceSO
fdcbb804-f471-4ca7-80a5-18a1f96737f6	WeightSpell	ResourceSO
db61aedb-0143-402f-bdf9-de50b2d59203	Zeal	ResourceSO
67acd892-8a8a-455a-aa71-3fb06e75bf38	AlchemicScroll	ResourceSO
51122a88-d37e-4590-9bf9-04d9fbf7699e	Beacon	ResourceSO
604d4952-68e4-4a34-b5d0-e2886bf1d6de	CognitiveDisk	ResourceSO
722fd539-7276-4404-95b1-6f6a13906591	DimensionalCore	ResourceSO
981c23bf-bb1f-403c-9cb0-bb045ba40d60	DivineFragments	ResourceSO
0ae50293-6198-49ee-87ab-442254d45474	Ectoplasm	ResourceSO
00943218-d660-4b85-96e3-074221eb5c3e	ForceBark	ResourceSO
4970182d-5138-4770-8d95-dfab6597b351	Hexsteel	ResourceSO
92deba7f-63df-46f8-b379-fb7c9457293c	Ingots	ResourceSO
c8ca2ba1-263f-48b0-a58f-2fdcff19da86	Ironwood	ResourceSO
d9f0ec7a-357c-4cdf-a3ce-707caa5641dd	Ore	ResourceSO
beec818e-91d1-4781-9523-113187377904	Paper	ResourceSO
e67fd994-8f98-4488-92e3-fc8a8d1a4584	Sigil	ResourceSO
55758ae7-f938-48a9-abfc-70d00049fb8c	SoulShard	ResourceSO
2cca401f-0629-4618-ba7e-48cd03963545	SpectralDust	ResourceSO
5659824d-c3f8-4ec8-aef3-4263a00a5bd4	ThaumicScroll	ResourceSO
27250c24-6c28-4858-acca-17e611e6aeb0	Wood	ResourceSO
4b25f517-7a6b-4e14-a644-efbe659f6c0d	WoodenSupports	ResourceSO
6accc1ac-0432-4edd-8766-7b60c635c2b8	GlobalRitual	RitualTypeSO
63048059-7f5f-4c83-826d-a38ad991855d	ResourceRitual	RitualTypeSO
34ba950a-3e02-46be-9528-021a7a6e2160	StrengthRitual	RitualTypeSO
cb4de90f-2dfc-4afc-9aad-c0a2ee0e7388	UpgradeRitual	RitualTypeSO
eab0ae41-35c8-4fa6-b1ad-7cc0079dfefa	Autonomy	RitualSO
75e6b029-ecf1-4c2c-a7da-d8c21f0ade21	Belief	RitualSO
7e402373-1e08-4c48-9026-6711924ecf08	Blossoming	RitualSO
61086a64-4c1f-4d2a-9e1f-9dcbf1f95d15	Consciousness	RitualSO
72d8b70b-c086-4ab4-85fb-b06baaac4b6e	Courage	RitualSO
7d671726-e11b-442a-b91e-08d77e96fdbe	Curiousity	RitualSO
dbb5b3cd-8c4e-4de3-8a15-4329347b2c1d	Destiny	RitualSO
e6493e83-41eb-4dd7-b0b3-289e8288d928	Discipline	RitualSO
6bc322af-23e8-46d8-9df0-186c86628ac1	Existentialism	RitualSO
70ddecea-cef5-4e3b-b240-47b24366eb1c	Experimentation	RitualSO
461dbd09-0dd9-40c9-9c97-5589e981bed7	Fabrication	RitualSO
380b1256-02c1-4eb6-9c50-c379c1bcc78c	Faith	RitualSO
ff7a9266-e671-42f1-a675-b4f51283483a	Fundamentals	RitualSO
310fd990-3273-4193-bb4f-e9deb630ace6	Gravity	RitualSO
a0524f14-63fd-40d4-9ea9-35a4722195b3	Growth	RitualSO
526b346a-cd19-42e6-bd64-8d128acf4033	Harmony	RitualSO
ffdd8315-0275-4d51-98a7-8de4384a2f46	Home	RitualSO
b71f850b-b365-40d2-805b-3d1d66ab6a6e	Introspection	RitualSO
31b032c7-9f6d-486e-adfc-bf8bacffc584	Kinesis	RitualSO
2ebf945f-56bc-44fe-a82a-7f117779ce37	Language	RitualSO
c1a494b3-1d72-4c2f-a91d-e28cea6c7c1e	AllRituals	RitualListVariable
e8e2bfec-5ccb-488f-b50b-c11778fbbfef	Productivity	RitualSO
5c902246-d6d4-474a-96d4-208188454649	Recollection	RitualSO
e92345c1-753a-40a0-b4bd-6fdfc75feb74	Restoration	RitualSO
ee785dca-baca-4c45-b022-7d86504a916e	Shadow	RitualSO
f4cf8465-c92b-4a42-97be-1ee47ece03ff	Shine	RitualSO
de425916-3d3f-4a4f-86dd-6c52e32e5293	Source	RitualSO
a51ccef5-9806-41cf-b0e7-348b970a840e	Spirit	RitualSO
c216c415-b0f8-43a8-8777-1c723d60b4ce	Steel	RitualSO
d3de4539-ac93-452a-b56c-af18e14e80a0	Surrender	RitualSO
886a906c-e17e-4c7c-b99c-7fdb59d645a6	Truth	RitualSO
c4dec7ec-d8f4-47cd-8b66-7401cb15746e	Unknown	RitualSO
ebcbcde7-fe3a-4cfb-8a41-eee94905545a	Whirlpool	RitualSO
8a107730-6f63-4884-8277-6d79eace017b	CompulsionStone	RuneStoneSO
57744f7f-cc35-4d70-b5bd-5c5f31e7f6ed	LifeStone	RuneStoneSO
a0462c4f-cb57-4221-9273-cbebafd71cc2	AllRuneStones	RuneStoneListVariable
610faecb-fa99-4f8a-aa94-2717d5fb8898	PrincipleStone	RuneStoneSO
1bf5f061-10e6-436f-90bc-164798764564	SpiritStone	RuneStoneSO
38d082aa-8142-4f53-80ff-723355cd7e1d	AdvHarvestScaling	ScalingWeightSO
c9f458c4-b8f7-4847-b026-3438e83a5d2b	AlchemyDismantleScaling	ScalingWeightSO
98be3318-e27c-45e5-af37-338d34c7b416	AlchemyScaling	ScalingWeightSO
6a5974f2-4838-483a-80b2-71f479f342a7	AlchemyScalingAug	ScalingWeightSO
ea85adfa-697c-4717-a16e-b55b17d472bb	AlchemyScalingSpecial	ScalingWeightSO
2d8147e0-58b4-4722-9ce7-5e5c38e00dbe	CharStatLargeScaling	ScalingWeightSO
6876f0d2-2f42-489f-898d-045804bac12a	CharStatSmallScaling	ScalingWeightSO
295660bb-fc99-4d6b-b57e-bfdbc23ba7e5	CharStatTinyScaling	ScalingWeightSO
95c06da6-a0fe-4670-a15d-457d61d9d59b	CharacterScaling	ScalingWeightSO
0d9195aa-2fc3-4f55-bf71-3dc33e0a049d	DurationScaling	ScalingWeightSO
7f3ca946-a378-4d79-99a0-9263ae92f421	EnchantmentScaling	ScalingWeightSO
c03f00d7-ccc9-462f-9be2-7928a1afdc77	EnchantmentScalingMicro	ScalingWeightSO
7425cb5c-c2f1-49ab-9a61-822707baffad	EquipmentEffect	ScalingWeightSO
f1e96530-7fb2-4166-b5dc-27a9ad1b5384	EquipmentEffectGreater	ScalingWeightSO
baea7206-b5ea-4679-a0a4-d1341a485a80	EquipmentTypeLevelScaling	ScalingWeightSO
a2688a45-91e5-4de2-8009-350734ffd1c0	FruitAdvScaling	ScalingWeightSO
3f7c37d8-054a-4886-8413-d25459d954bc	FruitEffectScaling	ScalingWeightSO
4aca5335-8365-4f26-b747-f65c21718c67	GlyphLeveling	ScalingWeightSO
09a8eddb-8672-4ad8-8b3a-04a686002aa9	HarvestScaling	ScalingWeightSO
ea96a4a7-6a08-4ab5-ae59-f1be933ff45b	LinearLevelEffect	ScalingWeightSO
714e0a55-5a65-4fb7-9bb2-8f7b9beef55c	MaxStackScaling	ScalingWeightSO
52899403-29f9-45a4-9ff0-8c672b31723f	NoScaling	ScalingWeightSO
9441a86d-7f50-453d-a99e-f29fe4bec0fc	PlotNodePassiveEffect	ScalingWeightSO
4cea4f9d-79f7-46a7-b273-ff7afd4eb130	PlotNodePassiveSpecial	ScalingWeightSO
4fb31bbd-8b44-423e-8851-e8ae91095260	PotionAugEffect	ScalingWeightSO
73875832-15f1-4585-8537-2f5efcc2e3c3	PotionAugEffectQuality	ScalingWeightSO
26f09590-c8be-476d-9522-d69083ca3bdf	PotionAugSpecial	ScalingWeightSO
f14e9e70-02c4-4cf8-bb19-db19413540e6	PotionDuration	ScalingWeightSO
3d4b688c-6c39-49e5-9db3-40de1b0e292b	PotionResEffect	ScalingWeightSO
a80e7e0d-9bd5-481d-88fd-27fd2033d4f4	ResearchScaling	ScalingWeightSO
cf59166c-a40e-44f9-898b-9735cfedcdfe	ResearchSpecialScaling	ScalingWeightSO
6605634b-ed12-41e9-a4c0-10066b562599	RitualModifierEffect	ScalingWeightSO
76d77263-67aa-4bcb-a521-c93cc4e8bff2	RitualResourceEffect	ScalingWeightSO
ff3dafd6-b6ca-408a-8dc8-e2f87dec0603	RitualSpecial	ScalingWeightSO
4459aecf-ddcc-45a7-beac-dde756cb8cf1	SlainRewards	ScalingWeightSO
be446180-242f-40d2-910e-91e735fc20ad	SpecialScaling	ScalingWeightSO
ddf24dc9-c56c-4e2f-bf63-177c63cb3976	SpellAugEffect	ScalingWeightSO
73a68fdf-52ab-4807-8671-d458a9708bd3	SpellAugEffectSmall	ScalingWeightSO
42d59732-430d-47e1-8163-5f623b0c7107	SpellAugSpecial	ScalingWeightSO
6a1098a7-526e-495a-acc9-37ed4108461b	SpellDuration	ScalingWeightSO
84dc6704-8f14-4253-9ffc-051c964fd87a	SpellEffect	ScalingWeightSO
8371bb59-6a2d-407d-a8c7-d7d9fbaa2420	StandardScaling	ScalingWeightSO
32c53efe-9364-4580-b150-58fd0b3ef611	ThreadEffectScaling	ScalingWeightSO
36375616-7476-4748-8c20-ba628933bea5	GatherKnowledge	SpellRecipeSO
bcfc9f02-a723-4d64-9f10-8a9db98c6af0	Arcane	SpellTypeSO
889d7d46-dff3-4e19-b698-470737c00dc5	Corporeal	SpellTypeSO
1c002d3e-a0f0-4980-b6a8-e0f396a68934	Dragon	SpellTypeSO
ac41a7c3-497e-4726-9be8-f7ef43fab480	Druidic	SpellTypeSO
ad896268-9998-4029-8ad5-26489a01040c	Expansion	SpellTypeSO
cc580cea-b25c-41e5-874e-688835c1ff54	Flow	SpellTypeSO
e3371f2a-7eff-4e05-980b-b45ed3576fa4	Primary	SpellTypeSO
5bdd1da1-58c6-4000-8207-3481d01da1fd	Psionic	SpellTypeSO
6cdf8168-237c-4eee-a32c-3c1659c1d89f	Storm	SpellTypeSO
8e5bb437-529d-4072-b889-e696bb1b412f	Alteration	SpellTypeSO
3b7548b2-bee1-4bad-8405-90b037035bc0	Cantrip	SpellTypeSO
99d9b376-3b47-43eb-9e99-cbcbfea0ce86	Charm	SpellTypeSO
24d55598-4ad5-4718-a0eb-965aba56ba8f	Conjuration	SpellTypeSO
b1a75fad-050d-4ac5-b47f-f12b696d53c1	Divination	SpellTypeSO
6c13b389-9c0d-4955-ab0d-aee120ae01b6	Evocation	SpellTypeSO
275bf482-b41e-4e05-8903-24521169ee4e	AlchemistStructures	StructureTypeSO
af329fdb-7389-449b-a3b8-b6ecc4384b5f	ArcanistStructures	StructureTypeSO
429a9e28-4617-4e31-bb73-0e2c46df5a44	ArtificerStructures	StructureTypeSO
a79918f3-d099-47c7-ad97-45c8a4ddf3a9	DimensionalStructures	StructureTypeSO
dec0337c-d8f5-4cec-8ad3-ce04abd20b36	DruidryStructures	StructureTypeSO
a80e03c1-6da1-4b2c-9b2a-0ae287653ddf	FlameweaverStructures	StructureTypeSO
c27237ef-165a-49d6-9e90-d3fb64345a33	MysticismStructures	StructureTypeSO
ca3b7706-33f5-4986-a3fc-f88c6c918e6f	ReinforcedStructures	StructureTypeSO
572c3266-6884-4bd5-aef6-f3a92d8f207a	ScholarStructures	StructureTypeSO
fed272e3-495e-42ec-9bfc-7741a1814ee1	GlobalStructureType	StructureTypeSO
94f97c86-98d7-4692-a622-91c737209b16	StormshaperStructures	StructureTypeSO
3ba11829-48b4-45b1-9fd9-65878c421016	AuraStructures	StructureTypeSO
48a37f9e-6ae5-4665-b500-a97f4f785897	BattleStructures	StructureTypeSO
52671043-139a-4f02-99b6-032d9e2f2dda	BookStructures	StructureTypeSO
66764877-1c4d-45a5-9e78-b5bbd1eff524	CastingStructures	StructureTypeSO
212e3d88-c436-4d99-88e9-6f3b65ffe819	ContainerStructures	StructureTypeSO
f3410058-1d9a-4428-a3c0-fc7c97901757	GeneratorStructures	StructureTypeSO
667de981-437c-42c9-a203-48bfdf2609c8	GroveStructures	StructureTypeSO
7b2b29e5-97b4-4d53-bd87-7da9f398ba2a	InfusedStructures	StructureTypeSO
b7a2af3b-16d2-49e4-a3f4-1e0922f12c4a	InnateStructures	StructureTypeSO
db55a0e6-905c-4c0f-81b2-f2577705eefc	LunarStructures	StructureTypeSO
0504a54d-8c43-4c3f-a469-75cb2b7f2ef9	MachineStructures	StructureTypeSO
2b735ced-ab07-444f-b50d-78c553c0db48	PrimalStructures	StructureTypeSO
3c6e6388-f151-4b7d-9d49-b28d105a6101	PurityStructures	StructureTypeSO
234e47ce-1783-4e87-9713-b71857ad2f8b	RadiantStructures	StructureTypeSO
02cd2e17-0802-41d8-99b6-8201424ced83	ReservesStructures	StructureTypeSO
f857d562-7faa-430a-af3f-98b3550606d3	StudiousStructures	StructureTypeSO
18fad971-4022-4f2b-890d-f3d93ebdc5d1	SwiftStructures	StructureTypeSO
2f7fcef7-70ec-40f0-87d9-77c333d59a7f	TalentStructures	StructureTypeSO
e5e64bc0-e006-4630-9816-9f0a5118ab92	ToolStructures	StructureTypeSO
5f6c4667-6495-4f98-a734-55a34791b252	WizardyStructures	StructureTypeSO
5a18feda-3910-48ab-a7d7-7ed80cf2dbd9	WorkshopStructures	StructureTypeSO
b1cf414e-ae5a-425d-8a0e-4ce11b79017a	AlchemicAbility	StructureSO
5d5270f9-24af-4dba-9a64-eed93ae07d41	AlchemicCommand	StructureSO
0446814d-5261-482a-913c-70a3174c658a	AlchemicDial	StructureSO
5eb68440-5da3-444f-aebe-9994d25b1850	AutoAlchemy	StructureSO
b82f9b6c-5869-4ff7-b693-f476e10ad2df	BloomingMastery	StructureSO
182ce873-3b20-4e74-8c5f-07f057666871	Cauldron	StructureSO
54eb991a-93cd-4a5b-a211-3590277dd9fe	Crystalization	StructureSO
1614647c-e4fe-4b7a-ae46-05ac20b3786f	ElementalTemperance	StructureSO
6a32dd60-ac96-499a-b530-104b41154d62	FlowMastery	StructureSO
e92930e1-97ab-4e14-a87d-01f3c9d3adba	HydroAura	StructureSO
20fb94dd-dd10-4da5-8d0c-a4e6d311e438	Machinery	StructureSO
a00d6926-6d9d-487e-bede-690de4984b15	MagicBotany	StructureSO
a0db7e00-3691-4a5a-9a60-5405beb071bb	Metabolism	StructureSO
8930ee03-d71b-41da-9831-5bd071d1a5a6	OcculticGrowth	StructureSO
2a83d222-9c3f-4764-bc51-543dc42e927f	RapidGathering	StructureSO
7f9a3d8f-22ba-48fd-be10-029ac8baa035	Science	StructureSO
3db1dbd6-120e-4201-af6e-b269dd374b0b	ThistleCultivation	StructureSO
61a10b57-4311-407b-ab23-a8c8fa4c54a3	TransmuteEfficiency	StructureSO
940b58b1-a935-40e8-bc09-fa1f52c611e1	TransmutePower	StructureSO
bf3b97ee-5c9d-4bc6-8bd5-e10586d75c5c	Visionary	StructureSO
7f8cd605-75e2-4c50-9f56-9ae5abaab260	Assembly	StructureSO
6d14566c-8e53-4897-a900-cd9b9391f152	Capability	StructureSO
34279c4b-b786-43d3-b12c-fcd7d8758a4b	Carpentry	StructureSO
b01f50d6-8e24-4a55-98a7-43c32baff8e4	Clearcutting	StructureSO
6a361a01-8405-4fbc-9af1-42f471911d9e	ConstructionAura	StructureSO
8feccb71-4655-4e99-9562-bf167c568cb1	Craftsmanship	StructureSO
881dbf65-b247-44fb-94d6-4625b361537d	Determination	StructureSO
f425fe6b-21c1-4ed9-b661-f2c2b6cd97b6	EfficientCollection	StructureSO
aaa8fae8-9e12-4a4c-895c-eb6037753f74	Engineering	StructureSO
1cefecd4-f129-489e-940a-cd168f190bd3	MaterialSavvy	StructureSO
d2a01aa0-fd4e-49ec-823c-7720f257971b	MechanicalLubricant	StructureSO
1ef9fc7c-9483-40da-a664-cdd35101c356	Perfection	StructureSO
5ab7588a-114d-4022-b446-0f87a7f4bbd4	Refinemenship	StructureSO
a7f6db27-ab22-45f1-bce3-a208acd7823d	AlchemicNotes	StructureSO
94cd1437-ca80-4694-b4ba-2cac0e380ae2	AmbericFortification	StructureSO
cf8b005b-5717-4bee-8eb0-363b7e93071f	BeaconBarrier	StructureSO
8923de6e-a6bb-4985-94ca-2908212b54f1	DiskPlating	StructureSO
dfb30e68-35cb-4fb2-8cc5-88855d4a2473	Fortified	StructureSO
f7a66540-cc47-4396-b673-e2ffa5f8304f	HexsteelPlating	StructureSO
0b54c521-8c14-43fe-b0ee-c3dd904800ac	MagicNotes	StructureSO
5811b54f-8b50-4dde-ad29-751506d077dc	Notes	StructureSO
016e3871-380a-43d4-af54-c413312bb23c	Reinforced	StructureSO
55e32fe3-50c9-44c9-a388-1e4eec4594dd	Soulbound	StructureSO
7bad1df6-9c98-4ba5-8bdc-6e15429a41eb	SteelPlating	StructureSO
6e4a5b5c-a883-4b62-8760-95beb367e842	Woodbeams	StructureSO
6cbeec6f-39da-4b39-9723-0dd4c2bf3873	ResinHandling	StructureSO
23265dd7-43e8-4441-aba9-4a5825a0b1b8	Tinkering	StructureSO
69dd67c6-523f-4b1a-882c-83af4354274e	Woodworking	StructureSO
92a015c9-2231-45a8-afaa-a8feda459239	AuraCore	StructureSO
c7f09fdf-f27e-4f50-9a21-89fcf7fe6f21	Containment	StructureSO
08e44a1a-2382-40b8-9644-dfcb5e0f5aec	Influence	StructureSO
10feb5bc-32a2-44a7-9dee-0b3c2b8427b7	InnateCore	StructureSO
8c4735a0-3082-4143-bd3d-5db819df8a03	Memory	StructureSO
3ff1f82a-2eb2-40a7-8a73-39a44c129e2d	Physicality	StructureSO
b26aad49-ca38-412d-84cb-41eaad9302b3	ReservesCore	StructureSO
f4570e11-9f95-41fa-879b-fe960e07d39c	Sorcery	StructureSO
18c8f376-e8a8-4568-9936-a3f8b888c3f0	SpacialCore	StructureSO
cf97bfda-80b1-41d1-85b6-58836ba81140	Spirality	StructureSO
12bfccbb-730e-467e-b6ad-660f8ef471a7	Summon	StructureSO
3d91d27b-2150-4687-b18b-551cfc1eadd2	Upheaval	StructureSO
dcf46be5-f358-477e-bd15-85e6d7a98d7e	UrnOfExpansion	StructureSO
7c04fa78-66de-4941-8f7f-e7964f841031	UrnOfHolding	StructureSO
ff3c9c06-2b2b-4270-9abe-5f44aa9195a6	UrnOfUrns	StructureSO
2533331a-97b7-46e6-8c2d-2737b5887f3c	WorldBreaker	StructureSO
863735a8-c3e0-437b-a3e5-d63a5507dfa3	Abundance	StructureSO
aedca5b3-f591-4758-b7af-973b5d12f1b3	Communion	StructureSO
69ffa2fc-e764-487c-9519-26efe5b08566	CraggyAura	StructureSO
ab1ca343-0494-4854-85b0-f6611c957e8f	DruidicAttunement	StructureSO
97b47249-3ddb-45c5-913f-5e146a9e644e	DruidicTalisman	StructureSO
e72158d8-ebfd-47cc-a5c9-8d6dce70f3d5	EmpoweredRoots	StructureSO
6be35cb7-10e9-4e44-9382-0b36b3c2b5d5	Fertilizer	StructureSO
43013cc4-678b-4d28-afe9-0eea006bee2d	Florescence	StructureSO
14c7cfc9-b6bf-4924-883a-061b004c7e47	Forage	StructureSO
f1dcd018-69dc-4cd7-b7f7-6dd3a1b18183	Fossilization	StructureSO
8a1f2798-07d3-4859-9a0a-e7f752a32562	Irrigation	StructureSO
fa624b10-47ad-4cfb-9a3d-155f94717532	LifeWeaver	StructureSO
314cbbe7-3676-4452-a1b4-d321e7a849f6	NaturalExpansion	StructureSO
106f69b7-8c6a-4ff8-a66b-042b295e980f	Nourish	StructureSO
52d3ffc1-1804-4fbc-b7ce-e809d12607f9	OrganicAura	StructureSO
76a3fafe-c171-4e59-8385-f2881089d665	Tend	StructureSO
651f63e8-c8c4-4924-8dc0-8b4f100ffa83	Vigor	StructureSO
0b89c628-df3a-4bb6-b9ca-9b2736adcc58	Wellspring	StructureSO
cf542d46-519f-4eb8-b4b6-4d3fd463da2f	AlchemistStructures	StructureListVariable
a1a9ffc2-c629-49dc-968f-db364fb99fbf	AllStructures	StructureListVariable
2c3b16bc-1eb4-4382-9d93-0d20f81f07a9	ArtificerStructures	StructureListVariable
b43b1b78-42b8-49ab-92a1-8cc4b4a85daf	MysticStructures	StructureListVariable
6583df5a-8346-427b-ad73-48ec09082139	WorkshopStructures	StructureListVariable
b81ef4c6-f37d-4dd6-b296-1ba0ba3e1d29	Analysis	StructureSO
73b69766-c536-4eb2-a895-09ecfb64b096	Armor	StructureSO
134a5b91-27e8-4f44-adc0-0cf037b42d88	Conduit	StructureSO
006061be-6356-4cfe-8b38-585b750a492e	Constitution	StructureSO
c1e39da2-dde6-4bc4-8d8c-381fdb17eb31	Discipline	StructureSO
aca35250-c746-46fc-bc68-2674bf1cee1c	Dowsing	StructureSO
4ffa121b-79d0-469f-9bd1-e3fed0f04ac9	Emanation	StructureSO
de59e3e8-fb88-4565-91d2-e488e0ff1240	Extraction	StructureSO
9a1decb8-f569-48bb-ad94-23a633a16d21	GhostlyPresence	StructureSO
7933f45a-475e-4936-a570-cc58f4457a30	Morale	StructureSO
8126c80c-7692-475f-b194-3663cfed57e4	Potential	StructureSO
35bd3d91-d5dd-4652-be67-8728d5bfc22a	RapidShot	StructureSO
a4202642-48bb-4d76-8d82-849b52b62fe8	Reap	StructureSO
ef4cdab3-87b8-4fef-af3f-67f8fdae4f8c	Rejection	StructureSO
9468bc32-960c-4d41-9c8d-bfd863067202	RitualControl	StructureSO
bba5d70c-02a9-4f77-b418-47b3cc6dc524	RitualEndurance	StructureSO
ffc6fcbb-33f1-4daf-9385-74597238c00c	Routine	StructureSO
00979ba6-c5cc-4246-a840-c69e55f6c1b5	Starlight	StructureSO
586f948d-33e1-4929-92fc-30a6b0961de5	Starseeker	StructureSO
89a5c416-a568-44be-9fd6-ddc353392913	StellarWave	StructureSO
ce8bcfbe-750b-471b-91bc-05d76895a99b	Academic	StructureSO
06f77823-fd0f-479a-a0f6-377b37fa99e3	Authorism	StructureSO
c5d95f12-2a18-4285-bcd6-34f8c432fec4	Compartmentalization	StructureSO
3b0832a5-0dae-4df9-8024-4b8001685cf2	FocusAura	StructureSO
18964290-e217-4d14-8788-54706c86e85f	Integration	StructureSO
59616e66-b203-4a69-b3c9-08e4093c6abb	Intellect	StructureSO
12b87d43-a816-4b53-8446-98561390198c	Mentality	StructureSO
93d69ce2-7231-4689-8bc6-ba5ccc950d0d	Minimize	StructureSO
fa241115-0559-41ad-9c7d-a42c1d014655	Optimization	StructureSO
30b9cad5-b98e-4042-8a27-453ca3bcc086	Retention	StructureSO
b5096677-1e3d-4a17-9330-fb584402f286	ScholarAura	StructureSO
b1a73a69-9735-4720-96fe-9e304ad0b949	ScribicAura	StructureSO
90fc4a3b-3f3f-4337-ad8d-fe7dadb189b6	StudyArtifacts	StructureSO
3cdf1cc8-9913-4cce-be82-dc9fb9626928	StudyChemistry	StructureSO
6c984c5f-ac94-47e3-b858-917074c9219f	StudyHarvesting	StructureSO
85f85504-cc66-45db-8606-47f57a7b3275	StudyMagic	StructureSO
6e7b167b-9984-4306-9917-acd66f3be80e	StudyStudying	StructureSO
38d0bf88-6776-4727-a85d-8cb6bd8a2eab	ThoughtStream	StructureSO
0b5b2f0b-9275-4e7a-a899-c23b80457676	Alterator	StructureSO
bbb6037a-6769-4bfa-a6bf-c8bbc3a05872	Aptitude	StructureSO
1726ed23-b678-4123-83eb-72eaa5cce28d	ArcaneReserves	StructureSO
f3f49560-82ad-41bf-82cd-488da5bee7ee	CharmMastery	StructureSO
7685eb4c-9926-43a6-8c26-5b85efdb7a17	EchoMage	StructureSO
75a23896-e955-42a4-85e3-0843d93bfc94	ElementalShaper	StructureSO
07c6fe5e-8117-4c73-bced-95b23951da92	Elementalism	StructureSO
0d585d53-06bc-4738-844c-c3198e0df795	InfusionArcane	StructureSO
4c81dfc1-17c3-4fbd-8774-03edb6f6a437	Attunement	StructureSO
bf4e596c-3ee0-4194-b0c2-d4a7af1a85f6	Concentration	StructureSO
dc38c4bd-7f08-4138-a643-72f55b925f5b	Conjurator	StructureSO
7b730c97-9a0a-4a22-b0cd-0d2ca4636e0b	Cunning	StructureSO
d7ad599c-8203-496a-aa0a-b684063c8bf4	DarkInfusion	StructureSO
4a59ce39-9128-4e07-b52a-5084343988fb	Destruction	StructureSO
9f6fdb62-d7a5-4759-9bb7-a945496e4436	Forge	StructureSO
aabf95d1-cbdf-4065-9426-56e01e564022	InfusionHeated	StructureSO
b9edbafa-7c76-40b9-adae-c5d3cb2566a6	InnerFlame	StructureSO
346aaf5c-853c-4ae9-bce4-4bcab4564830	MagmaticReserves	StructureSO
0d9370de-57cd-4139-9c23-0a5c13857a98	Passion	StructureSO
ca1e34c4-3f93-4d2b-8e30-3823162e8bd6	Infusion	StructureSO
d41a6a4f-d371-479e-9609-d24caa04de2a	Magicianry	StructureSO
b516b375-c5a7-42c5-af36-768289ff401f	Magnificence	StructureSO
67c68bee-7025-486f-a54f-4e0310487914	Resilience	StructureSO
d0f87730-1fb2-47b0-bf96-232057179b69	Spellcraft	StructureSO
19147c69-a514-462d-825c-267f2f140546	Agility	StructureSO
72ad2a2f-fda2-4293-921b-77faaa056067	GatheringSpeed	StructureSO
b0406c07-0717-409c-9e07-61631157e507	InfusionEnergetic	StructureSO
b576cc03-2bb7-486b-8c0a-c9417b54f6e9	PurifiedLightning	StructureSO
a48ecd67-08af-4b50-a128-08c3fdcf1ebc	StormReserves	StructureSO
59cf26f1-bee5-4e9f-9868-321d803785d4	Stormforging	StructureSO
4b4e1bf3-1bd6-43ac-a3ce-8ab2fcb7a828	Torrential	StructureSO
88f7340d-bb90-4e4a-90f5-e597fcd3a8e1	Wisdom	StructureSO
8a6b9e95-d841-4418-b0e8-b6f714629e16	Witchcraft	StructureSO
4f66d694-f256-439e-a09a-d94801114471	WizardsAura	StructureSO
7c80515a-e9c4-47a2-8c9b-05e68e219833	AccelerationStation	StructureSO
0cd85b39-78c3-433b-a146-10cc804a852c	AlchemicalTome	StructureSO
197d064e-0b0a-45a2-8cc4-dab8aac87173	Amplifier	StructureSO
046b7ce4-af43-4020-b7e6-f774d6187204	Anvil	StructureSO
51fa323c-aaee-46e1-b542-ac94606093fe	AutomagicTome	StructureSO
8ea70fd6-40da-43fc-aafa-86e1d09586b7	BookOfHolding	StructureSO
3480141d-d5b2-4e66-9b3c-d33fdc0390f4	Charger	StructureSO
f6a811ec-e0bb-47e9-921e-a80ad1fc7538	DruidicResonator	StructureSO
0f942bd7-f25b-46c3-ba62-aba422164220	EssencePurifier	StructureSO
66476391-5c59-4eb6-a307-8108a4a8eb52	FiniteEncryptor	StructureSO
aa7b6617-c1ae-48aa-bd01-75634c38b801	ForceTotem	StructureSO
f50d77f3-1388-4876-a1fe-9cdf3569b405	HexStone	StructureSO
d2a03f7a-f111-49ad-803c-1b9e5e1440cf	HolyRelic	StructureSO
0c4b5d92-3bf6-4deb-b2e4-78f4bd871bf3	LiquidPurifier	StructureSO
3de36957-282d-4619-a446-bdff56636a9b	MagicBook	StructureSO
bb866f09-3ce1-4067-a05a-a4bb94784961	MentalistsBook	StructureSO
b8c3d38e-d14d-499a-b565-863812f16575	PaperMill	StructureSO
5ff4cc9d-59d1-43f4-a8c0-29aec428350c	Pickaxe	StructureSO
b9d43d41-a64b-4736-ae12-d2351c048348	PrimevalPrinter	StructureSO
3c0b6872-ea32-4f00-a625-d6114b72921b	PrintingStation	StructureSO
61846c5e-a1e3-47cd-9b5a-4377656e9708	Replicator	StructureSO
3a7f00f5-b2d7-449d-ab00-1fe3e23207c1	ScholarsBook	StructureSO
bdd9cea4-6e43-45e8-af53-3fd36dc56198	SculptingStation	StructureSO
9d9ead09-b272-4909-bcf4-70926307f457	SpiritStone	StructureSO
04225073-8b9b-425c-a4f8-9ffc06070e12	ThaumicBookshelf	StructureSO
4373cca9-528c-47b8-89a6-8ee3c3e9f89f	WoodAxe	StructureSO
7b6dfedb-db28-4222-950c-21a128e74e40	TimeDiscoverRarity	TimeRuneSO
3f8ccba2-0481-4401-b269-978600cb0208	RuneTypeGlobal	TimeRuneTypeSO
dafb5a1e-6da7-47bd-a00d-c9e18c96108a	RuneTypeUnique	TimeRuneTypeSO
1a370ff9-fea7-4a2a-bca7-57fdb2862356	CoreTreasurePool	TreasurePoolSO
b3ab80f0-80c7-41d4-b4c7-f34c3e909104	FruitTreasurePool	TreasurePoolSO
bd6b27e2-e026-44bd-b9c7-8cb2abd74c32	RelicTreasurePool	TreasurePoolSO
e829d282-e3d8-49af-bc65-6922b8535fb2	ScrollTreasurePool	TreasurePoolSO
e0fbe8db-6b5f-49d1-a9a7-00e529fa3a6a	ThreadTreasurePool	TreasurePoolSO
540116ae-2413-4a57-84bb-d113c9d687ef	TutorialAlchemyLevel	TutorialSO
2937708d-aca0-4d4e-b5da-e17e609b06bc	TutorialAmber	TutorialSO
43849828-f1d2-45c7-a769-96d4654a550c	TutorialBeacons	TutorialSO
21368b73-08f3-49f9-ad95-cd0b4a8b7f4b	TutorialCeremony	TutorialSO
3110a572-35b4-4dc5-b3b7-12dde4b8e6e3	TutorialDivineFragments	TutorialSO
94123726-fb39-486a-b192-e461822d5031	TutorialElementia	TutorialSO
ed225f88-e4ea-4790-a0aa-a3778ab24702	TutorialHexsteel	TutorialSO
91871ff0-3d72-49bc-ba84-62a0bd8bb708	TutorialInfuseOrb	TutorialSO
45dda6d3-ce41-4e01-8815-1a94fc7bec9d	TutorialIngots	TutorialSO
18266357-55c6-4d68-82da-f751d2bd329a	TutorialInk	TutorialSO
bcada4ed-9433-4430-891f-bae9f1ffa265	TutorialNoviceSpells	TutorialSO
95beb7b9-dc8b-44e7-af04-fd95503b4510	TutorialOcculticEssence	TutorialSO
dbff5f22-83b9-4a00-b523-32e6987a8c2b	TutorialOrganicEssence	TutorialSO
950c5e60-a591-4f21-b21e-3657f86b20ad	TutorialSoul	TutorialSO
f47a20bf-20d1-4546-982e-9932431b6054	TutorialSoulShards	TutorialSO
0ab25187-a7e8-44a8-a0ac-b5346f241551	TutorialTemperedEssence	TutorialSO
3950a2b3-28ad-4d39-945f-bf6223177e4b	TutorialWorldAspect	TutorialSO
78f3ff8c-bec3-463c-8f7e-91af6459ce53	RaiseAlchemyLevel	UpgradeSO
2442ff7c-5630-4f7f-ac8f-1ea5f3b7a7cc	Alchemist	UpgradeSO
c508d6a2-d569-4b22-927a-050edad2dad0	AlchemyBeacon	UpgradeSO
6468760e-492c-492f-91f0-6bf61b88902e	AlchemyDreamberry	UpgradeSO
c20be4af-d6cd-4def-b9a0-dde2750d24b0	AlchemyElementia	UpgradeSO
d4a9711d-e1f8-4951-999c-11e1026e586b	AlchemyImproved	UpgradeSO
f2e0bc95-49de-4c82-8149-f7b1841fd97c	AlchemyRefined	UpgradeSO
7d3cdd01-380e-4d3d-9abb-bf62dfd8e5c9	AlchemySoulShard	UpgradeSO
919bfa26-4bbf-4b09-85e1-8d88b3970c72	DiscoverAmber	UpgradeSO
766c4dbf-04db-4a0c-bc41-582cfc17ea5a	DiscoverElementia	UpgradeSO
a55542cc-2914-4d3f-9ed5-f3170ee1f672	DiscoverHexsteel	UpgradeSO
9607f752-f1e5-41d6-9c7d-c8cc3ede5eb4	DiscoverSoulshards	UpgradeSO
042f55c8-2258-4125-b4f4-2388c00f5243	ImbueTempered	UpgradeSO
3357c64a-f19b-4a03-8819-c1622081dd7b	ImprovedBrewing	UpgradeSO
e966f87f-d71e-4c72-9835-561609305aa1	ImprovedHerbalism	UpgradeSO
14961425-1021-4cf6-9e53-e7e2c04d4c0e	ImprovedTransmutations	UpgradeSO
e1e2f794-43ef-4506-b1c6-5d5d4703be8c	LabratoryEquipment	UpgradeSO
43c194f5-cfda-4bc4-b8d1-a2ad511add2c	LabratoryEquipment2	UpgradeSO
8ffbb801-664d-4104-824c-b89f1d0674a5	LabratoryEquipment3	UpgradeSO
82a1b21d-f64f-42bb-9271-48a7dfa0e51c	LearnBiology	UpgradeSO
a8c6732f-3794-4a72-971f-4e5b40931771	LearnBrewing	UpgradeSO
4bf7588f-92c6-457e-8b43-59cc02b526e9	LearnDismantle	UpgradeSO
0df1841a-8b93-4f6d-8f8d-7c903c0538b2	LearnOccultic	UpgradeSO
9ab31b94-df24-43c0-9e92-dbad163ef76d	LearnRefinement	UpgradeSO
c1771767-5592-450e-820d-200b4ff1ce61	LearnTempered	UpgradeSO
d9fe4089-20d8-444f-873a-9c32f46117b2	LearnTransmute	UpgradeSO
4ce8aac5-e93e-4391-8822-ee6f32d696dc	SoulControl	UpgradeSO
64e4e574-cff7-4e14-98c4-9683b22f02dc	UnlockAlchemyLevel	UpgradeSO
ff587faf-59d3-444e-bc77-6ef25bd5477b	UnlockMaterialUpgrades	UpgradeSO
25167ed4-3ce0-4f35-8198-4a7afc9810c3	UpgradedConversions	UpgradeSO
868c29ec-ab5d-4179-9f2d-ddd0c1416cc2	ArcanumCasting	UpgradeSO
1a3af358-133d-4f55-ac3e-5db11e8281c0	CrackleCasting	UpgradeSO
cd5465e3-3e0d-48ca-815e-80f795aa58ce	InfuseOrb	UpgradeSO
61349535-6664-4ec9-a7c4-4c3e1165b519	LearnDragon	UpgradeSO
2e2e856f-af30-494a-85fe-afa76d6cae1b	LearnEvoke	UpgradeSO
2f34e7b8-cc57-4516-8dff-681abc3f1a08	LearnExpand	UpgradeSO
77b6a338-992f-4c98-9c6e-3359123ffaf9	LearnFlow	UpgradeSO
02f7581b-2870-4e94-aa76-e080c127de63	LearnInsight	UpgradeSO
905015ca-661f-4d29-8570-781feb5d32ec	LearnNature	UpgradeSO
2a782cdf-a8aa-424c-92a9-de6b3e6f0ec0	LearnPsionic	UpgradeSO
6f73f8a4-d5bb-47ee-9464-196f926abf02	LearnStorm	UpgradeSO
37213cc8-17a8-48ec-94a7-45667afecb7d	NoviceSpells	UpgradeSO
c1d40c8e-2a82-4043-a9ff-f73d571280fd	ReserveOrb	UpgradeSO
e5e5598d-cfd1-4ee9-89cf-2df4f37ae2b7	UnlockScholarism	UpgradeSO
490cc306-b887-4453-b98e-2208137c5458	UnlockSpellOutputLevel	UpgradeSO
6c22e48d-72e7-474e-b47a-b9724865a793	UnlockTheWorld	UpgradeSO
f55ef019-16d1-4a3f-ac0e-7b8a3cbb9a3a	UpgradeSpellBookAdvancement	UpgradeSO
2fa66381-76be-42d5-a25b-31cb5790f03a	UpgradeSpellBookLoadout	UpgradeSO
23c47a88-2d4e-4638-a919-bcc6040afffc	UpgradeSpellBookSpells	UpgradeSO
86bcaf9d-b4de-49e8-b183-ea737ed560d4	WisdomThaumic	UpgradeSO
ae9f0f9c-e5ac-4857-841c-46343fc78443	Wizardry	UpgradeSO
c05f7ed8-1d2c-41fb-8774-31d65dc2fa1e	Wizardry2	UpgradeSO
c1ab8ada-5be1-4cb2-aa32-ef1b53f06944	Wizardry3	UpgradeSO
9e73dce0-19cf-462b-a2b4-f8b9c16afc93	WizardryArcane	UpgradeSO
31a864f1-34ce-45b9-92c6-b80c455ccdd9	WizardryArcane2	UpgradeSO
5632ed8d-288d-4e4f-b06c-301df820491f	WizardryArcaneElementia	UpgradeSO
8e55d668-aab9-4f95-a624-e9ad65cc1c3b	WizardryBeacon	UpgradeSO
6ef3bdd1-b727-45fd-ad51-5d0b5dedea12	WizardryBlaze	UpgradeSO
c42ebcfb-c3f5-4835-b097-7b003ce855f5	WizardryBlaze2	UpgradeSO
f5acb9ec-834a-44d6-a933-edc9c757cc8c	WizardryBlaze3	UpgradeSO
0af5ac72-a50e-4a22-8894-215ecd4562a4	WizardryMagebloom	UpgradeSO
d2f9aa1a-e7fb-406f-970b-ff574b66f625	WizardrySchools	UpgradeSO
3fbb56d2-2c59-4aaf-8d02-9069e2325474	WizardrySigil	UpgradeSO
172985ef-00a1-4619-a47f-453d515a5192	WizardrySpark	UpgradeSO
6bcc30cd-bbe5-4546-8412-bffe88fd85b2	WizardrySpark2	UpgradeSO
dbfe15e8-0938-4fa2-82fd-97fc727247a7	WizardrySparkElementia	UpgradeSO
3a609f91-a7b0-4061-abdf-bba47399c38f	AlchemyUpgradesList	UpgradeListVariable
8c82ee01-42ef-46c3-93ad-639036ddaa52	RItualScreenUpgrades	UpgradeListVariable
0b19f88b-8ab8-4c59-8c9c-34c3a577c6d3	WorkshopScreenUpgrades	UpgradeListVariable
f8060cd9-1fe0-4186-b480-ce57b20e1208	AutoPurging	UpgradeSO
3ea82f28-18bd-41af-b2d7-199ea397e190	CreateCompulsionStone	UpgradeSO
f1b3b215-2591-456b-be22-4bcd44f56d57	CreateDeathStone	UpgradeSO
45c41a6a-432f-49c0-893a-145b1f03c0ea	CreateLifeStone	UpgradeSO
5bcef88f-6c35-4b9a-9e6c-8376c9975a99	CreatePrincipleStone	UpgradeSO
14923981-12e8-44a8-8983-f3aac5d25762	CreateSpiritStone	UpgradeSO
0811feca-f133-4dfa-b1a3-aa8ce53dab23	ExtractionEctoplasm	UpgradeSO
466ce828-2379-4443-b031-cf68c9a6a03a	ImbueBeacon	UpgradeSO
c0ba3938-0f11-468f-adf6-9c5d57dd9bbf	Mystic	UpgradeSO
de610dfd-766b-499a-b0be-372253812afe	MysticBeacon	UpgradeSO
8e824ce1-53b6-40cf-8feb-0ff83b5eeb11	MysticCogntiveDisc	UpgradeSO
b9f52238-7588-4233-bcc0-5d1405609de3	MysticDivineFragments	UpgradeSO
35f6e6b5-b5c9-4c48-981f-9b5ac4ba06f3	MysticHexsteel	UpgradeSO
36dff868-512c-4194-a27d-879876c39392	MysticIngots	UpgradeSO
4db0bce1-05f7-45a0-893f-b339d6e63b9a	MysticOre	UpgradeSO
e123a9ab-1d30-4371-88ce-be976b8f9290	MysticSoul	UpgradeSO
28969c4b-2d63-451f-b3dc-b186e7aeb9ea	MysticSoul2	UpgradeSO
14b35ebc-f284-4d53-bd3f-f57a885cf2b1	Restoration	UpgradeSO
efdcb385-5f60-4913-b49c-bba6d27fa397	UpgradeDisciplineSpectral	UpgradeSO
d1fbabb0-b3e8-425e-adef-2a6a6fb66940	UpgradeRoutine	UpgradeSO
ee1fa811-c60f-4aa6-af38-64492e47334c	UpgradeRoutine2	UpgradeSO
c677fec8-6ffc-470e-af70-2a90810c16aa	BulkDevelopment	UpgradeSO
a1a23472-56c4-4d94-815a-5358cd1e11c2	Conceptualization	UpgradeSO
cb0dbb1d-6a4e-4c61-a500-eda9975b7f73	ExpertAdvancements	UpgradeSO
e6593bb2-3a42-4b70-9255-2f63cfd9770c	InnovationAdvancements	UpgradeSO
53eee450-ef8b-4bf7-8bbe-01404ec10dff	ObserveMastery	UpgradeSO
bd233f65-b51e-4d73-94c9-aad3d3b119d2	Scholarism1	UpgradeSO
f8e5ae25-f75a-4007-912d-3b15eb22d4c0	Scholarism2	UpgradeSO
fa99c6f8-9a9c-40ca-813a-3b3e2678cc09	Scholarism3	UpgradeSO
d6e2b17d-6f21-45e6-b55b-1bf59d503432	ScholarismAlchemy	UpgradeSO
91997c50-afeb-4383-a177-b2b032677a70	ScholarismArtificer	UpgradeSO
1971a2b1-0da8-46b3-9dfd-311098694a40	ScholarismBeacons	UpgradeSO
9ce9c858-2797-4abc-a5ec-ca91d185dc12	ScholarismConcepts1	UpgradeSO
1d120ffe-3bef-4e14-8240-96220c90d565	ScholarismConcepts2	UpgradeSO
55fbdc7c-8491-46fd-837d-fca909a3afe2	Scribism	UpgradeSO
2e4a7db6-fc70-4b52-8fcb-aac923c03070	TechAdvancements	UpgradeSO
94ccbadf-2792-4287-84bd-a9efd33f8a3f	AmberAuras	UpgradeSO
8e979307-706c-4187-a165-e52f63090e87	AmberPaperMill	UpgradeSO
91b62c34-7eb6-481c-a954-2c01a87c49c3	ArtificerAmber	UpgradeSO
58e3242a-ac7f-4a92-abab-6b496368ebf4	ArtificerArtifacts	UpgradeSO
c73950c8-cc56-44d8-955e-bd279df47b97	ArtificerArtifactsUpgrade	UpgradeSO
df561240-2184-4e5f-8073-619c4b67c7b7	ArtificerBeacon	UpgradeSO
334fb470-64af-4291-88ad-9c9101b81efa	ArtificerCrafting	UpgradeSO
a440b786-2175-40c6-98f7-d2c4f91c4138	ArtificerDarkThistle	UpgradeSO
ba7c5a6a-cb2f-4ad5-ab4b-caf668495d49	ArtificerExtraction	UpgradeSO
3f8e6623-d250-4402-afd5-165a9c37a396	ArtificerSkill	UpgradeSO
c83107c3-582f-4294-8c69-be93f3a7dd42	ArtificerSpeed	UpgradeSO
83aad09b-5a3f-4f1f-918a-a03778904a4e	ArtificerWoodworking	UpgradeSO
7e2c9eb7-64a3-4f5e-b53f-fbd45ad19342	AutomagicCognitive	UpgradeSO
78fda904-4d3d-47da-b270-6c0bf53ef183	AutomagicControl	UpgradeSO
a03ea979-3ec1-40fd-8383-4b86950a7bd8	BooksEctoplasm	UpgradeSO
0e93897f-abb3-457b-a49c-3f6e347cf2a6	Construction	UpgradeSO
34e08e07-66e6-4e5f-bba5-e494ac997d8d	Construction2	UpgradeSO
fc9cc43f-5264-4be2-82f7-3b53c8d7b25b	Construction3	UpgradeSO
87ea5a8e-e5ff-4f5e-be5e-1b6d3b320a4b	ConstructionAmber	UpgradeSO
245e3081-c6df-4633-bf0b-547cddcb9e17	ConstructionBeacon	UpgradeSO
b3dbf50d-15c5-4d52-8380-8366842151c4	ConstructionBook	UpgradeSO
90a92449-aa0d-4fca-848d-49ae56a8f537	ConstructionBook2	UpgradeSO
a5cacc78-78d8-46da-9616-5f2ced37c2d9	ConstructionBookAlch	UpgradeSO
9880d1f1-8511-4245-8989-75f1cc61fa36	ConstructionCognitiveDisk	UpgradeSO
81ec2d60-d123-4112-a0d3-feb7d86d9fd2	ConstructionDimensionCore	UpgradeSO
f93bd915-66d8-4d56-bda4-2bfb541df88f	ConstructionHexsteel	UpgradeSO
2699a4ab-5fad-463c-9c5b-75e0e52391a1	ConstructionIngots	UpgradeSO
1e3f145b-cd4b-4ddc-bcd1-267987e838ed	ConstructionPurifier	UpgradeSO
97cae730-8be9-4e8f-927b-f108bb0efb3a	ConstructionSigil	UpgradeSO
8753852b-e081-45c5-9663-f419703c4008	ConstructionSoul	UpgradeSO
717defb3-f9a1-4822-9edf-25ba3a8484a8	ImbueHexsteel	UpgradeSO
30263415-650b-4544-85f9-cff8afdb089b	ImbueSoulShards	UpgradeSO
4b3beb9e-5ffa-4c54-bb1a-1936427245f4	LearnAmulets	UpgradeSO
7ff0dbe0-b23c-4482-92c0-e877887d5118	LearnCloaks	UpgradeSO
b29d5ed3-aca9-4546-80bd-de153840ca14	LearnConductors	UpgradeSO
a6e48100-dc73-419e-884c-51f02d304f83	LearnRunic	UpgradeSO
03323033-94c3-4936-b31f-5d103cf22474	MagicBookHexes	UpgradeSO
71ac7375-f79c-47e8-bb15-480f4e558c77	PlanningAlchemic	UpgradeSO
635c6d95-8d8c-41cd-a744-f36efb84e0a2	PlanningDivine	UpgradeSO
3d65e427-c1c8-49a6-aad1-310aeaad1a9f	PlanningPaper	UpgradeSO
96f446af-0601-41de-bbef-383def25158c	PlanningThaumic	UpgradeSO
b2622216-cb08-4f1a-93d1-b14250f4a8e5	ScholarsBookEssence	UpgradeSO
a5b4d251-1704-465b-beca-832bb0ecca5d	ScholarsBookNatural	UpgradeSO
2f37d7a7-0753-4228-99d7-835ec83e1f5b	AspectAlchemyLab	UpgradeSO
38f53d08-e554-4ec8-99f9-762c6bacd8bb	AspectRituals	UpgradeSO
d9f1a5c3-d7de-4819-b234-a15781190650	AspectWorkshop	UpgradeSO
ad490ed1-804a-4d42-8f00-2e61b4871dd1	CreateWorldPillar	UpgradeSO
9691552e-4646-48fc-b883-1c04fceb1c24	DimensionalShaper	UpgradeSO
33386876-d5cc-4af9-b639-ec9ed08b7e7a	DimensionalShaper2	UpgradeSO
5864468f-30d9-42b8-8555-1fc98ef48512	DimensionalShaperBeacon	UpgradeSO
70754f71-500b-4bf1-a5da-559f1fb9a66d	DimensionalShaperCognitive	UpgradeSO
3393a04d-9e74-48f3-8384-548a3b1b5aad	DimensionalShaperCore1	UpgradeSO
303e8ac6-0855-4c98-a603-5805b5f5e791	DimensionalShaperCore2	UpgradeSO
2faa5a3c-6a34-46ec-ac8c-f0a49049a721	DimensionalShaperMetal	UpgradeSO
8087927b-bc58-4475-b3b8-052ea690e296	DimensionalShaperPhysical	UpgradeSO
63c8dd95-e0d6-49c4-b5fd-b3ce1fd80074	Druidry	UpgradeSO
efcc565f-bd5f-4d38-b88b-0be5c0e08dad	Druidry2	UpgradeSO
6da5c2fe-fc51-4446-984a-4623220b3432	Druidry3	UpgradeSO
78d1cca0-2290-4932-a221-489158cb7758	DruidryBeacons	UpgradeSO
4a9149ce-6ccc-4a01-b793-ec269959bb52	DruidryDarkThistle	UpgradeSO
7e188f90-c7d9-4316-98c3-309f23c0269d	DruidryDreamberry	UpgradeSO
73198c31-5f7f-454c-b2b4-7942970f2475	DruidryEnrichment	UpgradeSO
9246d4b0-f312-4005-b680-9d066c9572ac	DruidryHerbs	UpgradeSO
2f5c805d-3f2d-43fb-9bc1-d2cec6b88985	DruidryIronwood	UpgradeSO
f2bc1a63-9866-4cde-9d8f-856bf25d89a3	DruidryOre	UpgradeSO
00246c4c-950f-45e4-a17d-296d21155e87	GatherSpace	UpgradeSO
178d3eab-e45c-4cfb-8dba-144aa8c13e0c	GatherSpace2	UpgradeSO
ebeed225-fbb9-4a1c-bb5b-4339459135ff	GatherSpace3	UpgradeSO
1c02a78c-35d8-442b-b9eb-c70504aadae0	GrowFruitTrees	UpgradeSO
75dbae92-9081-4c3b-9138-a9f7a512c8d5	GrowHerbs	UpgradeSO
68e0e21b-1809-4dd0-9d61-7c634cfbfec8	GrowHerbs2	UpgradeSO
e9acca54-2588-4dc5-9c40-48230c6a3fb2	GrowHerbs3	UpgradeSO
5aefe695-8fcb-4524-9295-a5ea301143e5	GrowTreesEnergy	UpgradeSO
12a14383-12ed-4361-999f-7c984cf74bbb	GrowTreesIronwood	UpgradeSO
22917654-5ae3-4367-a4ec-bba5cc7b1aae	GrowVoidMoss	UpgradeSO
1c6da5b3-041b-40a8-a45a-feb174cde507	RaiseMaxDruidryLevel	UpgradeSO
295ee199-8390-4a1c-ab52-600afdc2139f	ShapeLand	UpgradeSO
4dc9302c-27b2-4735-ad17-db1105195c24	ShapeLandMining	UpgradeSO
32616a41-453d-4fbd-a29d-ea79adb0b403	MaxActiveSpells	IntVariable
3e997628-2429-42bb-a759-152f45ca5864	MaxAlchemyBrewingSlots	IntVariable
890886d3-4606-4764-8127-5a70c1eef278	MaxAlchemyDismantleSlots	IntVariable
8a71c368-7a98-4cc6-9616-8f29413a94c4	MaxAlchemySlots	IntVariable
f571e8ba-f6a8-4813-8370-6d378302ee8f	MaxAlchemyTransmuteSlots	IntVariable
8a11fa92-9901-4bff-8291-c354a9c53449	MaxAugmentSlots	IntVariable
8c11fadc-e394-4f44-8aea-c0cba628b0e0	MaxAutoCraft	IntVariable
e28bddad-f087-4699-b346-1eb153506c99	MaxAutoScribe	IntVariable
78995edc-209b-49cc-a1d9-9590ec60f5c8	MaxConceptSlots	IntVariable
10447429-67be-4b3d-87b9-e4f7dcb8b42f	MaxCraftingInstances	IntVariable
a02fe3cd-06e6-479b-b2d2-c4adcf5c2b7b	MaxEquipmentSlots	IntVariable
e1d18491-ab1d-43d6-a2df-069b54cbf057	MaxHarvestSlots	IntVariable
b2ffe3d8-fe82-4dc7-aea8-d6e65ace9d36	MaxLoadoutSlots	IntVariable
dc6b2843-c64f-4804-af77-dcce29088f18	MaxParallelActionables	IntVariable
9217a5af-01ac-441e-be63-f00062f7195a	MaxQueuedActionables	IntVariable
f993583f-10b4-44c9-b1dc-0b6f37913918	MaxScribeInstances	IntVariable
8198fc5b-30a8-4f98-b853-c15cdb2fd7fe	AlchemyOutputLevel	IntVariable
a46f792c-b5b9-476f-abcc-5235519381d5	AlchemyXpRate	DoubleVariable
d2b10420-aa5b-479d-945b-de82a00a5647	AllSpellTypeXpMod	DoubleVariable
831cf64e-932e-45ef-997f-e83024fa4444	AttributeQualityBonus	DoubleVariable
c2f92c9c-c355-40c5-b402-54fbcb6bc7fe	AutoAttackPower	DoubleVariable
c16ec79e-c8f6-45d2-b4da-fb724fdde21e	AutoAttackSpeed	DoubleVariable
2e192578-d2ba-4ea0-94b9-5c722d52c781	BonusItemLimit	DoubleVariable
e0027822-ace8-4d10-92a6-9a7d344f24e0	BonusItemPenalty	DoubleVariable
57e80af7-5015-493f-b353-60669d5102d3	BonusItemRating	DoubleVariable
0ed119bf-0449-4d64-9989-1a3f68c7b8a2	BulkDevelopment	IntVariable
4844d304-0972-48d2-a7dd-f20daa60dac5	CastingLevel	IntVariable
c553bf74-8d7a-4868-b538-be99b99e0302	DiscoveryRarityRating	DoubleVariable
a6abd55a-ae21-49d0-b87c-e6fac455db4c	DiscoveryRarityRatingLimit	DoubleVariable
f8d68210-9dce-4a48-8b07-832bf4cc4cda	DiscoveryRarityRatingPenalty	DoubleVariable
6d1962c7-4bb3-4c5f-ac88-776fd8bbd415	DiscoveryTreeChoiceCount	IntVariable
66c7a345-7efd-4403-8535-b9ba02e6e536	EchoBuildRating	DoubleVariable
9a5082d9-7328-41d0-be44-4b6b038644ce	EquipmentExperienceRate	DoubleVariable
fbd51aba-61af-4b75-9787-44aefbbf7539	EquipmentPower	DoubleVariable
ebabbc99-5b2b-409d-992f-02cd71307259	GlobalBuildSpeed	DoubleVariable
fc4f51c7-cfbe-48a8-83f6-ea2e61cd91af	GlobalConsumablePrepSpeed	DoubleVariable
a5ebcbeb-d5e3-4fcd-9a64-3274f4a48336	GlobalStructureCost	DoubleVariable
cea9d85f-167a-4750-b6b4-56a37224a4dd	InactiveCooldownSpeed	DoubleVariable
b8b2925f-465d-4c65-84a4-c9ce097ecd51	MaxAlchemyLevel	IntVariable
a2c95017-f333-4ff9-9c57-6c6093f4f988	MaxDruidryLevel	IntVariable
1362bfcd-0b99-4b6b-8e5f-93725f4e5c2f	MaxInventorySpace	IntVariable
c943abeb-a8bb-4e12-a999-c03bd30453d5	PowerBuildLimit	DoubleVariable
4b5735bc-7278-4ce7-bbe0-a288e529a55b	PowerBuildPenalty	DoubleVariable
be00627b-9a58-4100-bc72-7f778dcc2a6b	PowerBuildRating	DoubleVariable
f14380dd-a543-4566-9c44-8e07cd3928e2	ReplenishItemLimit	DoubleVariable
6bb3c23a-46fc-403d-8cb5-af9dd064f718	ReplenishItemPenalty	DoubleVariable
bb32c9f5-02b1-40f8-8dca-b126e1f54c47	ReplenishItemRating	DoubleVariable
e45029bb-e26a-4fb7-8001-aee279e44d85	ReserveLevel	IntVariable
dfa985cd-8d7b-4c20-b5d2-713e38b18b67	ResourceOverflow	DoubleVariable
ac6370f3-a586-4567-b37f-93ed652beec5	RitualCriticalRating	DoubleVariable
0da2d7a4-e38d-47bd-9134-056dc6b4e3fe	RitualEchoRating	DoubleVariable
7dd1e32a-3165-4fb1-92ce-496c29dfd3df	RitualFailPenalty	DoubleVariable
5a83b33b-1bcc-426b-ad80-7a29464511e5	SpellCastSpeed	DoubleVariable
09a558d5-99bf-498c-8c19-2251d24c025e	SpellChargeSpecial	DoubleVariable
66fa868d-95eb-43ee-b13c-82124dd55d84	SpellCooldownSpeed	DoubleVariable
5c45b4d5-ae77-48c5-b0a4-53baabc63e7e	SpellCooldownTime	DoubleVariable
a8cde266-8795-45f9-a41a-392cd55ce98b	SpellCost	DoubleVariable
ea7bfaf7-4d87-4f6b-a862-c7ec758027ef	SpellCriticalDuration	DoubleVariable
e9a6ffc9-b8f4-457b-8dc1-e81f4706a194	SpellCriticalEffect	DoubleVariable
07d11cac-d439-4c02-bbab-e5e781f42dc2	SpellCriticalLimit	DoubleVariable
3a856644-1e3a-4090-a017-2d6a23bf4c58	SpellCriticalPenalty	DoubleVariable
69e869dc-628e-4968-b739-d516cc4d58c5	SpellCriticalRating	DoubleVariable
c483bc41-cb60-45bb-8c39-27a6189e6110	SpellDrainCost	DoubleVariable
e22f9061-43f2-4a8b-bd25-da749c016448	SpellDuration	DoubleVariable
c5069478-3b89-48bc-a03d-a3e52d44a726	SpellEchoEffect	DoubleVariable
f661f73d-3d3e-4dfc-ac3d-6f4b6cfbaaf6	SpellEchoLimit	DoubleVariable
316bcada-80fd-4062-ab06-1549ad21dd54	SpellEchoPenalty	DoubleVariable
3cd7a634-f132-4c4e-bbfc-2525f6c6ac8e	SpellEchoRating	DoubleVariable
50605aba-eb4e-4afc-a62a-963d5b23639c	SpellExperienceRate	DoubleVariable
e5ca51b0-2877-4836-8c6b-861aa24046b0	SpellMasteryRate	DoubleVariable
2dc187bd-87ab-4c4a-b611-687cdef32614	SpellOutputLevel	IntVariable
be7609c8-35d8-4c2b-91ed-43135529298e	SpellSpecial	DoubleVariable
1744be6f-efea-4c48-88d1-ff10d97fa82e	SpellStockRestoreSpeed	DoubleVariable
08b7c369-a02e-420d-b6e3-dd87a2ce7501	TreasureRatingAgromancy	DoubleVariable
3d2524b2-bc49-48d9-b67e-18aa69ea09ee	TreasureRatingLimit	DoubleVariable
0dc6112b-0dcc-4906-b016-293a8b3c7c9e	TreasureRatingPenalty	DoubleVariable
48a4a5cd-db80-4dee-9aaf-d47d378a741f	TreasureRatingWorkshop	DoubleVariable
c82f4715-d469-4e19-ad40-a1edbcfe2983	CeremonialLevel	IntVariable
8ba3b782-82a8-46e6-9581-8097d6b9d52b	DamageReduction	DoubleVariable
a56d09c7-5684-4ee9-a03f-960680b6ac75	RitualMaxChain	IntVariable
7fc0433c-9161-4d88-a50e-239607a75d96	RitualSpoils	DoubleVariable
2bf0811a-857f-48ed-a92b-dcaf5640e17b	AutoSaveTimer	DoubleVariable
b9f6ca6c-8d4d-4d16-9758-92ea9e7e4b05	BackgroundScrollMode	IntVariable
01efbb1b-ca5a-4b43-869a-f3627c822ef8	CanSave	BoolVariable
44e9d16e-02c6-4be9-bd73-98925c679083	CancellableSpells	BoolVariable
cb3b0869-33f4-45e2-a820-65730fd06e06	EnableMousePopups	BoolVariable
2d4d9994-d40b-4b7c-972f-09f0e4c7d983	ErrorMessage	StringVariable
38ad89c0-851c-4da2-a3e6-5f819bbc683a	ErrorMessageTrace	StringVariable
e9096448-39bb-499b-981b-14bc895b8cb8	GameVersion	StringVariable
3383322b-faf9-4072-b751-755a3a32a65a	GlobalSeed	IntVariable
bd06956c-72d8-4e76-aaa8-005f98ccfed9	HasSaveFile	BoolVariable
59f55ed9-eb25-4e5e-80f5-0f5cdd439cf8	HasValidSave	BoolVariable
bafc573f-8eba-4251-a3fd-d91907b7f6a8	IsInGame	BoolVariable
3694a57f-db55-4385-be84-cf0762fb0051	LightSensitivityMode	BoolVariable
37a84399-98b5-463c-b858-c1ecf2f9bf34	MultiBuy	IntVariable
124e93fb-e651-4611-bf8d-854268ec5853	NumberDisplayMode	StringVariable
70e098fe-4da9-4f91-a969-94f263a03e74	ResearchQueueModeEnabled	BoolVariable
a9ad060e-a2eb-4120-8b01-fe86a2acf13d	SaveSlotSelected	IntVariable
584b9316-c0ae-4a8d-8989-4f8be2e1cda0	SavingEnabledPlatform	BoolVariable
02eac15e-9c92-4d06-b8a2-1275faf7df89	TimePlayed	DoubleVariable
7c73ead4-b5ce-43e7-8cfc-85899af8e952	TimeSinceLastPlayed	DoubleVariable
9e0176b6-e4e1-4637-ab3f-4c9e4004de5a	TimeSinceLastSave	DoubleVariable
2926aba4-ae3c-45a0-8c2d-7135c89c986e	UrlDiscord	StringVariable
5a2de42f-73b8-41ac-bef3-057bcc5be16f	ViewTypeMode	StringVariable
87e51add-526f-4eb8-8d6c-ac0d3de8d329	Volume	DoubleVariable
9e08e06e-5a40-4dd6-8ecb-b93f29212b1e	VolumeMusic	DoubleVariable
5fdccd83-1d76-4d01-b6d9-040261ed7574	NewRunSeed	StringVariable
6332537f-e33a-4304-b280-d9c4a4fbcf45	UpgradeableObjectDetails	UpgradeableObjectVariable
56039067-0092-49c0-a7bd-3c43eb119d37	WorldResets	IntVariable
4b1bb2de-723a-4360-827c-8e4483f3ff8d	WorldAspectSlots	IntVariable
99ddb878-2ea8-4ee3-a9fd-8fe27b0a442e	AlchemistAlchemyViews	ViewListVariable
908bf606-b81a-455c-bdf1-9fe097d6b8ae	AlchemistLabViews	ViewListVariable
3ae45ec0-4449-4903-b3d0-b5182e03dca3	ScreenAlchemy	ViewSO
f9a453b0-fd47-4fcf-8022-a4cc5ffbf064	AlchAlchemist	ViewSO
fbf9b8aa-4b0b-4e3b-b92b-486d56103537	AlchAlchemy	ViewSO
70aabd3c-7790-4771-a863-5e5c41bff493	AlchAlchemyDiscover	ViewSO
bab5aa00-b0e9-4886-9849-6531f0cb8639	AlchAlchemyLoadout	ViewSO
601299ff-6811-493c-b0f2-30acd0fef68b	AlchAlchemyManage	ViewSO
bc720665-aac0-4d02-a9fd-4640d4bcde50	AlchMaterials	ViewSO
07dfae7e-76b9-4b38-bf81-38abc40b9ed7	MasteriesEnabled	ViewSO
5c86b59f-a652-4f8d-a974-497032a2b7c8	RitualPaneList	ViewListVariable
9cfb2e96-ee2f-4001-8397-7c1680ab9573	ScreenRitual	ViewSO
0dff4114-15a2-4e1f-a953-3f4b1fef3172	RitualsActivate	ViewSO
443bc384-3df6-49ac-aa52-28abe080595c	RitualsDiscover	ViewSO
c26215c0-0556-48e0-8ce5-5efea5507dae	RitualsMystic	ViewSO
c662d72a-2211-4cd6-b9d2-104071a5e6e9	ScreenWorkshop	ViewSO
668a2a7a-468f-4e0e-b182-979b12a4b0ad	WorkshopArtifact	ViewSO
05e1f545-5daa-4bd0-9cbb-8770f4cf6a13	WorkshopArtifactCreate	ViewSO
4139e87e-0619-4cda-88a4-0e4d50a4d90e	WorkshopArtifactLoadout	ViewSO
0fbee815-f10b-44be-a47e-2a780d3915ff	WorkshopArtifactUpgrade	ViewSO
b8ebce37-ba04-42bc-b36d-63f7a7766a21	WorkshopArtificer	ViewSO
684ef880-4b1f-4e20-9651-582571c6c1b1	WorkshopCrafting	ViewSO
e7d84178-5f4b-4e7f-8b5f-62ccd7993b75	WorkshopCraftingAutomated	ViewSO
c4f28ff4-0fd3-4c12-8992-2de6bc0ced30	WorkshopCraftingManual	ViewSO
7ef4c045-4942-434c-b7c3-2c4ecc63e674	WorkshopCraftingViews	ViewListVariable
9be4b78c-01e3-4ef4-ad77-a5ab735019d3	WorkshopStructures	ViewSO
ee8d935f-2664-48ad-8ffd-5d344cd5d9fd	WorkshopArtifactViews	ViewListVariable
6dd9950a-e931-426f-97da-337a6088135d	WorkshopBenchViews	ViewListVariable
74ec1f90-e94c-4cd7-a1d0-7b35016b57ff	CreatedWorldAspects	ViewListVariable
cacddad7-a5ce-4742-bdfb-2f56fefb2b30	SettingViews	ViewListVariable
e46ba960-d8a5-4801-985a-41c411c711c6	SettingsGame	ViewSO
5ed81e80-c410-477b-bcdd-2de9ee88ac29	SettingsGraphics	ViewSO
b7a7a33f-2116-4f35-ba71-68b715a5c916	SettingsMain	ViewSO
496e5fc7-d4aa-41c7-9c1b-dd4c19b79661	WeightConcepts	ResourceSO
cf4252da-e26e-4101-870a-1d5100b38558	WeightGathering	ResourceSO
319a2b57-6624-43f0-a243-86c0731ab54c	WeightLumber	ResourceSO
88ac0589-72ff-469b-b721-980a95b02a6b	AdvancementResources	ResourceListVariable
84331881-8226-44c2-a766-aaa75894c90b	AlchemyBandwidthResources	ResourceListVariable
fb81e0d0-49b7-4e17-bc91-690058078ba7	AllResources	ResourceListVariable
20c00bb7-931d-42c3-a215-b59662696a1f	AugmentGlyphUpgradeResources	ResourceListVariable
ca7087e8-23b0-44de-93f4-15478d6af6c5	ConceptBandwidthResources	ResourceListVariable
49925528-8d0f-45f6-9c0b-10ed0aa0e6c4	EquipmentBandwidthResources	ResourceListVariable
3e96354a-97f0-436e-9e0d-a92bdbbef96e	EquipmentTypeUpgradeResources	ResourceListVariable
6b540758-9348-495b-bf6d-85ac8ddad0fa	HarvestBandwidthResources	ResourceListVariable
f51d9f77-4082-4eb0-b0ac-8e28cd16cc55	InventoryBandwidth	ResourceListVariable
c3f7346d-31ed-4d5f-aec5-b3471a20c857	LiquidResources	ResourceListVariable
b6079b18-b962-4cc1-a3e5-62eafaacf4b8	MaterialResources	ResourceListVariable
0ed546af-dec8-42ff-8e89-e53a5f86e1de	NonManaCoreResources	ResourceListVariable
46014e49-a6cb-43ee-83b1-ed73b11b5e49	ResourceNodeResoures	ResourceListVariable
6261a382-e971-448a-9aea-53fcafac7140	ResourceTypeUpgradeResources	ResourceListVariable
cce023a0-85a2-4d93-9fb1-66c03e5a74a9	SelectableResources	ResourceListVariable
552e9a7d-c1e3-41e5-b3b0-5e767a04ab90	SpellBandwidthResources	ResourceListVariable
46e178eb-30b7-48bf-87ff-bb798196492f	TimeRuneUpgradeVariables	ResourceListVariable
b1258385-6b8c-4dce-98dc-fc90bfe05d7f	BountyBoard	AchievementSO
8de7f564-b1c7-40df-bde6-9d4eda727195	ChallengeSavant	AchievementSO
fab50313-fe13-47d1-b34f-ed863f7edac7	IdealInvestments	AchievementSO
ec5f86b0-7bf0-4cb4-b674-20bfdf6585cf	MasterAlchemy	AchievementSO
73933a80-bb12-4e89-a6c5-a304ede0dd38	MasterArcane	AchievementSO
0f508e94-c041-4b94-850c-e7039e541aa2	MasterArtificer	AchievementSO
f054ec63-95ce-41de-857d-ea1ac17d0ca4	MasterAugments	AchievementSO
4d6cf429-c9a5-4d9f-ae36-18f89a785f69	MasterDragon	AchievementSO
eb76acd0-e0ce-4350-b40c-c4cc0330bb71	MasterDruid	AchievementSO
d6b8e619-0d12-48bf-a95d-db8f47b36ad9	MasterExpansion	AchievementSO
fa2aa1af-375f-4826-9128-395d2cb0e691	MasterItems	AchievementSO
59df7802-9feb-403e-a775-3a4ff7af5bb2	MasterMysticism	AchievementSO
6dad11b9-23f3-4988-b790-8609c5e928cf	MasterScholar	AchievementSO
0ea7c78a-1d9a-4c30-bf10-1419126c80e2	MasterStorm	AchievementSO
6f202305-dd5b-43d5-bc05-7832321265eb	MasterWizardry	AchievementSO
0bfbaec5-def5-4476-a7c7-85fb1d1753fa	OrbMinimalism	AchievementSO
e46b6770-1862-4274-9689-8e5217c1f656	OrbularGrowth	AchievementSO
ff88348f-6154-41cd-8d30-963f931c6d9a	PerfectArtifacts	AchievementSO
aa14168d-66ba-4738-98c3-4d1c03762b79	PerfectAuras	AchievementSO
cd8e6408-da1c-4247-8311-367edf38d17d	PerfectCasting	AchievementSO
e1a5df1c-cad9-404e-8da1-39e12d55e809	PerfectCharms	AchievementSO
cf133099-05e6-4fe0-9f3c-098dd4803eb8	PerfectCombat	AchievementSO
6ebccfcf-bf0f-4c33-b633-49d677d67f7e	PerfectCrafting	AchievementSO
c4becc1c-1e6c-458a-acf7-d8137b0085d3	PerfectDurations	AchievementSO
c37ed75a-1442-4102-942c-ba2191015530	PerfectGenerators	AchievementSO
9f18340c-ba34-4571-889d-ce4ce7b61f3c	PerfectInventory	AchievementSO
60014e07-a308-4546-9a01-1799f010ff91	PerfectLaboratory	AchievementSO
682b20d1-928f-4557-a6e3-60fca1f7b58b	PerfectLearning	AchievementSO
47d01d1c-95b8-4d3f-b089-8c20536df2f3	PerfectLuck	AchievementSO
22a8ae11-8018-490b-8a51-deb64d0bd2d6	PerfectMaterials	AchievementSO
e0cc9a65-ccd1-4adf-91ca-e6cff695e981	PerfectMetabolism	AchievementSO
4f9a0aba-7c9b-4703-a280-0e70b3436727	PerfectResources	AchievementSO
526a06fc-d294-4424-a1a7-0a3ad572d064	PerfectRunes	AchievementSO
b4ea15fb-8933-4095-8d8c-84e0bcb13cec	PerfectSanctuary	AchievementSO
a3999d69-f04e-4c7d-8c03-38633366ee9a	PerfectScribing	AchievementSO
a3bd700a-70cd-42ff-8ca9-6170c69b5ee0	PerfectSoil	AchievementSO
f01cf645-bdc1-4c20-9898-f833730118da	PerfectSpecial	AchievementSO
33c05e6b-49ff-493c-96ef-ca2fc0c68617	PerfectSpeed	AchievementSO
15fdfe57-05bd-491e-86ea-c1a2e4398b04	PerfectStudy	AchievementSO
b0ea7971-7b35-432a-b267-c06948af351e	PerfectTools	AchievementSO
adbfb892-bc21-44dc-8074-726bfc681448	PerfectTransmutations	AchievementSO
96eab55e-b579-4d8c-9442-0183fe730342	RestoreTheWorld	AchievementSO
9601ca60-6a5d-41ae-9b9b-dc5b6cac1731	RuneRevolutionary	AchievementSO
d662b747-e0f6-455d-b72b-e807f455a392	ScalingSchemer	AchievementSO
86e5c420-b16e-4b62-b266-38305f50bae0	Specialist	AchievementSO
44a7aa26-9f89-4270-a5b7-4807fa43a015	Spellslinger	AchievementSO
4838d877-d67a-4788-903e-4953bf43bd95	StatBlock	AchievementSO
be447ddf-0af4-48f4-8049-b3634bd0bf28	TechnologyTycoon	AchievementSO
29f69887-59d8-424b-b7c5-b25486bedd10	TempoTactician	AchievementSO
12979a39-c866-4b6f-926e-dba436e97058	VoidEnder	AchievementSO
351d94c1-124e-45f1-8e71-fe2344cbb239	AllAchievements	AchievementListVariable
dd76e531-776a-41cd-8d89-0441f511113a	CoreAchievements	AchievementListVariable
1171fee5-86df-423e-acb8-23e31b5984bc	AllAdvancements	AdvancementListVariable
a66f6e75-cd97-45ef-a477-7d42c29cec4c	AdvTimeAbility	AdvancementSO
22ee7bf4-0adf-44aa-ac25-289f1976b4ba	AdvTimeAdvancements	AdvancementSO
91710ea1-5d8c-4d77-9f21-deb6d24c0e59	AdvTimeCapacity	AdvancementSO
493bc05b-c1d2-4215-9879-06921de0e2e8	AdvTimeCasting	AdvancementSO
1f86d71d-8104-45fe-bc34-a59145ecee0a	AdvTimeCognitive	AdvancementSO
eb8b1016-f7bb-485c-8ca2-4aae871767b8	AdvTimeConstruction	AdvancementSO
f9e9b009-aaac-45c2-b8ff-8a16adf883b7	AdvTimeDiscoverRarity	AdvancementSO
d3b7b8bd-468d-48ab-b552-b583eae2429a	AdvTimeElemental	AdvancementSO
c9734142-d53e-4759-bb24-fdff1d3b2372	AdvTimeGeneralist	AdvancementSO
6e589d30-b05d-4c8e-91b3-e44d49a7f45d	AdvTimeGlyphic	AdvancementSO
c3948243-ee22-4031-8d86-fd520ff0da51	AdvTimeMagic	AdvancementSO
1a5e4acc-4fbd-4d33-ba6e-3ab3c840f751	AdvTimeMaterial	AdvancementSO
2393e2e0-221c-41d2-8454-87714055f611	AdvTimePassiveBoost	AdvancementSO
dc4ca65c-444e-4e7e-bb45-a009db9ecb89	AdvTimePersistPersist	AdvancementSO
26239177-abf1-4c6f-a635-df8870f0056f	AdvTimePhysicalBoost	AdvancementSO
7d5c9f95-05bc-43f8-9ed6-f8c687d1d5fd	AdvTimeResourceBoost	AdvancementSO
0cea1d90-e772-493b-abec-9fc2ae7f612e	AdvTimeSkillBoost	AdvancementSO
4f5c6f48-adf2-41ad-b520-9876fc2648ff	AdvTimeStudiousBoost	AdvancementSO
e722e83d-782f-48f0-8ed6-e05f6bbff9ba	AdvTimeTechnologyBoost	AdvancementSO
cf70ab3d-21f0-4899-8da5-46baa2773709	AdvTimeUnderstandingBoost	AdvancementSO
9ec75f9b-e074-44fc-b7be-05cf556847ad	AnalyzeBlooming	AlchemyRecipeSO
b4d22a59-30d6-4de3-8437-f3ea8cbc3c12	AnalyzeBuilding	AlchemyRecipeSO
f3877c92-ca75-46e2-b6a9-7d244e9d2c21	AnalyzeCelestial	AlchemyRecipeSO
a9eb8449-d9e1-43d1-8906-7c40a1be1197	AnalyzeElemental	AlchemyRecipeSO
d016f5d9-e848-4827-a8d3-f8b9aac4a20f	AnalyzeEnergetic	AlchemyRecipeSO
41189644-e6ed-4a25-9ba3-46d2bb57240e	AnalyzeEssence	AlchemyRecipeSO
a05be025-a724-4806-8da4-0254ad4a24eb	AnalyzeHexed	AlchemyRecipeSO
78c3a1ab-9212-40fb-a80f-709ffccee1fd	AnalyzeLiquid	AlchemyRecipeSO
0a86c04e-ca7d-42de-ac7f-ee4a492fadfd	AnalyzeMagic	AlchemyRecipeSO
bdcda6ab-b062-4041-8d43-102c8de5d7ee	AnalyzeMental	AlchemyRecipeSO
5ed87727-5d2a-487e-a300-4081b5f18860	AnalyzeMetal	AlchemyRecipeSO
21d4df77-1dbe-4a0b-87a3-ec10ec054db0	AnalyzeNature	AlchemyRecipeSO
8d8f1331-812e-41f7-9946-57b59f10938e	AnalyzeSpace	AlchemyRecipeSO
da07b919-c5ad-46d1-8b46-ad5d95afc3e2	AnalyzeSpirit	AlchemyRecipeSO
68775824-5d29-43c6-973b-83948c03cbef	AnalyzeTempered	AlchemyRecipeSO
117e6039-f3fe-4bfa-9633-61af2981e859	LearningBlooming	AlchemyRecipeSO
d2eee684-c13d-4110-bc4d-f00c288a8262	LearningBuilding	AlchemyRecipeSO
b0cfb7ad-2fc1-45ca-ad7d-d14b2fd359fc	LearningCharged	AlchemyRecipeSO
a8969346-8df0-44e6-853f-b9660b482808	LearningEnergized	AlchemyRecipeSO
de326b2d-62f4-4300-8c19-1ba71004c72d	LearningEssence	AlchemyRecipeSO
20a0b45e-38ea-4f41-9e71-79686140d1cc	LearningMagic	AlchemyRecipeSO
4df1b336-669c-401f-9426-317ed67fc16d	LearningMental	AlchemyRecipeSO
b71bf76d-901a-4b57-a193-ce23fd16e48d	LearningNatural	AlchemyRecipeSO
c748c7bc-998e-4dec-8c5d-da3254b1c15a	LearningRestorative	AlchemyRecipeSO
f3f2a6b0-9b33-4639-b2a1-f07b894e5f51	LearningSpacial	AlchemyRecipeSO
84854160-4d12-4da4-aae5-76030f8ce6a9	StudyArcane	AlchemyRecipeSO
c7ab3f50-2676-475f-8294-421894d81138	StudyAura	AlchemyRecipeSO
2934b5c7-d18f-4cc5-84bd-085261feb155	StudyBattle	AlchemyRecipeSO
f8786560-0956-4b9e-b08d-3f6f86ad3107	StudyBody	AlchemyRecipeSO
2d8339a9-ae11-4411-b96c-5e41ea286a9c	StudyBooks	AlchemyRecipeSO
52adee81-d027-4a93-b881-4b12eaa7fa49	StudyContainers	AlchemyRecipeSO
578b1989-04b2-4d60-9f64-cc55e0c29220	StudyGenerators	AlchemyRecipeSO
22960ef9-f600-4779-8852-fe3c329958e7	StudyInfusion	AlchemyRecipeSO
cf940f0a-b445-4b5d-8b0d-e951bf24645e	StudyMachines	AlchemyRecipeSO
9b6d780e-d78b-4211-a8a8-de550b408587	StudyMagic	AlchemyRecipeSO
fa165240-42a6-447d-9d3b-f6fa2865dbf9	StudyMind	AlchemyRecipeSO
f9c7e0e6-5a78-4621-8a28-8a821ea4a174	StudyNature	AlchemyRecipeSO
a33a10b9-22eb-422a-9dab-83fea6100c74	StudyOccultic	AlchemyRecipeSO
eb76ce62-24c8-473a-b424-4596f812d845	StudyPurity	AlchemyRecipeSO
7af8a19c-ca0a-4ee5-8dc0-d77c3b6c08b4	StudySpeed	AlchemyRecipeSO
ec59900d-da39-455b-aebd-2797b27f696f	StudySpirit	AlchemyRecipeSO
8584da5b-0f93-4328-bd66-e631c8930df4	StudyStorm	AlchemyRecipeSO
a230689b-f9bd-40d2-bfdb-411e9ec64699	StudyTalent	AlchemyRecipeSO
8d84cefd-25ac-48ef-8682-47e95fc17199	StudyTools	AlchemyRecipeSO
c179c0f9-d39b-42da-9075-4c2bd423ed97	StudyTransformation	AlchemyRecipeSO
81aa0df4-403c-4fc2-93f7-17975e7ed005	StudyWorld	AlchemyRecipeSO
9121924d-2692-428b-9599-165224ccd899	ActiveConcepts	AlchemyInstanceListVariable
78fc1bd1-5192-4fa7-82c5-0629b8d9ca9a	AlchemyAlchemyTypes	AlchemyTypeListVariable
9273b6b9-1db0-4ddd-b540-02bd4458196d	AlchemyConceptTypes	AlchemyTypeListVariable
94b966d2-1480-4025-8cb9-b1adaaf0db67	AllAlchemyRecipes	AlchemyRecipeListVariable
a772aa83-e66d-421f-a0be-c80b556287cf	AllAlchemyTypes	AlchemyTypeListVariable
c8ff8e01-c042-49c2-86a2-e374f82c280c	ConceptRecipes	AlchemyRecipeListVariable
bddeccb0-3da3-4e27-b641-0a86babe75ec	FireballAnim	AnimationSO
bb6a1f2e-e676-48e5-b3c6-3c373004d16a	LightningSpear	AnimationSO
4957711e-93c6-47ed-90fc-efb84464634c	ParticleRayCircle	AnimationSO
422374e8-0280-49b4-96b3-fde360a5ef92	ParticleResourceGeneration	AnimationSO
9d502f65-c1aa-4e11-9bae-a9b585340702	SolarFlareAnim	AnimationSO
73823f46-fc1a-48ac-a347-6526a8bf6162	Supernova	AnimationSO
9b687863-afa8-46cd-ac94-c54f8070bd54	AllAttributeGroups	AttributeGroupListVariable
7f7bb329-acf2-4e33-bb40-32e66048b603	LuckBasicGroup	AttributeGroupSO
317d234b-354e-41bb-a252-6a280fb506ff	ManufacturingPowerGroup	AttributeGroupSO
633688bb-983e-4200-9d08-8c87779333f0	MentalPowerGroup	AttributeGroupSO
dd38a2ac-45bc-41dc-acfb-8b1fa81c2c3e	MentalSpeedGroup	AttributeGroupSO
38f310cb-9205-471f-afa3-832547a0f33f	BalanceActiveAmp	ChallengeSO
96fa030e-582a-4ab4-926f-eb63229572d3	BalanceBigAttributes	ChallengeSO
b3f0ebb3-bf22-4ce3-a483-88519ccbe3d3	BalanceBigAugments	ChallengeSO
95f0d637-8f52-4f44-8f10-74c854dba89a	BalanceBigCrafts	ChallengeSO
41aad04c-edc5-4eda-ad0b-0d4f8d9f79bb	BalanceBigEquipment	ChallengeSO
a2628e10-6632-4957-9230-872f93ccdb10	BalanceBigItems	ChallengeSO
24480e12-c754-456f-b832-78ad740b3cc0	BalanceBigPlants	ChallengeSO
846e2dc3-fd43-4f8f-8cb4-7521470dfd4f	BalanceBigSpells	ChallengeSO
291d7c5a-7603-4dab-aef5-95a481c93d95	BalanceFrugalZeal	ChallengeSO
ab377263-0e7f-4d10-b01b-2ad47f743744	BalanceImSpecial	ChallengeSO
26d99d3d-8c16-44cb-88bf-645fd08e6a94	BalancePassiveAmp	ChallengeSO
8e8efbe6-7f0e-46ca-b793-e29e2f8eafda	BalanceQuickSpells	ChallengeSO
a7856432-af25-484f-84e5-cb7b3e86c867	BalanceQuickStart	ChallengeSO
3276eaa7-89b7-41d9-bab8-a3b9ca4859fd	BalanceSlow	ChallengeSO
409573cc-7279-491a-9c75-79a5434fb897	BoonDecay	ChallengeSO
d18b47da-a5d2-4e78-9ce5-50208d24524e	BoonDuration	ChallengeSO
f3129552-51aa-4e50-8293-0b0fe6c3a891	BoonExpertBoost	ChallengeSO
25ca1450-02ca-4bd9-b30e-51b50bb50efc	BoonLeveling	ChallengeSO
bdd9fdd4-efd0-4284-b6d9-01849f7d27a2	BoonLuck	ChallengeSO
3f03ab93-9741-490c-98cd-876316353576	BoonSpeed	ChallengeSO
da8a2593-88f1-4ce1-8cf9-1b073a7de537	BoonTechBoost	ChallengeSO
79fdcc8e-dd53-4769-b127-fdd6ca6eefc3	BoonToxicity	ChallengeSO
e69935e3-8557-4e47-add9-5f45d66abf53	BoostEquipment	ChallengeSO
0cb3326b-b0d6-4626-9bf0-927101d54d2a	BoostGlyphs	ChallengeSO
93251b8a-f9be-4f84-b963-30e6d2a27382	BoostMaterials	ChallengeSO
e61461a4-89b3-4c8e-a024-9c2fcfd6fd1d	FocusImprovedArtifacts	ChallengeSO
773dfefd-98b5-4d5d-9a12-46c4909826f9	FocusImprovedAuras	ChallengeSO
b5978822-39b1-471e-b4a2-8223a2f66ec5	FocusImprovedCasting	ChallengeSO
88bd3a95-1ad4-4c94-aa0e-10d3eaf8a4b4	FocusImprovedCharms	ChallengeSO
3de0f46f-5f2d-4f37-ac98-41804f48015e	FocusImprovedCombat	ChallengeSO
8e0945c1-3533-44af-b935-0041479827a7	FocusImprovedCrafting	ChallengeSO
91ba66e9-538f-4916-8141-323d2e703e99	FocusImprovedDurations	ChallengeSO
314fad28-6fd6-4f47-80d6-1c822ccecd11	FocusImprovedGenerators	ChallengeSO
0f75c06b-d334-49bb-afbe-c5a560b7588d	FocusImprovedInventory	ChallengeSO
f21c37e9-a4d2-4536-aae5-29bab636a307	FocusImprovedLabratory	ChallengeSO
7f1b2e1b-c540-4637-9835-2de2808611a3	FocusImprovedLearning	ChallengeSO
9824b152-2823-4229-946b-e9f8372c4b0b	FocusImprovedLuck	ChallengeSO
3e221df7-ceeb-45f8-959b-12b4538ed494	FocusImprovedMaterials	ChallengeSO
eb60665b-5504-4fa9-8fe4-8ac300150745	FocusImprovedMetabolism	ChallengeSO
1adf3986-e6e4-4760-ae83-bb0d14cfe9c2	FocusImprovedResources	ChallengeSO
f2143cd2-b9de-4d83-b67c-a8f9fc2a67e7	FocusImprovedRunes	ChallengeSO
1ed71a24-fb6a-4dd5-8845-320007ca45d8	FocusImprovedSanctuary	ChallengeSO
8331509a-56e8-4e42-9553-6170cf32349d	FocusImprovedScribing	ChallengeSO
62891e23-9a8a-4052-beec-7fc97ccf4b0a	FocusImprovedSoil	ChallengeSO
490fdfa0-77c1-4afa-beb7-8e4400a35f45	FocusImprovedSpecial	ChallengeSO
cdf5c8d0-c9a3-4284-ac53-89cff39d7105	FocusImprovedSpeed	ChallengeSO
e7753630-8368-40ba-a632-fd1a32f9457f	FocusImprovedStudy	ChallengeSO
ed1145b1-8eaf-4b0e-906f-af0514e87581	FocusImprovedTools	ChallengeSO
4ea4853e-c74c-4083-9c9e-50ab50805796	FocusImprovedTransmutations	ChallengeSO
8283b31f-5ada-480e-912f-ce1d7c263a3a	ActiveChallenges	ChallengeListVariable
6d59039a-e1f9-445f-ba65-b36489d945bc	AllChallenges	ChallengeListVariable
e9c7ad23-40c7-44b7-ab4a-933ff8ad2e5b	ChallengePreferences	ChallengeListVariable
196355b5-4175-4aa6-a4df-656c4839a169	SpecializationAlchemy	ChallengeSO
738e0986-d162-447c-934d-0a1023cc7a56	SpecializationArcane	ChallengeSO
23a5c62a-30c5-4e95-aac5-2d0894db3667	SpecializationArtificer	ChallengeSO
bdbbccd2-1586-464f-8ed9-815bad7d55ce	SpecializationAugments	ChallengeSO
f5053ffe-5a9e-481a-bd7e-ae17d707e31d	SpecializationDragon	ChallengeSO
a5d39f13-831c-44d8-9f84-663fa276933b	SpecializationDruidry	ChallengeSO
50b6f382-f669-4f45-b156-4781c589d5fe	SpecializationExpansion	ChallengeSO
ed3880ff-e44d-4452-b382-6bea094bbf50	SpecializationItems	ChallengeSO
96074f46-91d3-4327-bac8-426d4611fad5	SpecializationMystic	ChallengeSO
247df7d6-d826-4504-96ba-6bd824cf10de	SpecializationScholar	ChallengeSO
01167793-121e-4265-93e5-5be520b48409	SpecializationStorm	ChallengeSO
f29fdade-03fd-490e-bbcb-15996f8ceedc	SpecializationWizardry	ChallengeSO
791b086d-3f26-43e2-846b-42170beafd21	SpeedAlchemy	ChallengeSO
9959b506-4430-4278-a17c-210b6d5675cd	SpeedRituals	ChallengeSO
d81093b1-4e09-455c-a943-2f0f0a759cb1	SpeedScholar	ChallengeSO
20111d7f-e6fe-4572-a0fd-a039e53678ff	SpeedWorkshop	ChallengeSO
05018748-f93a-4dd6-b63d-b41a9a4d732d	SpeedWorld	ChallengeSO
a205b198-a586-4a62-8790-22f84fa600e1	BalanceChallengeType	ChallengeTypeSO
fde8fcf2-9bc5-4a48-9424-f77ba38ff08a	BoonChallengeType	ChallengeTypeSO
fa84ea87-c915-46ac-b58e-e10d953b7dcc	FocusChallengeType	ChallengeTypeSO
5fbbd2ab-17c3-4803-8496-633dfba08484	SpecializationChallengeType	ChallengeTypeSO
8c49ba3b-3abc-4c88-aa92-12975343d258	SpeedChallengeType	ChallengeTypeSO
d119cecd-077a-4546-ba72-bc71e381d3d5	UniqueChallengeType	ChallengeTypeSO
ccc333dd-fe19-4db8-9717-57346682a623	WeakeningChallengeType	ChallengeTypeSO
8191b90f-fb11-4e67-b61e-62e336fc81b4	IncreasedDifficulty	ChallengeSO
63715c72-234a-45ff-bce0-36f4aa2d1f69	WeakenedAdvancements	ChallengeSO
e394550c-3647-45c1-83a7-91caf9954e62	WeakenedAgromancy	ChallengeSO
9b6f1510-ab97-41a2-a85e-237b6711a937	WeakenedAlchemy	ChallengeSO
de6253ed-c084-4743-b63c-bccd170e35a0	WeakenedArtifacts	ChallengeSO
765179d4-fc9c-469b-82d8-f6def418feb6	WeakenedArtificer	ChallengeSO
fc2d6fda-a358-458c-8ba1-95ff928a17ce	WeakenedAttributes	ChallengeSO
cebafbfb-6416-467e-9d1a-fd239fcc5ed7	WeakenedAuras	ChallengeSO
84f81343-8944-4258-b623-883eca4b54b5	WeakenedCantrips	ChallengeSO
1aa20c6a-dae9-4bc2-a780-0541f0fbb982	WeakenedCapacities	ChallengeSO
48dfa4f3-680d-4ca2-b83e-e65d852becbf	WeakenedCharms	ChallengeSO
898a76c8-170c-4d6a-9e93-0621ac4b46fa	WeakenedChoices	ChallengeSO
1a5c9324-e978-440d-b6fa-e3f7d47b6bf2	WeakenedConcepts	ChallengeSO
83b64339-9582-493e-991f-fcacfdaa2b6b	WeakenedConstruction	ChallengeSO
e023e785-a6a8-4340-81b6-5aec999c065f	WeakenedCrafting	ChallengeSO
1ee4915f-537e-4e7e-bb6f-cc69b997420c	WeakenedDimensional	ChallengeSO
fbff1fb7-1a05-4d77-bbc7-0070e99b5218	WeakenedDruidry	ChallengeSO
2519e676-a28a-4882-83b8-9eabfd4b37d7	WeakenedGenerators	ChallengeSO
d80459d2-af50-4118-9670-12929b7e20e8	WeakenedItems	ChallengeSO
8412b4e4-1c4c-418b-b3cf-066f889ec8f3	WeakenedLuck	ChallengeSO
85d81c0b-7c1e-4ed7-8b59-46c9ed240b56	WeakenedMachines	ChallengeSO
6998685b-7462-4cea-ab58-ea49a6485eaf	WeakenedMystic	ChallengeSO
ea5b9d63-e267-49f0-a5e8-feed0f7dcd50	WeakenedQuality	ChallengeSO
ca0f2de8-c102-4c47-b28a-48ee450da0b5	WeakenedRefinement	ChallengeSO
d1c9d609-883c-4952-960e-5a7c128e86fb	WeakenedScholar	ChallengeSO
8137bbf2-5862-41d4-9efc-4eb789ee7f0d	WeakenedTalent	ChallengeSO
b6e31c54-f9a9-4697-a2f8-be311c49bf0c	WeakenedTimeRunes	ChallengeSO
24ae77b9-e10d-457b-97dd-4ee7b98c4b75	WeakenedTools	ChallengeSO
248ac0f1-22f6-41eb-916d-c6e030ead1d8	WeakenedTransmutations	ChallengeSO
67b2b71d-f595-49b6-874b-6a61a6ac45f8	WeakenedVitality	ChallengeSO
db8d3afc-bde7-45c3-96d4-53f98719dc40	WeakenedWizardry	ChallengeSO
dd0c4f79-ed64-4f25-bdc8-5e3e0a5c8d00	WeakenedZeal	ChallengeSO
3e8213b3-89b4-4011-ac1e-11b07864b5e4	SummoningSickness	CharacterActionSO
9b3af688-ed2a-423a-a63b-c06c9d762b7e	DamageReductionFlat	CharacterAttributeSO
e122d868-570f-47a6-9748-d0951b68184c	EvasionRate	CharacterAttributeSO
5efcba09-6cc4-46a0-94ff-8c12f974442f	Barrier	CombatStatusSO
c625b07a-ac5e-463a-a047-b101a73e41c5	Blind	CombatStatusSO
02ea155f-c751-473b-8e9e-1b548b48d1b5	Broken	CombatStatusSO
45c1d25b-f928-47c6-ba96-d620604cb0c1	Empowered	CombatStatusSO
2080b3e9-2e8c-4ffa-a3fb-0653817fb8a6	Weakened	CombatStatusSO
c86d4cde-740e-41a2-a370-26ef4e95b48b	AllEnemies	CombatTargetSO
64c7c232-693e-4e1c-a8f1-d05b13478e02	RandomEnemy	CombatTargetSO
5b933ad9-ef77-40fc-b684-ebeb5e1dcff7	TargetEnemyRow	CombatTargetSO
5d95b57d-98d7-4d4f-bf47-4b3d1f64191b	PlayerHotbar	ConsumableRefListVariable
2b074440-e138-458d-9116-af905cb6c7cd	ActiveCraftingInstances	CraftingInstanceListVariable
b557060a-e109-40de-9a7d-f2b02bc9766d	ActiveScribeInstances	CraftingInstanceListVariable
057314a6-a333-4216-90e8-8372f48a3282	AutoCraftInstances	CraftingInstanceListVariable
f6cb65a8-a959-477c-9293-ff66f646c95d	AutoScribeInstances	CraftingInstanceListVariable
750aa389-9fee-4eb0-af84-6857f5135dd7	AllCraftingRecipes	CraftingRecipeListVariable
2917516f-34a5-47b7-85b2-0b2f9ab3a29f	ScribeCraftingRecipes	CraftingRecipeListVariable
b15690ab-828c-42b9-ad69-70f169a45961	CraftScrollDevelopment	CraftingRecipeSO
008ccaa9-da26-4b55-95a5-5bc5df9c62f0	CraftScrollEcho	CraftingRecipeSO
6c5c36ea-4736-46d2-b961-6227d4cce5d3	CraftScrollExcellence	CraftingRecipeSO
49da8d21-0f6a-492e-bd9a-15531b1737d5	CraftScrollLearning	CraftingRecipeSO
9c0a2b96-45fa-4aca-83ba-8efad8895608	CraftScrollPower	CraftingRecipeSO
d76565b1-8e2b-44fe-9cf3-995d6f666305	BrewingStation	CraftingStructureSO
3ab0014b-e6c8-474a-9610-8c5b04c30ac6	AllCraftingStructures	CraftingStructureRefListVariable
6df33b65-c92f-45cb-932b-5d32c92192fb	BrewingStations	CraftingStructureListVariable
c6037fb1-eaa9-45a5-a553-ab7b7a0f94e7	AreaDamage	DamageTypeSO
c7413238-4c58-49e0-b464-d03832226682	LightningDamage	DamageTypeSO
faa53a2e-a57f-49ea-a626-7bd726d2b57d	PiercingDamage	DamageTypeSO
3444dae4-9323-4e4e-8a0a-ae800da15ab8	ConceptDiscoveryTree	DiscoveryTreeSO
d88aa06b-7a71-4db4-a293-d27ab21befd8	GlyphDiscoveryTree	DiscoveryTreeSO
8c7325a4-2369-4eff-aac4-8894b82e38be	AllDiscoveryTrees	DiscoveryTreeListVariable
5ba0b305-21bd-4b43-af88-cc763ac04df8	SpellDiscoveryTree	DiscoveryTreeSO
99c2047a-95a6-4039-9966-2c3ef22e5972	TimeRuneDiscoveryTree	DiscoveryTreeSO
1a423610-06f8-40dd-a338-fd20d29b1294	BalanceChallenge	DisplayEffectSO
42e20a24-13ee-4714-bbd6-abcc1c1ce465	BoonChallenge	DisplayEffectSO
0c139841-0764-4eee-b442-8fece8b0a6bc	FocusChallenge	DisplayEffectSO
1bbe1505-05ef-4ea5-b636-388542846c82	SpecializationChallenge	DisplayEffectSO
c4465496-a605-446c-beaa-0ffb0cc3e458	SpeedChallenge	DisplayEffectSO
8ba2b577-5ed9-4a11-8ac1-db368544525f	UniqueChallenge	DisplayEffectSO
f320e562-4e70-41ae-b8ca-59b84d7f99ca	WeakeningChallenge	DisplayEffectSO
41fbcbfe-3b9d-4004-9a6a-ab6caa2d69dd	DustEffect	AnimationEffectSO
eba3802e-42ff-43a2-9be6-716db12f548b	FireballProjectile	AnimationEffectSO
10e13d0f-d75b-4464-99da-f72fa0a3a667	ImpactFireImmediate	AnimationEffectSO
f13ac116-72b2-43ed-9800-639383bc47ab	ImpactLightningImmediate	AnimationEffectSO
7c8dc0d2-fc38-481a-aafc-d73a26b5fdce	RayFire	AnimationEffectSO
104a1bd4-84e7-4b06-9fa9-366fbf73d560	RayFireWide	AnimationEffectSO
5b1032f6-dc1f-4aab-abbb-0a4a587c8eb0	RayLightning	AnimationEffectSO
7c1af696-6b98-4899-ae8e-ae1448822cc5	RayMagicCircle	AnimationEffectSO
ab4397c2-8247-49fe-af15-8121836da886	RayMagicParticle	AnimationEffectSO
537f91e1-0fcf-441f-a8c8-7272a8c3b02b	AllUpgradeableTypes	EquipmentTypeListVariable
2bc5530d-1040-4c1b-813b-a6608b3e3fdf	CoreEquipmentTypes	EquipmentTypeListVariable
e826f854-cd46-46cb-8904-3673e3649a5b	EquippedEquipment	EquipmentListVariable
cc1cb602-2427-41c3-a2f4-421b4eef2ab4	Accursed	GlyphSO
2c80bece-3e77-4893-86fc-631ece744a4d	Bright	GlyphSO
6f4c385c-5cc0-4508-b6de-38778b06682a	Dilated	GlyphSO
e33c312f-da8a-4a43-9b4c-6ccfddca51b1	Distinct	GlyphSO
841aead8-2657-4341-a396-69e897168e5b	Efficient	GlyphSO
4aa5e087-64b5-4352-84e1-aef9859a54c8	Extended	GlyphSO
01273beb-c908-491c-9351-368686eb20b3	Fortunate	GlyphSO
e10a93ff-07af-44d4-827f-a72214dcaad6	Heavy	GlyphSO
eefdc591-1330-4a2c-9fed-17e4ab840778	Important	GlyphSO
b0387ddd-2bd8-4799-8cd0-f8c624458930	Magnified	GlyphSO
806f1287-a072-4b01-8534-cca4faeb937e	Precise	GlyphSO
0eff1e6f-8e7d-4bb9-a94b-0d58b12935ba	Quick	GlyphSO
c7962e6c-a21e-4580-ad0a-26eba83856be	Repeating	GlyphSO
d39d6854-caa4-4765-8706-507cc3227db8	Resourceful	GlyphSO
d682a693-0ea1-4711-938b-c5405e2cebfa	Scholar	GlyphSO
a7482661-2543-4a35-9ac3-3749a31a9f52	Small	GlyphSO
56c3c9b4-05d8-49b3-b40c-2032fedde035	Strong	GlyphSO
f3b5a59a-1c9c-4d2a-9501-2c7c8ba26d0b	Surged	GlyphSO
168e3734-1ecb-4938-bd4a-d011ff13e201	Weak	GlyphSO
3426d4f1-3a70-402e-a350-525fdcf121e4	Weighted	GlyphSO
04bc301d-90c6-4d6d-aa25-188e313ed301	Wrath	GlyphSO
b5c27a3c-310f-496a-ab6c-ddd09c2ff85e	Helm	GlyphSO
af88a1f9-9880-44f8-81f7-2d776586ac7f	AllGlyphs	GlyphListVariable
a5ec469e-43ea-49c1-91cb-d058786875c2	AugmentSpellGlyphs	GlyphListVariable
3d2157bf-1cc6-41d0-82f4-19888edb01d2	CoreSpellGlyphs	GlyphListVariable
8ab13352-570f-41f3-aad4-4f1e39a7d162	EquipmentGlyphs	GlyphListVariable
a3b2379b-dae0-4eee-b46a-33e5e8d4d96e	SelectedAugments	GlyphListVariable
46ff490e-3b49-4827-86fb-8a5e8ef06ecf	SelectedEquipmentGlyphs	GlyphListVariable
6f963a32-e340-4f82-803f-cea658fd4e5e	SelectedGlyphs	GlyphListVariable
e134d672-bf16-44d3-bc5e-12cf92381b4d	Evoke	GlyphSO
02e0cda8-1c4b-4d93-b9d5-7d318cd352ad	Formation	GlyphSO
12eb2437-5bd7-4069-b02a-e6f1eee8f0c6	SpellAugmentGlyph	GlyphTypeSO
6dc7df29-0e91-4f67-98f2-3dca56e4d4e3	CreateHarvestAction	HarvestActionSO
f3f0d951-a34b-4bbe-99a8-ca7f6ce932f6	ExpandHarvestAction	HarvestActionSO
481a23c1-6596-4b78-a4bf-74b54b830263	AllHarvestActions	HarvestActionListVariable
af40da52-4a75-420c-a88d-008c3f5fc443	MiningHarvestAction	HarvestActionSO
8ead5f36-ecfa-4332-b0ae-f1fb51542b0a	PlantHarvestAction	HarvestActionSO
8456ad89-4d85-4fee-b490-d46ee3521f36	TransmorgifyHarvestAction	HarvestActionSO
b7033a1a-349f-4ebd-aae6-ba847cc9a109	WoodcuttingHarvestAction	HarvestActionSO
8646d81e-56b0-4871-a279-f9318c4c4294	DarkThistleFlower	HarvestElementSO
17ea5e2e-ebbb-43c8-84d0-8566cee54bf5	DreamberryFlower	HarvestElementSO
a693d5d0-a7a4-4952-9e70-8985fe919718	ForceTree	HarvestElementSO
3e184b9c-7d68-49c2-b6fa-0dbf5812e9c2	IronwoodTree	HarvestElementSO
e0c527f1-dd17-4c2f-8fd9-af0022d0bb8d	MagebloomFlower	HarvestElementSO
21b30786-67f6-43a2-95e3-54212c0060f0	OakTree	HarvestElementSO
9e468d4d-e139-406d-88f0-2d7268666a26	OrganicMaterial	HarvestElementSO
e4a9d4c3-61cc-4f94-bab9-7bc8e841cc32	ActiveHarvestActions	HarvestActionInstanceListVariable
5a9f8001-3ae2-4799-86b6-5198763e0fe2	ActiveHarvestElements	HarvestElementListVariable
1a847485-25e7-44bf-8770-19e573c40fa5	AllHarvestElements	HarvestElementListVariable
62438f29-e8ab-4176-9816-ca880ffb76e9	AllHarvestTypes	HarvestTypeListVariable
01d2a188-55ca-4240-af75-311528d2241e	GardenHarvestElements	HarvestElementListVariable
89a0532f-5125-4501-b79e-e965efdb0dea	GardenHarvestType	HarvestTypeSO
90b55c85-1c53-453e-9c03-e3e9309f96ed	HerbHarvestType	HarvestTypeSO
354126ed-f502-4fa6-892c-27be7c202746	TreeHarvestType	HarvestTypeSO
dad34e22-875c-4ad0-8144-165e0a063b07	ConceptInstanceScaling	InstanceScalingSO
53b4b824-55e2-46d7-8625-6f110a0f2a42	HarvestActionInstanceScaling	InstanceScalingSO
e704beb8-9929-4cea-bf0b-c188278a89b9	HarvestInstanceScaling	InstanceScalingSO
dc8fa545-c929-49bd-99f3-b06cc74b6f22	UseConsumable1	KeyBindingVariable
47ac504b-480c-43fb-a72b-e26e7c5ebfab	UseConsumable2	KeyBindingVariable
95d718f4-3a05-4249-90e8-bd8f6999a12b	UseConsumable3	KeyBindingVariable
df8dd1c3-e595-46d7-8ff6-6ba5041d5917	UseConsumable4	KeyBindingVariable
636efb3f-e825-42a4-a61b-b34ee2f30857	GlobalSearchBinding	KeyBindingVariable
8546827b-5fb1-4f01-9d67-908e75dba284	IncreaseBuy	KeyBindingVariable
a6def858-9b59-448a-8aa8-514a503c11f4	InspectTooltip	KeyBindingVariable
7109f1d5-af1b-4e60-b4c9-709ddb22c866	Inventory	KeyBindingVariable
355c9d24-2984-4d90-8aea-85afe1d1af6a	AllKeyBindings	KeyBindingListVariable
676478fa-612a-4f93-94f3-7a5f64e2ccd1	ConsumableKeyBindings	KeyBindingListVariable
f4e35866-f6fe-4b7a-87bb-08d67df241b3	SpellKeyBindings	KeyBindingListVariable
c7159fc0-d2e2-4efd-8cc3-3a7e752d38df	ViewKeyBindings	KeyBindingListVariable
2fe23b32-c69a-4232-9b07-6e2a7a8262b2	Loadouts	KeyBindingVariable
d4ca295f-4795-4b0f-a9e4-13a3decc438a	MaxBuy	KeyBindingVariable
0dc091e1-c412-4ded-8427-6655a42af733	MoreInfo	KeyBindingVariable
f9e3f458-c0ad-4e2a-947d-4d52ec174609	CastSpell1	KeyBindingVariable
6ca92b42-e3c4-48b7-abc7-9cd8554c89f6	CastSpell2	KeyBindingVariable
47fd15ba-1d69-4561-ae9a-fbcdd35e5183	CastSpell3	KeyBindingVariable
9447c976-33fd-411d-8e11-e131670d5b03	CastSpell4	KeyBindingVariable
03700f86-4baf-4b81-a108-160d18957f15	CastSpell5	KeyBindingVariable
559fd2b0-1bcf-42bd-8788-d1f7357c0adf	CastSpell6	KeyBindingVariable
0b1d61e5-b0ef-4083-af03-876156d3ca36	CastSpell7	KeyBindingVariable
0f65d8ce-0911-418f-8a19-042506654b4c	CastSpell8	KeyBindingVariable
ecae8105-3d38-485d-9c5d-5b9d0839f4a6	CastSpell9	KeyBindingVariable
4c80686f-9fff-455a-8082-d4d5677b560f	TabDown	KeyBindingVariable
f8e013cb-19a7-43ed-b971-71ef2fc328ef	TabLeft	KeyBindingVariable
9f83e5ee-ed97-4b4d-b590-f7cc3f00594b	TabRight	KeyBindingVariable
24820a1f-fc51-4351-bf6c-cd5fbf76f5d2	TabUp	KeyBindingVariable
f1b0ddfb-94fd-4257-ad9d-e133f92d8921	ToggleTooltip	KeyBindingVariable
1f1bb6b4-521f-4c68-b5a0-a1aacca829ca	GoToAgromancy	KeyBindingVariable
71135080-bd43-4b6c-8723-2233829b3aea	GoToAlchemist	KeyBindingVariable
4f652d05-d7fb-4bc2-ac01-2f37cfdea0db	GoToAlchemy	KeyBindingVariable
cb982440-a2a9-488d-a5a5-865d2f2f07a6	GoToArtifacts	KeyBindingVariable
c51b7667-ebe5-4145-aabb-062cd7fd917d	GoToArtificer	KeyBindingVariable
4c51c4ac-9413-456b-8194-5cdfd27c0e56	GoToAugments	KeyBindingVariable
5c41a525-ee67-4d12-8e7b-ee44f2354c94	GoToCasting	KeyBindingVariable
819e3d5f-cc06-42ff-be02-0870232edccf	GoToChallenges	KeyBindingVariable
e16d4797-4d30-4748-9547-a1091d1efe6e	GoToConcepts	KeyBindingVariable
49333dbb-3ba7-4816-8a89-224ee642ee1c	GoToCrafting	KeyBindingVariable
3f6eff9a-fda5-4ea8-b481-6fdcb93d4184	GoToDimensional	KeyBindingVariable
95b6485b-0cae-4d04-bcf6-bcfcb03f933b	GoToDiscoverRituals	KeyBindingVariable
20d29fa7-2bd1-4508-9858-03f0620dcd6a	GoToDruidry	KeyBindingVariable
6304d2f5-cc44-46c8-b991-1e8539fe7796	GoToLearnAlchemy	KeyBindingVariable
0049189e-7c6f-483f-a86b-ca6c18bedb2d	GoToLearnSpells	KeyBindingVariable
38110288-aee6-46e3-bfbd-557e1804ab2f	GoToLoadout	KeyBindingVariable
a4b549aa-caee-49de-8bed-3fdab3bd2907	GoToManageSpells	KeyBindingVariable
ce0c058c-b674-49ca-bc18-0d48fafae8c3	GoToMaterials	KeyBindingVariable
595a9725-14cb-408c-bf8c-a1700ca5f492	GoToMystic	KeyBindingVariable
4ca299cd-6ed5-4970-8bab-b20f0f30fd8f	GoToResearch	KeyBindingVariable
be6fd214-03b2-4f64-9a2a-60b910d3ccfd	GoToReset	KeyBindingVariable
7fd04399-007c-425c-98c0-71976856ce98	GoToRituals	KeyBindingVariable
3533ba35-dda1-432e-b728-bda70ec04fe0	GoToScholarism	KeyBindingVariable
524fbb60-9d3a-4f54-8876-ece84f37b383	GoToScribing	KeyBindingVariable
05c06263-25a7-4e7d-ac8c-ae83b3a92dc8	GoToTimeRunes	KeyBindingVariable
dcaa65ff-ca70-4a09-a44e-fb6447d51cb2	GoToWizardry	KeyBindingVariable
0a001250-e48d-4376-a7cb-80deffaf307a	GoToWorkshop	KeyBindingVariable
2d2af132-4b8b-4e0d-9afe-70dc75b1e820	AllLocalizedStrings	LocalizedStringListVariable
26123417-e601-4e69-a01c-1d606714881b	Achievement	LocalizedStringSO
e329b2c9-a14a-4f1c-98e6-c63ef3edb3a2	AlchemyDurationText	LocalizedStringSO
4c48e894-549b-4f71-810a-01f80c61de23	AlchemyText	LocalizedStringSO
3c8c6d69-d2ba-4b99-a75d-230c664912eb	AlchemyType	LocalizedStringSO
286ccc5d-2318-4ab8-9887-86609451b368	Animation	LocalizedStringSO
40d12e29-80a3-4d24-8a0b-24fb474fb6a3	AnimationEffect	LocalizedStringSO
e0fec3d8-67d5-431a-bbf5-6004f026e116	AttributeGroupDisplayType	LocalizedStringSO
4e28b65d-f552-410b-a846-46a7e8db5cb6	AttributeGroupModifierText	LocalizedStringSO
f98dc882-d41d-4221-afb2-4cb4d04b9032	Character	LocalizedStringSO
399e57fe-cafd-4537-a5a2-1298d5889481	CharacterAction	LocalizedStringSO
e0cee0ca-44e4-4bb1-b39a-0a000c4ef987	CharacterAttribute	LocalizedStringSO
6f5eb824-36f9-45df-9b17-c67c1a3af4bb	CharacterModifier	LocalizedStringSO
d712a61d-c7fe-41e3-bbea-c4f8c1f7b861	CharacterType	LocalizedStringSO
9574843f-d6a2-4819-b993-9f1c8f61d725	CombatStatus	LocalizedStringSO
3eb6cf04-3760-42e3-8c18-cede2895b72b	Consumable	LocalizedStringSO
853d19f2-f7d8-4455-9b54-43b56834bebb	ConsumableType	LocalizedStringSO
30f3e64e-5687-4d1f-9dd4-790c2b7098fc	CraftingRecipe	LocalizedStringSO
bbd686af-161b-4dd6-be97-fdc9da66870c	CraftingRecipeType	LocalizedStringSO
cf641a01-2582-48e9-be3e-442a2e9c0ebf	CraftingStructure	LocalizedStringSO
51764ba3-a4cb-4931-83a0-a7f55ef741ce	DamageType	LocalizedStringSO
5c3f8e57-350c-4f85-9a96-2944b22b2461	Dictionary	LocalizedStringSO
f13fe0b1-c17e-4f43-8690-550427d52cea	DiscoveryTree	LocalizedStringSO
923e5d93-a9b3-4642-8916-7b4847e9cde6	DisplayEffect	LocalizedStringSO
2f73cf47-3bc2-4790-9822-b3434ddfec5b	Enchantment	LocalizedStringSO
088ad634-0218-4a5e-85ed-4bf8eaf057df	Equipment	LocalizedStringSO
b17fe5f9-826a-43ee-a903-d366f5c9da03	EquipmentText	LocalizedStringSO
963deef7-78c1-44e8-b7c8-f13081fbf310	EquipmentType	LocalizedStringSO
3888ff9a-dc86-4327-b3d3-61c64dae08a3	Glyph	LocalizedStringSO
1376905e-0da5-4c25-a914-1c574a5ff5b1	GlyphText	LocalizedStringSO
5beb4246-9102-405c-8274-6e990d7bcde7	GlyphType	LocalizedStringSO
6910c933-d40f-4283-861b-499ebff8a52e	HarvestElement	LocalizedStringSO
eaaf6d05-f99c-42df-8ba6-7420aae271e3	HarvestType	LocalizedStringSO
fc879394-cd2e-4d58-9903-46c6e658aab1	InsufficientReq	LocalizedStringSO
85e36b1a-a1e6-44b4-b86c-e2f8409b73dc	LoadoutSpellError	LocalizedStringSO
ce554d2b-5730-422b-94e2-fdcd18331a1c	PassiveAbility	LocalizedStringSO
88dec179-6f84-467a-946a-6b2c69b36871	PerLevelText	LocalizedStringSO
608b4dd7-dc81-44c4-9b8c-ee683b9875ec	Permanent	LocalizedStringSO
f1f7a9bd-72ed-4bfc-b2c2-ab8431af9b0c	PersistentReset	LocalizedStringSO
f0be3df5-b67b-4e68-a44b-693f83e619ae	PrerequisiteLink	LocalizedStringSO
83b924e1-175c-49c5-ab22-e38d2a1835e7	Requirements	LocalizedStringSO
53de0892-e188-40a3-987b-386b829b147e	Research	LocalizedStringSO
9d59c875-bf08-43bf-b1ca-c666924ed1bd	ResearchDevelop	LocalizedStringSO
6ea9f74e-9274-494f-8c44-727be91869c9	ResearchType	LocalizedStringSO
e84dd510-6935-40da-b47d-384bb3946d91	Resource	LocalizedStringSO
0d4f5dbc-ddb2-4805-b893-71aa3b0fa7aa	ResourceType	LocalizedStringSO
70797278-46a5-46ac-8fe1-ff0b36924ff4	Ritual	LocalizedStringSO
d60f57df-9e8b-44e8-9acd-9cc178f3c340	RitualType	LocalizedStringSO
6f49d9ba-17ac-491e-8af5-a10f3c3aafcd	RuneStone	LocalizedStringSO
782c51ea-e323-4f0a-9981-0b6362e0d381	SpellCastType	LocalizedStringSO
38bdbf03-cac6-4e90-afb7-f7d3aa2b2ce3	SpellRecipe	LocalizedStringSO
8f6b157f-1ce6-49fc-a933-809fd89bd2ed	SpellType	LocalizedStringSO
11743a8d-1d25-4152-9729-2770bcef8dba	Structure	LocalizedStringSO
83caa0f0-7add-440d-87cb-6b3a5f69bd26	StructureType	LocalizedStringSO
50e9ab2f-1940-4a8e-af85-e38ff51902bb	Targeting	LocalizedStringSO
77fe6bd9-2c19-4576-9948-886f41a42fd7	Undiscovered	LocalizedStringSO
eac964c7-6ab6-466b-847f-ad9ce3c68567	UnknownResourceRequirement	LocalizedStringSO
f18e5b8e-df56-4735-9b56-b138f77209af	Upgrade	LocalizedStringSO
48582fe4-76ae-4e69-8b3e-73a8d9b177dd	View	LocalizedStringSO
a1615742-d153-46ca-9ca2-8b4e624d4ee2	LThoughtAwakening	LocalizedStringSO
e9be044e-1e0c-460b-826c-a0216a85ae76	AlchemyLeveling	ModifierListVariable
fcb684e7-ba5b-42f9-b0f1-c75e370d8400	AlchemyPermTime	ModifierListVariable
74376a1f-f061-43d9-a89a-66fa1f060e8d	AlchemyXpReq	ModifierListVariable
dfae3ffd-a5f1-44df-ad55-b6aa9d9e5ab5	ChallengeDifficulty	ModifierListVariable
5ed881e7-e6a6-4c58-a896-3c5cb6235fab	ChallengeTimeScaling	ModifierListVariable
78e0b08f-a3b1-41f0-925c-44bc71c7f118	ConceptAdvCost	ModifierListVariable
9644849d-b7f8-44e8-887e-b7a2b95cd60d	ConceptAdvTime	ModifierListVariable
3259c0fb-5e71-41a8-9a78-ad27de889320	DiscoveryTreeCostInfiniteGigantic	ModifierListVariable
bff4ae39-8eb1-4181-9c53-8b484ce39388	DiscoveryTree_Glyphs	ModifierListVariable
28dde5e5-22f9-427c-a85e-9d8644c2d117	DruidryXpReq	ModifierListVariable
0fafd8a7-c42d-4d1f-8332-c9e748318e6b	LevelingXpStandard	ModifierListVariable
83e5d4d7-4524-4f5b-9e4f-2198fe972829	ConceptReductive	ValueModifierVariable
73c94ed5-cdb1-43cf-9d50-39ea36e916e9	ConceptReflective	ValueModifierVariable
aaa38a97-4ea1-4ee1-afd8-bdd1193704fe	ScalingLight	ModifierListVariable
dbe530e3-1f59-4e6b-b9a5-9202a55e8728	SpellCost	ModifierListVariable
4bce104a-1b0a-47de-b169-3e64bf8c72b3	SpellDuration	ModifierListVariable
45481b77-d5d1-4567-b4eb-c91eb151b0be	TimeRuneAdvancementXp	ModifierListVariable
6303ac34-cc86-4fe5-b5ca-f3881f5fcb99	UpgradeLeveling	ModifierListVariable
b9ba0882-bfee-4e8d-be5f-e3a9a78acfd8	Upgrade_SparkChaos	ModifierListVariable
dcb18de5-90fe-4a6d-ad22-b28c50cde6ad	AmbienceTrack1	MusicTrackSO
0c474598-9ce0-4828-90ee-61c93b04f662	AmbienceTrack2	MusicTrackSO
dc551c55-ead6-4093-a72a-38a3ef6db8b1	AmbienceTrack3	MusicTrackSO
5c45c5bf-30cd-42fe-ae25-ff27b0275bab	AmbienceTracks	MusicTrackListVariable
5e83c8e1-f41f-4016-8c54-7838c24e4bf9	Thorns	PassiveAbilitySO
a985f275-90cc-4644-89cc-6553519e72b7	ExplosiveElixirPassive	PassiveAbilitySO
95b06f7a-e361-4419-818f-85948f606bbc	StormChargerPassive	PassiveAbilitySO
be24e8dd-2af1-4fcf-a17a-5121ad9fc549	AmassedTokenPassive	PassiveAbilitySO
945a97ad-1518-4499-ad55-bd91b7066ffd	BeamingTokenPassive	PassiveAbilitySO
0b2cb97d-d74e-4953-b925-681a0e9540ba	DisintegratingTokenPassive	PassiveAbilitySO
00504a78-d328-4e4b-8380-16d741fa76ed	ElementalAffinityTokenPassive	PassiveAbilitySO
ffb6bae5-d233-4e56-a228-acae82c45103	ExcavatedTokenPassive	PassiveAbilitySO
61bbd600-2c8a-490e-9f43-47e5768cb80e	ExhuastionTokenPassive	PassiveAbilitySO
5209e8e1-7322-4407-94c5-fbf8307deea6	IngenuityTokenPassive	PassiveAbilitySO
06ea55a2-e580-4591-8d63-edd7c77a6446	LearnedTokenPassive	PassiveAbilitySO
e52b54ce-80ae-4e9f-86e9-892eeb15460a	LingeringGrowthTokenPassive	PassiveAbilitySO
3d94a4dd-aead-4530-b955-2d65b5442c06	LuckyTokenPassive	PassiveAbilitySO
f4fe27f3-1bae-404b-8f98-dec5ba5a954c	MagicAffinityTokenPassive	PassiveAbilitySO
510bca3e-bf92-4bbd-b65d-7bbd0a2b5a15	NatureAffinityTokenPassive	PassiveAbilitySO
264ef552-0c7c-425a-8953-cd4b370c0ffe	QuickWittedTokenPassive	PassiveAbilitySO
d233d67e-9e3f-4982-8964-124df32706a0	SpacialAffinityTokenPassive	PassiveAbilitySO
3631e0a9-e34e-416f-a6c1-b78c17b280e4	TimeSicknessTokenPassive	PassiveAbilitySO
cb29889f-37e5-4e92-89cd-f76911a0ebe8	VesselTokenPassive	PassiveAbilitySO
ea2687b0-7e4c-4452-a90c-ff6cebe687e3	AllPassiveRefs	PassiveAbilityRefListVariable
c432a8d5-0c91-4389-929d-8cc2e9b4d45a	BrilliancePassive	PassiveAbilitySO
67907ba8-19cd-40ba-8c96-c51bc158c4a4	DistortedFusionPassive	PassiveAbilitySO
a565a048-a875-433f-b27f-c780ef5b9907	EmblemOfFormationPassive	PassiveAbilitySO
d1a2ca8b-af56-43db-98eb-bba192173a76	KineticMindSpellsPassive	PassiveAbilitySO
729b3f91-6159-45bd-b75b-5615a0b4437a	MentalExtractionPassive	PassiveAbilitySO
938565cf-4ed3-4002-bed6-ef59c538ef09	StaticFieldPassive	PassiveAbilitySO
5c78e670-d673-4a09-9da1-a873e39251ec	UndergrowthPassive	PassiveAbilitySO
e08f243f-63af-4188-a5cc-4ae44131fab2	SpellOverEncumbered	PassiveAbilitySO
425f5bdb-6a5f-483b-895b-f00e98ab3370	AilmentPassiveType	PassiveAbilityTypeSO
ef68f51d-aaf6-42c3-a390-3e55aafa70f0	CombatPassiveType	PassiveAbilityTypeSO
f1b8f6ab-716d-4e66-be36-ac482c1dac9c	PermanentPassiveType	PassiveAbilityTypeSO
95a27ac0-751c-4972-922c-cc6b8c0949da	ReflectivePassiveType	PassiveAbilityTypeSO
0cfd8792-a82c-4a89-8921-5c4fe2578c09	StatePassiveType	PassiveAbilityTypeSO
4ffba2a1-09b4-479f-8772-7aaa228cf157	ReflectiveBloomingLearning	PassiveAbilitySO
6e1727bd-2bbf-47f9-b39c-1301f191b287	ReflectiveBuildingLearning	PassiveAbilitySO
187d11e0-83e7-4af2-acc2-75c6c7b54fef	ReflectiveChargedLearning	PassiveAbilitySO
ff521c14-ee3e-489b-9fb0-8b228516bb20	ReflectiveEnergizedLearning	PassiveAbilitySO
1d231459-552c-41f9-a03d-8a2d0e720352	ReflectiveEssenceLearning	PassiveAbilitySO
5fb36dfb-7e34-47d5-b79b-82a627bb6b4e	ReflectiveMagicLearning	PassiveAbilitySO
125d5d0e-b085-4c45-88ba-1afea0d7d9fa	ReflectiveMentalLearning	PassiveAbilitySO
6b795087-756c-44d3-a2bf-76ae415714b9	ReflectiveNaturalLearning	PassiveAbilitySO
d059582a-ec2e-4be9-93eb-e86b63256568	ReflectiveRestorativeLearning	PassiveAbilitySO
f98d5f5a-9e04-47d5-b14e-3a6c1f03b751	ReflectiveSpacialLearning	PassiveAbilitySO
5874fa7d-24fa-4aea-b65d-f09069c3ca33	AllPlotNodeActions	PlotNodeActionListVariable
d5ef8e3d-9dc9-4eea-b239-be8e667c07df	PNAVoidMossHarvest	PlotNodeActionSO
70871e86-100b-4ae0-ba9b-fc96e09b7e1f	ActivePlotNodeActions	PlotNodeActionInstanceListVariable
f6f589e9-c60e-48ee-a96b-6649997c9515	AllPlotNodeRecipes	PlotNodeListVariable
d07d202e-28f4-4649-87d8-54c44fd7c4b3	AllPlotNodeTypes	PlotNodeTypeListVariable
564817ff-777e-4298-bfc1-ab86a0edfe12	WorldPillarPlotNodeRecipes	PlotNodeListVariable
04c30b0b-eea0-4c44-869c-8872578c618b	GlyphUpgradesUnlocked	PrerequisiteLinkSO
92aa8fd0-921e-4e77-b523-5b3decf162b6	ResearchDependenciesVisible	PrerequisiteLinkSO
fb131a09-b365-485a-87c5-37863d81d372	ThoughtStreamsUnlocked	PrerequisiteLinkSO
ecd8163f-bdc9-400e-9b08-2f2213846d97	TimeRunePersistenceUnlocked	PrerequisiteLinkSO
673c0672-016b-4dc9-a53d-60939c1439cc	TimeRuneUpgradeAvailable	PrerequisiteLinkSO
04a8e677-0afa-4011-aa94-d8bc565d3d85	TimeRunesUnlocked	PrerequisiteLinkSO
f95e84dd-b2a6-4635-aa4c-240fa2ff5564	TimerAlchemy	PrerequisiteLinkSO
eb2977ee-8492-4254-97c6-ccd360fc7c80	TimerScholar	PrerequisiteLinkSO
a2973494-98a6-439b-99be-84de67cf04f7	TimerWorkshop	PrerequisiteLinkSO
505da5f4-ac39-4476-9d06-63c8a2451035	TimerWorld	PrerequisiteLinkSO
59ea2e8b-03a2-403b-a28c-fa3f868a2530	AllRecipeBooks	RecipeBookListVariable
c4e154dc-5606-451e-bfde-81a5b0d5323d	ConceptRecipeBooks	RecipeBookListVariable
d82388e8-d517-41d0-9cd9-36b61856d572	SpellRecipeBooks	RecipeBookListVariable
21fb017b-e677-44d1-808c-044e2d449580	TimeRuneRecipeBooks	RecipeBookListVariable
06a032a1-f7ae-4e7b-9155-4162357afd1f	EvokeRecipeBook	RecipeBookSO
b783b630-edc8-4d69-b0cd-40c9e0419833	FormationRecipeBook	RecipeBookSO
16d6ce2e-af2a-4d16-a38a-6787ed432f3d	AllResearch	ResearchListVariable
220b9ea6-445a-468a-b99c-d96a2c67bc32	AllResearchTypes	ResearchTypeListVariable
c77a075f-c2d5-4d0f-8b0f-cb5ac43c8d86	ScholarResearches	ResearchListVariable
879cdeb6-68de-49c4-95a5-7720c2a2c223	AllResourceTypes	ResourceTypeListVariable
847cbe65-3123-4042-a483-31940173d003	LevelableResourceTypes	ResourceTypeListVariable
38cf79fa-1f6d-437b-88ae-95235bce905a	SelectedRuneStones	RuneStoneListVariable
3acaa970-a98d-4226-a8e4-a3ec2080a841	AlchemyScalingMutagen	ScalingWeightSO
b32c71ff-87de-4b3e-8198-8f9469af773b	AutoAttackRepeatScaling	ScalingWeightSO
798a6152-62bc-404b-b4ca-f1a7e2e6c574	AutoAttackScaling	ScalingWeightSO
98b5d720-8c39-4115-97ce-dab30c0da6d7	BrewingExp	ScalingWeightSO
cf122f68-5fbb-4f4c-9093-e7984b9de179	ChallengeBoonEffect	ScalingWeightSO
15832d06-6e92-4541-9033-c0fb3776ecb8	ChallengeEffect	ScalingWeightSO
37a77442-47f7-432e-a14f-f00b03234074	ChallengeReward	ScalingWeightSO
b1dba771-bbad-481c-978b-b0a899cdfbfb	GlyphOnCastToken	ScalingWeightSO
9b1d3e2d-3e13-41a0-bb96-7a720a033ebf	SpellAugEffectGreater	ScalingWeightSO
503a9bc1-f2c6-4276-873f-ebc0e5729f7c	SpellEffectAugResource	ScalingWeightSO
8586ce00-1006-4803-8d3e-3216b8cb2540	TimeRuneInstantScaling	ScalingWeightSO
7c153f90-a550-4c2b-959c-fe3ecbdf7e4a	AmassPower	SpellRecipeSO
2108c118-a1c4-4cc7-ba1f-73b0cc01cf5f	ArcaneAura	SpellRecipeSO
5a7a5245-bf71-45e1-b2cd-b9294684f838	ArcaneExcavation	SpellRecipeSO
603f7d36-de55-45c9-967b-e1de63dbf5e2	AttuneOrb	SpellRecipeSO
d877712d-d606-4c7e-8689-2d51292fffaa	AvatarOfEvocation	SpellRecipeSO
075fcca6-8c12-4b2a-b690-94deaa2c54d3	BeamBurst	SpellRecipeSO
a727b422-34f7-4a57-9f5b-3d9334d7df75	BrainBiscuit	SpellRecipeSO
d97f1677-71e2-4ff3-b627-e360726c43a6	Brainstorm	SpellRecipeSO
067aaa29-3498-406f-9e7a-f91baaeaecbc	Brilliance	SpellRecipeSO
2bc6b815-bb82-4258-8d0a-3bcb4cdd71f7	CausticConversion	SpellRecipeSO
e6e4659a-1855-463a-acda-dcb2edb30df5	ChannelBlaze	SpellRecipeSO
47e1359f-ce70-45b9-b438-59a0af696abd	ChannelSpark	SpellRecipeSO
fc22873d-3462-4101-b436-865775b7afe2	CondenseTime	SpellRecipeSO
35a8a47e-c5e0-4910-88d0-5711712fbb26	ConjureLife	SpellRecipeSO
2dcc32b4-ebc5-4239-bc9e-97c3b76ffd8d	ConjureSpace	SpellRecipeSO
409bce8d-9fe1-44a1-970a-7acdf69d6c24	Construct	SpellRecipeSO
4602ad9e-8792-4dec-8e32-2f2564361f7c	CraftLightning	SpellRecipeSO
4468cc39-e6d3-41ab-97ff-3fdb8e294547	CreateSpring	SpellRecipeSO
9293f4b3-49dd-4fd4-b13c-2bc3573c9e95	Crucible	SpellRecipeSO
e39e13d6-bca1-4d38-b9ec-7d629553b557	DenseExpansion	SpellRecipeSO
aa00cc47-69e3-4a7e-8ca8-581c3c393e16	Disintegration	SpellRecipeSO
1daf43a3-8117-42a9-85be-0e8285b5e3d2	DistortedFusion	SpellRecipeSO
8574b029-bd72-40e9-bb82-f2c6a490a70d	EchoTendrils	SpellRecipeSO
5bf07a03-7e7a-4f7b-b72c-554684daba6a	EmblemOfFormation	SpellRecipeSO
7a577315-d4ce-40fa-9067-969ff6503711	EmeraldBeam	SpellRecipeSO
045514d0-2a44-44a6-9228-780f5d5bb812	Enchant	SpellRecipeSO
9a99282a-e597-48cb-90d7-29139773952e	ExpandMagic	SpellRecipeSO
db0694f1-82bf-4ecf-a139-1341efee2bb8	Firebolt	SpellRecipeSO
89a33aa6-0361-43fb-975d-27b78eae8c2d	ForgingBreath	SpellRecipeSO
bd65fefa-6af5-4e9a-a3b0-9727b9d38929	Haste	SpellRecipeSO
332915ff-cad4-45d1-a344-21cc574798f1	Industria	SpellRecipeSO
5918deeb-5767-40da-a693-be6a4c49c829	KineticMind	SpellRecipeSO
894c0940-40d4-4127-82ed-f2c1cea48a67	LightningSpear	SpellRecipeSO
6dac8076-6af3-42ef-a849-3a2848e4989f	ManaForge	SpellRecipeSO
c6b21b6f-0918-4412-99f2-4c383fd166fc	ManaShield	SpellRecipeSO
b32ffd90-9ec2-4de6-9a66-6b98933e3b3b	Meditation	SpellRecipeSO
70dc1782-3ac3-4581-a41c-4842ee7e8d84	MeditativeFabrication	SpellRecipeSO
80c1c96a-1e30-4efc-9e7e-537cd750a52d	OcularMagnification	SpellRecipeSO
852528f2-44c9-420e-b0c5-40ad3a7e6249	PowerStrike	SpellRecipeSO
0880933f-5a50-461f-9a5c-d275f621f74e	Profusion	SpellRecipeSO
3f86f7d6-8662-4b9e-8c37-6d462a8eb451	PsionicForging	SpellRecipeSO
18df64b0-e8cf-4a2a-9da6-0d3acaa2bec1	PsychicBlast	SpellRecipeSO
687371be-71bc-4344-b0f5-58c736a3c72c	PurifyOrb	SpellRecipeSO
26e546e3-0516-4e3e-83fa-67bedbfc4891	Radiance	SpellRecipeSO
7558d600-6ffa-4c66-9956-4d12a5c383f6	Rally	SpellRecipeSO
52206562-64d3-4f28-8f79-6a4f1d20d9d8	RalochsCube	SpellRecipeSO
4310aed1-3eb4-4db7-960c-177681809301	Recharge	SpellRecipeSO
7bfb5588-adda-48e1-813b-b4a8ce0c182f	RecifitrasPrecision	SpellRecipeSO
21ac9a1d-4579-4e3c-ad5e-7ad641dee90d	Reconfiguration	SpellRecipeSO
3368101f-a6e4-4f5c-9ff3-a9c4f276da3d	Reverberate	SpellRecipeSO
7d3d5b2f-b51a-475c-b457-ced90bf6b498	Sanctify	SpellRecipeSO
a79ac548-f679-4396-bcda-d1e9789822fb	Scry	SpellRecipeSO
67759ff1-4b76-4375-bfa6-7693ab9f2912	ShapeNature	SpellRecipeSO
2315801b-2271-4bf7-a2d9-2ae53d1b6e28	SharpRicochet	SpellRecipeSO
56648764-384b-4108-81b9-40f285d82045	ShockStorm	SpellRecipeSO
734ed8c7-9c4a-4b31-9c67-3898ba0e4480	SiphonSoul	SpellRecipeSO
260eeb8b-2511-4a65-9b62-c23811972ae0	SolarFlare	SpellRecipeSO
de83a73e-9676-4d6b-bf27-3fac2279d10c	AllSpellTypes	SpellTypeListVariable
15008541-c7ed-4122-aa09-5bac216b8121	Supernova	SpellRecipeSO
87484c99-f1ac-478e-a9d4-1f9443ee5cde	Thunderclap	SpellRecipeSO
6c60af7d-1616-46af-bdd6-b28a9dbcb864	Transfigure	SpellRecipeSO
1182febf-5fcd-47b1-93cc-5bedf709d8b3	Undergrowth	SpellRecipeSO
fcfa2fa9-2ad3-41c8-af83-d1e45f25f8a1	Vilify	SpellRecipeSO
02f55f76-bdba-4fa4-841b-da3a62b0d6db	WhirlingSorcery	SpellRecipeSO
d104fef1-32be-46ed-a18e-7a7cfd1fbc13	AllStructureTypes	StructureTypeListVariable
c8fc44b9-ec72-414d-97c3-44278652dda7	DimensionalStructures	StructureListVariable
e7bb5ea5-eeff-4490-8808-0074ecf3a53e	DruidryStructures	StructureListVariable
ffb933f7-0860-4f81-ac2d-f104adaa56b3	ScholarismStructures	StructureListVariable
2bbab7dd-dd42-4e7f-b34d-0c7c8447e57a	WizardyStructures	StructureListVariable
73e434d2-d9ef-40bd-b08a-2b22ae19a67a	AwakeningThought	ThoughtStreamSO
1da6c242-b95b-4daf-8847-2423d31730cc	AllThoughtStreams	ThoughtStreamListVariable
979b93de-e0de-4161-b344-3432b9e9ce62	RecentRasteredThoughts	RasteredThoughtListVariable
c31c0965-6bca-4b95-ab25-fda327aab886	AllTimeRunes	TimeRuneListVariable
a98e5e7d-3bf5-46cf-a6df-73747ed57797	TimeAbilityPersist	TimeRuneSO
f248d5fc-0a56-45e2-915b-670417d02e2b	TimeAbilityScaling	TimeRuneSO
3fdb6158-8774-4378-8a70-42c595d0e5e3	TimeAbilityTempo	TimeRuneSO
20d02e67-03cc-43d4-992b-2c0098e9a1e7	TimeAdvancementAccelerate	TimeRuneSO
34e69f08-9a2d-455a-beaa-f8abf8ba5be8	TimeAdvancementPersist	TimeRuneSO
583e039d-abae-44ce-b73e-697440168b87	TimeAdvancementScaling	TimeRuneSO
a7104599-ac25-4ccc-9fc8-07d6fc0fcadc	TimeCapacityPersist	TimeRuneSO
0c602d25-8647-4360-b305-e6c9bc83abc0	TimeCapacityScaling	TimeRuneSO
4b4ebfc6-8cd9-488c-a117-2a0a749967dd	TimeCapacityTempo	TimeRuneSO
21734c1e-da53-455b-a10f-d943ffeac588	TimeCastingPersist	TimeRuneSO
827a21b5-201a-40d0-82d2-e2684f531a03	TimeCastingScaling	TimeRuneSO
40137020-ba7d-4cfe-92ce-7bce8ad4e3fd	TimeCastingTempo	TimeRuneSO
7fb57842-534f-4de9-9d9f-195f75c5af11	TimeCognitivePersist	TimeRuneSO
3e72ee71-8099-4306-8596-34362f3364df	TimeCognitiveScaling	TimeRuneSO
7caf81e8-a676-4ff4-a7d0-0e02eb103942	TimeCognitiveTempo	TimeRuneSO
bbd3dda0-7cde-41f2-a667-6f826a238b67	TimeConstructionPersist	TimeRuneSO
35803827-d208-4ddf-9c41-c50529c6ebe2	TimeConstructionScaling	TimeRuneSO
7060b278-d1a2-47f2-b45d-42e6a792e11e	TimeConstructionTempo	TimeRuneSO
82685602-5648-44a2-93ab-fea8525dad64	TimeDiscoverPersist	TimeRuneSO
25679d41-8a6a-43c1-87b5-b7c9ee004fa3	TimeDiscoverRarityScaling	TimeRuneSO
a570e255-5f20-4a4a-99be-e241e87229f7	TimeElementalPersist	TimeRuneSO
6ea1c886-a9ff-4801-91b6-cb64c1e28e52	TimeElementalScaling	TimeRuneSO
87b7d278-5f60-46b4-b889-3dd7146b1d8c	TimeElementalTempo	TimeRuneSO
d2ada00c-084b-4d01-a5b0-c707ed3fdfaf	TimeGeneralistPersist	TimeRuneSO
4f94cf9f-2d9e-4033-b436-1562bc6d92eb	TimeGeneralistScaling	TimeRuneSO
c79eead9-fe1d-4e2a-9c17-eb8eed9001a3	TimeGeneralistTempo	TimeRuneSO
58ebb978-0f10-4375-b3db-c84b467d055d	TimeGlyphicPersist	TimeRuneSO
95fa39c8-5873-4a7c-ab7f-5d1a74a565e2	TimeGlyphicScaling	TimeRuneSO
9e82ab01-7709-434f-b8b8-f08e77c39633	TimeGlyphicTempo	TimeRuneSO
01a6d158-0fcd-40bc-a3a2-8f748086201d	TimeMagicPersist	TimeRuneSO
1bf84780-5342-40e7-bda0-33a404683955	TimeMagicScaling	TimeRuneSO
9d35258a-6808-4300-9680-18f9d19bee06	TimeMagicTempo	TimeRuneSO
c1d6dcfe-714c-49c4-8eff-18d283ac6646	TimeMaterialPersist	TimeRuneSO
42cb5c5b-b995-4070-abad-940c50df20f1	TimeMaterialScaling	TimeRuneSO
32ba0a06-3f5a-4ec8-b746-4720c6edf693	TimeMaterialTempo	TimeRuneSO
8e26f645-bf13-4b2d-88aa-6fa72658a51c	TimePassivePersist	TimeRuneSO
b2e50fd7-d7a7-4007-9d8b-61a7e088f0a4	TimePassiveScaling	TimeRuneSO
e7766949-e441-4866-90e9-4abf64c2b79c	TimePassiveTempo	TimeRuneSO
9e52eb54-e62d-4992-9dfe-6c29c7ab08a2	TimePersistBoost	TimeRuneSO
563a733f-5449-41a6-a6d2-7c4fdca546b3	TimePersistPersist	TimeRuneSO
5b3402ca-8a81-4412-9123-50883650efa4	TimePhysicalPersist	TimeRuneSO
a88fadb5-d0d6-4029-a08f-27b800d1dbb9	TimePhysicalScaling	TimeRuneSO
5589b7be-a12b-4a52-9450-d79332cd4461	TimePhysicalTempo	TimeRuneSO
0281788c-e03b-46b9-ba94-ab3acad46c6c	TimeResourcePersist	TimeRuneSO
ffb1b453-459e-4e12-8bc7-141e3701a3b8	TimeResourceScaling	TimeRuneSO
ae77ae1f-9485-437f-8376-15711c373398	TimeResourceTempo	TimeRuneSO
e0d5f0a3-2dc5-4e92-9991-045437f88a56	TimeScalingScaling	TimeRuneSO
452678b7-62ae-447f-9953-3729ff8de8a2	TimeSkillPersist	TimeRuneSO
fff81021-ac2e-4afb-bbab-c7aa429ff477	TimeSkillScaling	TimeRuneSO
d887f3a6-c261-4539-b834-f92a6aa7e6c0	TimeSkillTempo	TimeRuneSO
eace1e5d-08fc-4010-9586-4063437eea20	TimeStudiousPersist	TimeRuneSO
7a6bc10b-77d0-4370-87b4-f6d55bff6e3f	TimeStudiousScaling	TimeRuneSO
75ce18da-30c0-45ca-a274-61b0e51de513	TimeStudiousTempo	TimeRuneSO
ee6959a4-b3fa-4174-a385-da9a1a9214b1	TimeTechnologicalPersist	TimeRuneSO
2a8c0f7b-7455-4c58-8081-03adcfc40969	TimeTechnologicalScaling	TimeRuneSO
d12dd94e-e5f4-4909-a10c-ca727de22b6c	TimeTechnologicalTempo	TimeRuneSO
899702cd-07ed-46f4-9a58-a2dcba103afb	TimeTempoTempo	TimeRuneSO
a42500e9-2fb4-4f73-a5ea-d9a47acbe1e9	TimeUnderstandingPersist	TimeRuneSO
b2619f9b-e204-4475-a55f-0cfdac39b86a	TimeUnderstandingScaling	TimeRuneSO
aeb24e2e-60ef-4da1-8bf8-66412b61dc4e	TimeUnderstandingTempo	TimeRuneSO
f3e04678-945e-4267-a1be-a04e0a66a4ac	TimeWorkshopWeight	TimeRuneSO
e61bc5cc-deaa-467b-81de-002ac0373f7a	RuneTypeInvestment	TimeRuneTypeSO
a282e50a-5409-454e-8557-b2987d67d78f	RuneTypeMeta	TimeRuneTypeSO
92fd86b6-f652-460d-8d2f-9d03f29b5431	RuneTypeScaling	TimeRuneTypeSO
fe1b6c9f-a827-422e-8bc7-9da640409d02	RuneTypeTempo	TimeRuneTypeSO
c2254c04-230f-444b-9ec9-2122b3e30872	TutorialAugmentGlyphs	TutorialSO
377d1839-7191-4175-af77-2b22520f48a7	TutorialDruidryLevel	TutorialSO
544990a0-cb4d-4894-89b5-353258829e9f	TutorialMasterGatherKnowledge	TutorialSO
0da2b56e-1b98-4908-a6d9-403f6310dccf	TutorialOutputLevel	TutorialSO
6f3f3f8b-32a4-464c-b0f2-341dcec73e99	TutorialReserveLevel	TutorialSO
e37ebfec-3df4-45db-89c7-f69cf72b18d5	TutorialScholarism	TutorialSO
d2e4ef70-bc89-43e1-a156-e97a30fa46f2	TutorialSpellLoadout	TutorialSO
89d03fc5-1aac-4014-89c9-2da93814cdaf	TutorialTimeRunes	TutorialSO
e4c02c1f-aa4a-4aca-be54-17590d736a20	TutorialWizardry	TutorialSO
a16c0b44-a720-411b-ad53-4b8e407dce7f	TutorialWorldAspect2	TutorialSO
b3c4e004-fc8d-4d40-9add-2ee54ab23155	TutorialWorldAspect3	TutorialSO
4c85fb60-97de-4d43-9a8a-1ca99c3a13de	AttunementControl	UpgradeSO
187c5f35-8f6f-4d0e-b87a-b4baa2e4a198	AugmentTable	UpgradeSO
02e74f77-ffa7-4d4a-b758-a912b95107f8	BroadenBandwidth	UpgradeSO
80bd4392-c08a-42fe-af4c-a60aa5b1887d	RaiseMaxOutputLevel	UpgradeSO
b64e9b9e-6c4b-47b8-be5c-9573c413a77e	RaiseMaxReserveLevel	UpgradeSO
aa66db2e-8dfa-414d-b2cf-39be9a894ce7	ChannelSparkSpeed	UpgradeSO
68d3b345-1fca-472c-b97c-2c268c961621	ImbueAmber	UpgradeSO
858e7640-e973-4c58-8288-8e01821051bd	ImbueOccultic	UpgradeSO
3ee502aa-8d21-4b5d-9893-398eadbd9d38	LearnFormation	UpgradeSO
cab97c97-cd14-47ee-81b0-63ff1911ff21	PsychicBlastPower	UpgradeSO
f0aab032-5662-44aa-b719-a51bf377e028	StormReservesImproved	UpgradeSO
b5efd19a-9655-4359-ad27-f391bb86c2e4	UnlockLevelAllSpells	UpgradeSO
60f95c76-0d78-45c8-a914-3be4c53ff1eb	UpgradeCreateSpring	UpgradeSO
4d9b799f-b155-48e1-91e8-457a7414a73d	UpgradeGlyphs	UpgradeSO
5ed5a2b1-c681-44b5-8e8c-c5ad112d2867	UpgradeSpellBookLoadout2	UpgradeSO
bda4691e-5edd-4955-9083-c4c7cb6d6a34	UpgradeSpellBookLoadout3	UpgradeSO
b93f2630-3e9b-45ad-85c1-238f9e542da2	UpgradeSpellBookLoadout4	UpgradeSO
47b42f82-39de-4641-a34d-b00e521aab28	UpgradeSpellBookLoadout5	UpgradeSO
7134e673-d22d-4a1f-bec1-e4755d9dae0f	UpgradeSpellBookLoadout6	UpgradeSO
fda2ca1a-191e-49a0-8ee1-0e80940318a4	UpgradeSpellBookLoadout7	UpgradeSO
4a32711e-ba02-415c-8743-533c7464c2c7	UpgradeSpellBookLoadout8	UpgradeSO
69393210-5919-4d30-8bfb-6642d4ff036b	UpgradeSpellWeight	UpgradeSO
ffb2b30a-7b61-4063-ba08-1b272d2c67db	UpgradeTransfigure	UpgradeSO
8c64c935-5f9b-4bd6-ae32-65b73de8a51f	WhirlingSorceryPower	UpgradeSO
055aa68c-16c6-441e-aec7-4637da26371d	WisdomThaumicGreater	UpgradeSO
6c47753b-cc11-4157-a194-64345c406c9d	AllUpgrades	UpgradeListVariable
e36e1a05-8b98-41ab-adef-b888f090f02a	AspectUpgradesList	UpgradeListVariable
8b90d935-be4e-4389-98b6-60e1db2551e2	MagicScreenUpgrades	UpgradeListVariable
297aae92-8d7e-4879-bdcf-3cbe614128e3	ScholarScreenUpgrades	UpgradeListVariable
32c8ff0a-cbf5-41b3-88d8-52a2c28f7fa9	TimeScreenUpgrades	UpgradeListVariable
d9cbbc6b-b8c6-4fa6-9bea-3551a2107eae	WorldScreenUpgrades	UpgradeListVariable
1af6f9d1-46e9-4d58-b541-133f4d39e71d	FocusAuraWater	UpgradeSO
41a6d106-5d7c-4cb4-8dbf-f871c2dc03aa	ImbueCognitiveDisk	UpgradeSO
1c55ec7a-7076-4368-b29c-5b4574b75bdb	ImprovedDevelopment	UpgradeSO
5c974dde-7c4c-4381-a3bb-d88f5fdddb0f	ObserveReminders	UpgradeSO
ad5fedf6-9208-4058-84bc-ecee8adb9104	ScribeScroll2	UpgradeSO
f3d81afe-1c98-4831-8df4-b0751cbe3903	ScribeScroll3	UpgradeSO
99a0da45-6a7d-44a7-ad32-4db8577ff2eb	ScribeScroll4	UpgradeSO
d1841dc2-a7c8-45fd-8aca-e89663b5df89	ScribeScroll5	UpgradeSO
1e7fbb81-6238-4621-be0c-e3f042ce7d52	ScribeScrollEcho	UpgradeSO
97687848-f3be-44c8-ab41-8f026864828a	DruidicTalismanControl	UpgradeSO
a0d7fbff-a2cb-4c85-91d1-b7537de0aad4	GravityUrns	UpgradeSO
6489c59d-306d-4085-803a-49e09fdc5099	ImbueDimensionalCore	UpgradeSO
e7c94de3-df46-4208-b4b2-7e324521dd4a	ImbueOrganic	UpgradeSO
cd2665dc-3ca5-443e-8672-41cf489feccb	PhysicalCoreExpand	UpgradeSO
5771f508-1298-42db-b4c2-7edbbb3afeba	SparkChaos	UpgradeSO
14167282-0c32-4e70-9a9f-ab3f69d69b40	SparkChaosFinal	UpgradeSO
6aa1d39c-a558-43a9-bcfc-76ac99b6c2f1	UnlockDruidryLevel	UpgradeSO
3deaac19-e7f5-4f9f-8f97-5cc4ea66a213	UrnWater	UpgradeSO
29ee5bec-e63d-4380-82ba-9f21a3287348	ActiveAlchemyList	AlchemyInstanceListVariable
5faf3336-4e65-419d-9d74-44c8893dfd27	ActivePassiveAbilities	PassiveAbilityListVariable
e0a1dbd9-3dbe-4bb6-b7a2-ffb6b5f78130	ActiveStatusEffects	StatusEffectListVariable
8ae52543-1217-4465-8686-6ecd67ceb62a	AllAvailableSpellRecipes	SpellRecipeListVariable
819a23e9-bdc0-4bb8-a93a-d5d475eb298b	ActiveCombatEffects	CombatEffectInstanceListVariable
1d3ec3d4-d6d5-4e5b-9e10-e3d086bbd771	ActiveRitual	RitualVariable
1c9e052a-d288-4b86-aabf-8011163ca0c8	EnemyBackLine	CharacterListVariable
a86c1877-5734-46f4-860d-ab6e121fc640	EnemyFrontLine	CharacterListVariable
8c82ec13-325a-4144-9d4e-28370b07af27	EnemyLineMax	IntVariable
51950c84-630e-498f-a13d-22c8e6ad8bfe	PlayerCharacter	PlayerCharacter
90c2114d-6492-4d5b-81df-f6785638f4ab	PlayerSummonMax	IntVariable
ae8ba694-7f64-4f30-8a7e-dd609fb2c280	PlayerSummons	CharacterListVariable
e89957b0-e244-4877-b279-bb561eb0e709	PlayerTargeting	IntVariable
b24ed4bc-875e-464e-aaa3-0f0b38333c06	SelectedEnemy	GuidVariable
36522768-315d-4798-a701-85073741be99	HotbarSlots	IntVariable
640aba1f-0e63-46d0-8a99-05a405512fb4	PlayerVariables	NumberListVariable
5daf5814-789f-4fd4-8baf-f770eba667b4	QuickBuyList	PinnedObjectListVariable
732e14bf-8e3e-4fb4-8f8a-ddf2f2f5712f	AlchemySnapshotLoadouts	AlchemySnapshotListVariable
6c4a0ef3-e72d-4209-9679-1df1ac401305	EquipmentSnapshotLoadouts	EquipmentSnapshotListVariable
9deda581-40ce-4cc7-84b1-fa7e6aafdc4c	PlayerLoadouts	PlayerLoadoutListVariable
fbc7bf1d-15a2-4feb-82b4-c65c9a58b767	MaxActiveChallenges	IntVariable
bf009616-7c2a-4766-a0df-7e44f9e72dbe	MaxAlchemyGlyphSlots	IntVariable
1b4f72f4-80c3-4b49-93d1-8804c103e705	MaxAlchemyResourceSlots	IntVariable
4291f801-247f-49e4-b77f-09737dc17794	MaxAutoLearnSlots	IntVariable
26fb15fe-730c-4bd8-92ef-0e20db088168	MaxChallengePreferenceSlots	IntVariable
8a15bef9-c885-4280-a883-34b2bb154f36	MaxEventLog	IntVariable
47fe9496-0323-483e-8427-4ac9480d7986	MaxGlyphSlots	IntVariable
6290fd43-599d-4ee9-9d29-4322f4111ad3	MaxQuickBuySlots	IntVariable
f3b470e8-0dee-4f3d-9980-9bf409ef8142	MaxRasterizedThoughts	IntVariable
31ad5b22-1ffe-48a0-a59c-092037764e8f	MaxRuneSlots	IntVariable
534d8a27-7320-4ca1-8d8c-7eaf0ade385c	AchievementStrength	IntVariable
8817f420-5e19-4b99-9bb6-bc879766b5ed	AllSpellTypeXpReqScalingMod	DoubleVariable
51263b0f-3d52-4faa-a27a-0ca094c7fd09	AutoPurchaseRate	DoubleVariable
2f1dfdca-5086-4cbc-a469-61b82a34523e	ChallengesComplete	IntVariable
0179aede-7a95-46b1-aec3-354a67db9cdc	CraftingPower	DoubleVariable
32b5e34c-5e6a-4198-9ff6-95627f9ebea5	DiscoveryTreeRerolls	IntVariable
97047076-396f-444b-9fdb-9da136740134	DruidryLevel	IntVariable
f905fca5-ed9d-4f09-93b3-4cf2cc7b99c5	MaxReserveLevel	IntVariable
d620fe56-556c-41f7-b4d4-0826911e1e01	MaxSpellOutputLevel	IntVariable
20cd5bab-9a3c-4dde-b8e5-4e65919ee3c1	ParallelCraftPower	DoubleVariable
dcd7dca3-7dfb-49f0-8dd7-e22d9572b60a	PersistChallengeMaxRerolls	IntVariable
10cd03d1-e460-477e-9055-b0bb19a3cbc9	PersistChallengeRerollsLeft	IntVariable
a40ff2df-9ab0-4d0c-853e-eabcfa2d4ae6	ResourceOverflowLoss	DoubleVariable
70a28fd3-dd4d-415d-867e-790903d27104	SpellChargeEffect	DoubleVariable
6defbeaf-f487-4cf7-ab07-7accd4a8f2ae	SpellChargeTime	DoubleVariable
0b26c4c2-c575-41ee-abff-7bfedaf7cb22	SpellFlashEffect	DoubleVariable
7387bb86-f670-47e7-b58f-cf3ca84ca7be	SpellFlashRating	DoubleVariable
7e096704-cc71-4ca3-924a-64c85d9c11e2	SpellPower	DoubleVariable
cf9a36e7-9f10-4f1e-b4d1-3e1b56ba4370	TimePersistValue	IntVariable
58112275-a2e1-4ae8-a276-21197c45fe0f	TimePersistValueLast	IntVariable
f831745c-7a9e-4143-8c00-9c6633d4833e	TimePersistValueNew	IntVariable
0b6c36e7-68f0-4a5b-b71a-b44d31472b6c	TotalAgromancyMastery	IntVariable
da8aa81f-14a7-42df-bde0-c33cf4c4f967	TotalEquipmentDiscovered	IntVariable
f2480f2c-4d9b-4e4e-b6cf-970169efdde7	TotalEquipmentMastery	IntVariable
e0ee7e9e-8fa6-4feb-87d8-78557ae41c34	TotalTimeRuneMastery	IntVariable
7ecf4f77-9759-41d8-91ff-af6c65340f17	QuickConsumableSlots	IntVariable
6808bfa2-736b-4df3-9e7e-0f1d1b6006d2	ChallengeRandomization	RandomVariable
0b3293e7-ca85-42a0-b875-2ff0ef7a40d8	DamageReductionFlat	DoubleVariable
4627e133-75c5-4dfc-8200-fc80d3db48ae	RitualJumpstartMod	DoubleVariable
ce9c74f3-8d77-44a2-9ccb-dfd0f3a9d908	RitualPower	DoubleVariable
83a8a40f-10ca-458d-ba7f-89fb29a46767	ScholarAutoLearnList	AutoPurchaseListVariable
9ea78fb7-5fbc-4022-8025-f0b413684761	TimePlayedThisReset	DoubleVariable
1614158d-6485-4995-90d0-79cc6b4dced4	ActiveSpells	SpellListVariable
2c4825f4-9869-41fc-84df-301638a097a5	ActiveActionables	ActionableListVariable
f1d74c86-c836-46ea-9e69-37e4a593be0b	ActiveProcessingActionables	ActionableListVariable
4fb86819-3549-4a2d-bd19-c83264c75af7	AlchemyRecipeFilter	FilterVariable
4950a9e3-1b59-4bd8-829f-064617758926	AttributesDeveloped	IntVariable
c8554a0d-9046-48b7-bc3e-95d78f5c1761	EquipmentFilter	FilterVariable
4741fc0e-25c2-46fd-842e-2ada0974e7dc	GlobalEngagedEffects	EngagedEffectListVariable
90eb2e85-f76b-4a36-99a1-9f33b26587fc	GlobalEventList	EventLogListVariable
56da13ea-51b1-46b0-a6b5-a8e2e67aa41f	GlobalSearchFilter	FilterVariable
8f19b483-97a7-4579-97da-3e89af05d47e	NumActiveRituals	IntVariable
dcabdc8a-3e8f-4991-88f2-9374279b694b	PersistenceHasCompletedWorld	BoolVariable
6891b327-d307-4faf-a128-f716ca20f112	PersistenceHasFetchedNewChallenges	BoolVariable
01854a14-050a-4e5b-8e7c-ef495b29e47c	RitualResults	RitualVariable
bcbfee77-766c-4d09-b811-49ba2ee74392	SelectedAlchemyGlyphs	GlyphListVariable
c49dec39-0292-47f4-976a-6d5fa3dc3b29	SelectedAlchemyRecipe	AlchemyRecipeVariable
3b17b54d-b9ac-49e9-9f8a-6565f6a7a7c3	SelectedAlchemyResources	ResourceListVariable
58d90da2-83da-46b0-bbf4-64367484017a	SelectedAugmentGlyph	GuidVariable
29ec0b7f-e28b-4810-9e05-698256c5184c	SelectedCraftMode	IntVariable
0ab7ba28-8190-4af2-8845-6289eb3e4e5d	SelectedEquipmentType	GuidVariable
f6136e93-fb4d-463b-9c35-22c905134caa	SelectedLoadout	IntVariable
f5aa27a5-da61-44e6-a4a7-8266afecb371	SelectedMoveSpell	SpellVariable
00f9cd5d-a9ba-48a9-9f27-42f5f59b871e	SelectedResearch	ResearchVariable
bab47931-4d32-4d91-b5d9-ee1a140522d9	SelectedResourceNode	GuidVariable
f87d654e-6b29-4a6d-8541-609fab155b11	SelectedResourceType	GuidVariable
62355aa2-2b5d-4f0e-b8e4-15f92521b965	SelectedRitual	RitualVariable
63a980ab-cdb5-4f01-bb96-03e2a04b5d13	SelectedSpellRecipe	SpellRecipeVariable
5b06b4b6-ea25-4b38-a424-28e85c1ae5f9	SelectedTimeRuneVariable	GuidVariable
96065397-5f5b-4670-8a53-c64d831c8ff6	ShowCompletedResearches	BoolVariable
ae0299f5-2713-46c8-9033-1aca449a02eb	SpellRecipeFilter	FilterVariable
4a57d776-a274-4990-a352-828dabc13b28	SpellsCasted	IntVariable
18c498f5-e4a7-4549-b093-117e206cc043	SummonedLevel	IntVariable
f320b364-5f21-4827-bb53-0ae641df069a	TimerAlchemy	DoubleVariable
732824ec-a446-4044-bcd7-076990176b8b	TimerComplete	DoubleVariable
9ebff8e7-296f-4104-b7c5-3b1cac31bf24	TimerRituals	DoubleVariable
8570ab77-e3f5-4568-82d6-dde51b4a43f3	TimerScholar	DoubleVariable
7917976c-ac0e-41f6-957d-825c7a986413	TimerWorkshop	DoubleVariable
1a59719b-dc86-4f61-a691-6bb0f7930e3a	TimerWorld	DoubleVariable
355f3f1c-f9dc-48f5-bfaa-79d54dae7a2b	SpellCastingTips	ConditionalTextList
df7a5dfe-c75b-4961-9747-42e7953faa22	CraftPageAutomate	ViewSO
d50af282-9b93-41b2-9b1f-773ed82d8ad9	CraftPageManual	ViewSO
2a3ef2cc-839f-4782-986f-2932de210f35	CraftPageViews	ViewListVariable
34624830-d04e-44f6-9410-6098bd349399	AlchAlchemyLevel	ViewSO
312ad7da-07a6-4296-9f91-f4eda43e4fe4	AlchemistsLab	ViewSO
ec07eaec-5940-4b4f-99c0-e51b326e233c	AlchemyCanUseResources	ViewSO
c5f53567-7c5e-4c27-9d06-e20c266c90e5	Hotbar	ViewSO
1bd0ffa5-c420-4239-b247-2201c8e241ff	MagicGlyphViews	ViewListVariable
243d5910-33f2-40b7-af9f-a33da799f339	MagicScreenViews	ViewListVariable
1eeac01c-aa45-43ed-aa20-4fbd75761c31	MagicSpellBookViews	ViewListVariable
9746b42e-1b57-4f98-8ba4-f64b4c34d8c1	ScreenMagic	ViewSO
35141301-f428-450f-93b8-ce28f506d704	MagicGlyphsDiscover	ViewSO
2754f10f-d88c-4b15-946b-e9a97c731300	MagicGlyphsUpgrade	ViewSO
a7d5688e-b2ec-431f-a0c7-6d52c8731245	MagicAugmentGlyphs	ViewSO
05895bef-ee78-4ca1-9e6a-34696ef5dabd	MagicCasting	ViewSO
8ea19922-be93-4e50-a0b1-65a14fb68ea5	MagicGlyphs	ViewSO
4263c888-2034-498d-acf8-a82617e850b9	MagicReserveLevel	ViewSO
c0fb08cc-3ee0-42b4-b965-10e871e0fd8f	MagicSpellOutputLevel	ViewSO
ca934900-0253-4f71-93e9-733fb91132b7	MagicSpellbook	ViewSO
241d97fb-dc77-493b-a3f1-3abdb1596819	MagicWizardy	ViewSO
cdfbbee5-7fa2-41fe-a6aa-903beb692fb2	MagicSpellbookLearn	ViewSO
ca7efd1b-10e1-41d6-b197-3e03998ecd35	MagicSpellbookLearnRecipes	ViewSO
accf9abb-d916-4fdf-96d7-1b1d5fdd548c	MagicSpellbookLoadout	ViewSO
a1afb6eb-bc9b-4e93-8ad8-33d642c8056e	MagicSpellbookManage	ViewSO
5abe3613-adb7-491c-b647-97b4a7901397	MagicSpellbookSpellTypes	ViewSO
d17ea5ff-8118-48e9-8a52-b369460874e4	PinnedBarView	ViewSO
58fad89f-0627-471c-b24d-f7ae3537bba4	ConsumablesView	ViewSO
836fd812-c391-48f2-98b9-17013582d0da	RightSidebarViews	ViewListVariable
9583391e-58d6-4ac7-b0fd-e9bd8b29d9d1	UpgradesView	ViewSO
167f94b8-baf9-4829-98c1-4f2d3af79b86	ScholarTableVisible	ViewSO
398434cb-f786-4eef-87f6-3d35efa0511e	ScholarViews	ViewListVariable
9ea5d6e1-739b-4dec-832b-f5f3ba3ad2ca	ScreenScholar	ViewSO
f0e4b59a-b510-4de3-ae3e-dfca0fd76239	ScholarConceptDiscover	ViewSO
430da1f6-b02b-4ca2-8948-2c00929138a3	ScholarConceptLoadout	ViewSO
eb5a4041-ab7e-44ea-8b7d-5ef6270ed56c	ScholarConceptViews	ViewListVariable
7ed21365-99f6-447b-b110-adb6029a8764	ScholarResearchExpert	ViewSO
12d82cd9-708e-4275-bd65-a4ef0b8c2fb3	ScholarResearchInnovation	ViewSO
f1392b0c-3980-486a-a346-45b88afb167f	ScholarResearchTech	ViewSO
66bfaae2-959e-4f58-b76a-7dfef4fe22d0	ScholarConcepts	ViewSO
129f4d68-0ba9-4274-8078-7e6931f20e77	ScholarResearch	ViewSO
780b12f4-74a0-42a3-af8b-748663964be9	ScholarResearchViews	ViewListVariable
4cd39f4d-9052-43e8-aa8d-17ab7074e4d0	ScholarScholarism	ViewSO
27fdcb79-accc-460e-95ad-9e3ea41e7391	ScholarScribe	ViewSO
3e1c6e59-d2e1-460b-a7f9-d782e54ba57b	ThoughtsView	ViewSO
ce6044da-15dd-408e-9524-14e163314f19	ScreenTime	ViewSO
00be3942-b91b-4998-9479-68acee369ce6	TimeChallengesActive	ViewSO
6ddbd81a-113b-40ff-9358-741115a419cb	TimeChallengesListView	ViewSO
d3aa564a-135a-4d57-8b67-af527c03c15d	TimeChallengesViewList	ViewListVariable
6f69a427-98ca-4f12-a05b-3433bdc76ea9	TimeRunePreferredView	ViewSO
8c97ce79-28bb-453e-967e-504bdb7864c3	TimeChallenges	ViewSO
cb8088a2-cd7c-49a7-ae3e-52c2249be18c	TimeReset	ViewSO
f10bf25a-050d-49a1-9f21-b0598a0caed2	TimeTimeRuneArchive	ViewSO
82047a67-9d57-438c-b5b1-99377e242e32	TimeTimeRuneCreate	ViewSO
1f863363-985e-4b71-869c-7d02281a8ede	TimeTimeRuneUpgrade	ViewSO
f3ae5303-fa11-4bf3-b23a-e38dc2221a3f	TimeTimeRuneViews	ViewListVariable
fe83b0bd-c927-4c2e-a5c6-004d480afc23	TimeTimeRunes	ViewSO
3a946537-28c9-43de-8ecd-7c75540475cf	TimeViews	ViewListVariable
4912da46-bf64-4e34-b267-54e466bcf506	WorkshopBench	ViewSO
efd92b91-780a-4e47-b65b-4056a9d81af5	ScreenWorld	ViewSO
6a584a8d-e726-4a9a-b9d3-025e0f13e2bf	WorldAgromancy	ViewSO
166cde99-0d90-4e03-9832-f04dbf37691a	WorldAgromancyDruidryLvs	ViewSO
ce207aba-b835-4455-a1b7-e10e18db9ce2	WorldAspects	ViewSO
3a368304-adfc-4a45-b533-04963a792a03	WorldDimensional	ViewSO
d46e2bf3-7930-41bd-b2aa-4810c23f1acc	WorldDruidry	ViewSO
c7f7afc9-b698-446f-bfb9-cd0121dab86f	WorldPanel	ViewSO
82417eae-f6a8-446b-a1c5-3dffd187416f	WorldViews	ViewListVariable
4e21a048-e1b0-4e46-b673-680a081d9998	InventoryDiscardMode	ViewSO
46cd860d-c846-400f-bae0-ee512156d2c2	CoreViews	ViewListVariable
1b719aba-2c53-4912-9e61-f80b7cc5542d	PlayerStats	ViewListVariable
e9e3b545-0af7-4a69-a56c-38a8f6340fa4	PlayerLoadoutAlchemy	ViewSO
e2079eb5-e640-48f1-91df-5c1fe9d24da5	PlayerLoadoutEquipment	ViewSO
b2c274cf-af32-480a-82a0-1a2c3f79a817	PlayerLoadoutSpells	ViewSO
8fd97f50-73f5-4b07-ba93-cb0d65b4a995	PlayerLoadoutViews	ViewListVariable
ed944822-303e-45fa-a201-5a1be0182bab	LevelAllSpellsButton	ViewSO
dc7234dc-1461-4fb9-9ccd-5e6c0bdb6f0f	LoadoutChangersVisible	ViewSO
d50ea5ec-a02c-47cb-b30f-50fa10157cca	MagicSpellBookAvailable	ViewSO
fe5f2e95-ec05-4a5e-8330-a6a8e307172e	PersistentResetChallenges	ViewSO
2e0d3cad-c5f2-4460-9ec7-16d8b5eeea70	PersistentResetInfo	ViewSO
5a1ad800-1211-42b8-bdee-b695a8314058	PersistentResetViews	ViewListVariable
157ac4a3-ac79-465a-9ded-bd65be4ccb8e	PlayerResources	ViewSO
4360ab1a-b682-4db2-9a24-d4758d915fa3	PlayerStatsAchievements	ViewSO
1f4ebfce-6571-4563-a018-23f009a290a4	PlayerStatsAttributes	ViewSO
97ff402b-8d48-4454-b39a-cbd8b5b78c5f	PlayerStatsGroupAttr	ViewSO
636597c9-c0b0-445a-ad5c-b7a5e4aa6fd0	PlayerStatsTips	ViewSO
c821f3fd-927f-475e-ab70-365729f410dd	AutoAttackView	ViewSO
512c9ca7-87d1-4ede-8117-fba7f19f494e	IsInCombat	ViewSO
a08876ae-d70d-43f6-94ef-59fbcb84e888	RitualBench	ViewSO
f6594b78-4aa7-49b5-8abc-4ada141ceb22	SpellBookInfo	ViewSO
01ae245e-21b8-4034-8e95-e0a191145e43	OrbAnim2	AnimationEffectSO
c2c829fd-f0eb-4924-9a22-d74787211810	OrbAnim2Smalll	AnimationEffectSO
ca292806-d127-4294-a67b-1d22ede35343	OrbAnimBubbles	AnimationEffectSO
d3d66922-067e-4d80-9046-d253e82d8dfd	ShineAnim1	AnimationEffectSO
fe4858b8-ea79-4cc3-85cb-023553651b26	ShineAnim2	AnimationEffectSO
591fcdd3-cbab-4554-a14a-14189c71e44f	ShineAnimGem	AnimationEffectSO
1c75afe4-aa60-4118-8900-fddde585788e	BrewProtectionPotion	AlchemyRecipeSO
b06412ca-0902-4e64-8f60-b47b95417dd4	AttributeAutoBuyerOff	AttributeSO
61de81d5-8331-49bb-9bcc-338fda5d2771	AttributeAutoBuyerOn	AttributeSO
53baed99-b2e4-4430-b726-3bc0cb28e8dd	AvailableTargets	AttributeSO
81d21ccd-94bd-43bd-882d-6d3b01a7918e	ObjectDisable	AttributeSO
e199d242-d153-452d-a35a-4f7ad10fe3cd	ObjectEnable	AttributeSO
e924ca26-c6a4-40bd-b6d0-2df3b554b8f8	RandomizeTarget	AttributeSO
f20265d6-b6fd-48cd-8fb4-77af929f9f01	AutoBuyerEnabled	BoolVariable
b1f57c7c-0da2-4941-be3d-2d8c451d400b	ProtectionPotion	ConsumableSO
763b1bc5-6ca9-479a-ae02-69d51136896d	AutoBuyQueueSpeed	DoubleVariable
e1a1c46c-bd16-4ac7-bdff-952a2d0953fc	UpgradeBuildSpeed	DoubleVariable
78aa9267-32d1-42d7-8a80-1f9d0d68153b	AutoBuyQueueSize	IntVariable
b63f136d-f84e-466e-8731-f2a3dc5f6297	LingeringBarrierTokenPassive	PassiveAbilitySO
6a9a3401-da00-4686-9761-a2535b87ef20	PropagatingTokenPassive	PassiveAbilitySO
aff0170a-1d3e-4117-a62f-cd37f5bac4a8	AutoBuyerUnlocked	PrerequisiteLinkSO
5362c2ed-1cff-4ecb-9f34-d66d672f764e	AlchemyResources	ResourceListVariable
2b247edb-b491-40d4-8220-2feded8c51b0	ManaResources	ResourceListVariable
3f65b62a-f16a-48f3-b667-09cc50c694a2	ChallengeBalanceEffect	ScalingWeightSO
cdeef71f-844e-4bd5-be9c-33f58b0c9c4f	Propagation	SpellRecipeSO
35df1446-4035-4c76-a32b-f7963bfb400b	TutorialDarkThistle	TutorialSO
b4f5923d-cde5-432a-8c6c-1b61c541929c	TutorialDreamberry	TutorialSO
c6220064-6e68-45fa-8485-ec90b2d48f67	TutorialForceTree	TutorialSO
8b06f842-eb8c-40ef-83b6-587553a51fab	TutorialIronwood	TutorialSO
8eaba3d7-3bf8-4416-b010-096ec6448e49	TutorialMagebloom	TutorialSO
0577e841-23fb-4366-8f24-863d1a14e574	TutorialOre	TutorialSO
2522b1c1-bbe0-430d-b19b-e51f5b29087b	AutoBuyAttributes	UpgradeSO
38589d40-9271-45e8-9caa-13a1b903789d	AutoBuyAttributes2	UpgradeSO
85dea277-7588-45cc-8655-6cb226bd7b0a	AutoBuyAttributes3	UpgradeSO
a106a9fc-dd1f-46ca-a005-4cec5d67a52d	DiscoverPropagation	UpgradeSO
ad06ec04-971a-42b2-a87a-79a1a679161b	DiscoverProtectionPotion	UpgradeSO
84032aed-62ab-4795-a888-9fa94c9b6fbe	UpgradePropagation	UpgradeSO
06cad0f7-ffe6-4f4f-a3a9-1e29a2052abe	AutoBuyerView	ViewSO
