id	type	name	displayName
00246c4c-950f-45e4-a17d-296d21155e87	UpgradeSO	GatherSpace	Gather Space
0049189e-7c6f-483f-a86b-ca6c18bedb2d	KeyBindingVariable	GoToLearnSpells	Go To Learn Spells
00504a78-d328-4e4b-8380-16d741fa76ed	PassiveAbilitySO	ElementalAffinityTokenPassive	Mana Affinity
0058a704-e359-44dd-b606-1a6b500893ce	ValueModifierVariable	ScalingWorkshopBase
006061be-6356-4cfe-8b38-585b750a492e	StructureSO	Constitution	Constitution
008ccaa9-da26-4b55-95a5-5bc5df9c62f0	CraftingRecipeSO	CraftScrollEcho	Echoing
00943218-d660-4b85-96e3-074221eb5c3e	ResourceSO	ForceBark	Force Bark
00979ba6-c5cc-4246-a840-c69e55f6c1b5	StructureSO	Starlight	Starlight
00b8083f-fed8-440a-8683-7694b7a71e01	AttributeSO	Speed	Speed
00be3942-b91b-4998-9479-68acee369ce6	ViewSO	TimeChallengesActive	Active
00c2f883-cd16-425a-abd9-018513ad8d48	AttributeSO	DrainRate	Drain Rate
00f9cd5d-a9ba-48a9-9f27-42f5f59b871e	ResearchVariable	SelectedResearch
01167793-121e-4265-93e5-5be520b48409	ChallengeSO	SpecializationStorm	Specialization: Storm
01273beb-c908-491c-9351-368686eb20b3	GlyphSO	Fortunate	Fortunate
01569613-9272-427c-a3ef-16713579cfcf	AttributeSO	AlertResearch	Research Available
016e3871-380a-43d4-af54-c413312bb23c	StructureSO	Reinforced	Reinforced
0179aede-7a95-46b1-aec3-354a67db9cdc	DoubleVariable	CraftingPower	Crafting Power
01854a14-050a-4e5b-8e7c-ef495b29e47c	RitualVariable	RitualResults
01a6d158-0fcd-40bc-a3a2-8f748086201d	TimeRuneSO	TimeMagicPersist	Magic Persist
01a74875-9fe2-4edf-9ed6-31391ea2fc15	AttributeSO	LearnSpell	Learn Spell
01ae245e-21b8-4034-8e95-e0a191145e43	AnimationEffectSO	OrbAnim2
01d1f01f-d265-4035-a763-ed771285c52d	CharacterAttributeSO	MaxHealth	Max Health
01d2a188-55ca-4240-af75-311528d2241e	HarvestElementListVariable	GardenHarvestElements
01efbb1b-ca5a-4b43-869a-f3627c822ef8	BoolVariable	CanSave
020249bf-53e3-443a-afeb-76f4437c692f	ValueModifierVariable	ScalingBase
026977c7-9d5e-4762-b67a-8df4163c9a51	AttributeGroupSO	AgromancyPowerGroup	Agromancy Power
027f23bd-e4ac-4795-88ea-78555dbf5854	CharacterSO	HeavyApparition	Heavy
0281788c-e03b-46b9-ba94-ab3acad46c6c	TimeRuneSO	TimeResourcePersist	Resource Persist
02a4902b-f60b-4f1a-bf65-87787a42dff9	AttributeSO	Destroy	Destroy
02c64c96-de30-4e73-bafe-5f454bb58a66	EquipmentSO	PsionicClasps	Psionic Clasps
02cd2e17-0802-41d8-99b6-8201424ced83	StructureTypeSO	ReservesStructures	Reserves
02e0cda8-1c4b-4d93-b9d5-7d318cd352ad	GlyphSO	Formation	Formation
02e74f77-ffa7-4d4a-b758-a912b95107f8	UpgradeSO	BroadenBandwidth	Bandwidth
02ea155f-c751-473b-8e9e-1b548b48d1b5	CombatStatusSO	Broken	Broken
02eac15e-9c92-4d06-b8a2-1275faf7df89	DoubleVariable	TimePlayed	Time Played
02f55f76-bdba-4fa4-841b-da3a62b0d6db	SpellRecipeSO	WhirlingSorcery	Whirling Sorcery
02f7581b-2870-4e94-aa76-e080c127de63	UpgradeSO	LearnInsight	Learn Insight
0317db34-08cd-47a1-a8ef-90298634b65b	AttributeSO	ReplenishTime	Replenish Time
03323033-94c3-4936-b31f-5d103cf22474	UpgradeSO	MagicBookHexes	Book of Hexes
03700f86-4baf-4b81-a108-160d18957f15	KeyBindingVariable	CastSpell5	Spell 5
03b76e93-0cf5-4b95-ac04-14a2550f6714	AttributeSO	PlotNodeRefundRating	Refund Rating
03e1c3d4-9168-439f-b39d-c0b458fc7a16	EquipmentSO	AlchemistsRobe	Alchemist's Robe
03ef5700-afe3-446e-a321-6268bb3047d9	CharacterActionSO	SummonRepeater	Summon Repeater
04225073-8b9b-425c-a4f8-9ffc06070e12	StructureSO	ThaumicBookshelf	Thaumic Volume
042f55c8-2258-4125-b4f4-2388c00f5243	UpgradeSO	ImbueTempered	Imbue Tempered
043d6b17-c28b-4d57-8e7f-4d8ed6f28791	ModifierListVariable	ResearchInvestmentTechnology
0446814d-5261-482a-913c-70a3174c658a	StructureSO	AlchemicDial	Alchemic Dial
04533436-c2a4-46d5-b16f-5725e270ce12	EquipmentSO	SpeedCleaver	Speed Cleaver
045514d0-2a44-44a6-9228-780f5d5bb812	SpellRecipeSO	Enchant	Enchant
046b7ce4-af43-4020-b7e6-f774d6187204	StructureSO	Anvil	Hexsteel Anvil
04758f2c-7e21-4211-aa63-904c4786e43f	CharacterModifierSO	DeadlyModifier	Deadly
04a8e677-0afa-4011-aa94-d8bc565d3d85	PrerequisiteLinkSO	TimeRunesUnlocked
04bc301d-90c6-4d6d-aa25-188e313ed301	GlyphSO	Wrath	Wrath
04bd5335-5741-403b-8328-75a055a42d36	PlotNodeActionSO	PNAForceTreeImbue	Imbue
04c30b0b-eea0-4c44-869c-8872578c618b	PrerequisiteLinkSO	GlyphUpgradesUnlocked
04df5113-13bc-4405-b3ca-4c173b9f70a0	ResearchSO	ReplenishingFlames	Replenishing Flames
04f9efa5-0a2e-4dd5-a1cc-9b393dd41b55	ConsumableSO	HarvestingTonic	Harvesting Tonic
05018748-f93a-4dd6-b63d-b41a9a4d732d	ChallengeSO	SpeedWorld	Speed: World
0504a54d-8c43-4c3f-a469-75cb2b7f2ef9	StructureTypeSO	MachineStructures	Machine
05589125-5a98-4e74-a1ae-2b2146ea68c4	AlchemyRecipeSO	RefineTemperedEssence	Refine Tempered
055aa68c-16c6-441e-aec7-4637da26371d	UpgradeSO	WisdomThaumicGreater	Greater Thaumic Wisdom
057314a6-a333-4216-90e8-8372f48a3282	CraftingInstanceListVariable	AutoCraftInstances
0577e841-23fb-4366-8f24-863d1a14e574	TutorialSO	TutorialOre
0578693a-93d3-49c7-bbeb-a0ea07f147f0	ResearchSO	GreaterCombat	Greater Combat
05895bef-ee78-4ca1-9e6a-34696ef5dabd	ViewSO	MagicCasting	Casting
05c06263-25a7-4e7d-ac8c-ae83b3a92dc8	KeyBindingVariable	GoToTimeRunes	Go To Time Runes
05e1f545-5daa-4bd0-9cbb-8770f4cf6a13	ViewSO	WorkshopArtifactCreate	Create
05f3f222-fac5-458c-a3cd-6c950e5a8326	AttributeSO	ConsumablePrepSpeed	Preparation Speed
061d85e1-f719-48e9-9621-fe7656e589c9	PlotNodeActionSO	PNATreasureTreeEnrich	Enrich
064d395a-4667-4bbb-b3b4-91bb03f67ba3	ResearchSO	ExpertAlchemy	Expert Alchemy
066c47e8-8a30-47bd-9959-0def67449baf	DamageTypeSO	HealingDamage	Healing
067aaa29-3498-406f-9e7a-f91baaeaecbc	SpellRecipeSO	Brilliance	Brilliance
06889e58-ebee-4618-9fe0-67731e30658f	AttributeSO	HarvestSize	Size
068c6512-08ec-4957-88f5-692b14b09501	AlchemyRecipeSO	RefineElementia	Refine Elementia
06a032a1-f7ae-4e7b-9155-4162357afd1f	RecipeBookSO	EvokeRecipeBook	Evoke
06cad0f7-ffe6-4f4f-a3a9-1e29a2052abe	ViewSO	AutoBuyerView
06ea55a2-e580-4591-8d63-edd7c77a6446	PassiveAbilitySO	LearnedTokenPassive	Learned
06f77823-fd0f-479a-a0f6-377b37fa99e3	StructureSO	Authorism	Authorism
072045cf-724e-4dcb-9cbd-2a59793c9a7a	AdvancementSO	AdvEnrichDarkThistle	Enrich Dark Thistle
075fcca6-8c12-4b2a-b690-94deaa2c54d3	SpellRecipeSO	BeamBurst	Beam Burst
07905f3f-8909-424d-917a-a88b827ea86f	AttributeSO	LoadoutEquipmentDeselected	Equipment Excluded
0796ee25-e1f6-4c5c-abba-aad46e02318b	EnchantmentSO	EnchantAdvancement	Advancment
07997069-2e0c-4492-a953-74532a5f8d53	AnimationEffectSO	RayBasic
07c6fe5e-8117-4c73-bced-95b23951da92	StructureSO	Elementalism	Elementalism
07d11cac-d439-4c02-bbab-e5e781f42dc2	DoubleVariable	SpellCriticalLimit	Crit Chance Limit
07dfae7e-76b9-4b38-bf81-38abc40b9ed7	ViewSO	MasteriesEnabled
0811feca-f133-4dfa-b1a3-aa8ce53dab23	UpgradeSO	ExtractionEctoplasm	Ectoplasmic Extraction
0813deee-cb53-4cf0-8f45-6b48b7c43595	GlyphSO	Blooming	Blooming
08385533-db87-4b5c-8564-4f3ed4607723	ResourceTypeSO	SpiritualResourceType	Spiritual
0861aea1-4f80-45f3-a190-1cac2533e41c	AttributeGroupSO	AlchemyPowerGroup	Alchemy Power
0880933f-5a50-461f-9a5c-d275f621f74e	SpellRecipeSO	Profusion	Profusion
088ad634-0218-4a5e-85ed-4bf8eaf057df	LocalizedStringSO	Equipment
088c324c-e283-4081-b153-5cfa179b4365	ModifierListVariable	RitualCompletionCost
08b7c369-a02e-420d-b6e3-dd87a2ce7501	DoubleVariable	TreasureRatingAgromancy	Agromancy Treasure Rating
08d1284e-e1aa-44ef-8dd2-7aa8586aa596	ResearchSO	ConvertMagic	Convert Magic
08e44a1a-2382-40b8-9644-dfcb5e0f5aec	StructureSO	Influence	Influence
092a8852-1a8f-4a69-a798-77e3849d3c0b	RecipeBookSO	RunicRecipeBook	Runic
0982046d-581a-4d3a-9337-a53710294dce	AttributeSO	DiscoveryTreeRequired	Required Component
099158e7-6097-43af-a740-a32920b8d458	CharacterModifierSO	ArmoredModifier	Armored
09a558d5-99bf-498c-8c19-2251d24c025e	DoubleVariable	SpellChargeSpecial	Spell Charge Special
09a8eddb-8672-4ad8-8b3a-04a686002aa9	ScalingWeightSO	HarvestScaling
09a96af6-7838-453d-a19b-507dac6ae034	ConsumableSO	MemoryMixture	Memory Mixture
09ce90c4-de3d-4538-8299-32f24ced93d6	AlchemyRecipeSO	ChannelControl	Channel Control
09d6101a-460d-4ce9-b7d4-46c4abaeadb7	ConsumableSO	ScrollDevelopment	Scroll of Development
09f7e375-9d65-41ee-ba77-07b28330cd9d	ResearchListVariable	SurplusResearches
0a001250-e48d-4376-a7cb-80deffaf307a	KeyBindingVariable	GoToWorkshop	Go To Structures
0a03b3d1-9b3d-4f0b-ab9e-9965b2bced2a	AlchemyRecipeSO	DismantleIronwood	Extract Ironwood
0a13f2d2-ab8c-4b4e-be0d-d9b19a469e0d	AttributeSO	ArtifactExperience	Artifact Experience
0a53ad11-dfd5-42bd-a2fa-d6f669cf6859	ResourceTypeSO	ProgressionResourceType	Progression
0a86c04e-ca7d-42de-ac7f-ee4a492fadfd	AlchemyRecipeSO	AnalyzeMagic	Analyze Magic
0ab25187-a7e8-44a8-a0ac-b5346f241551	TutorialSO	TutorialTemperedEssence
0ab7ba28-8190-4af2-8845-6289eb3e4e5d	GuidVariable	SelectedEquipmentType
0ad5d9b6-0beb-4e9a-a4c3-b1ef3652404d	ResearchSO	GreaterCasting	Greater Casting
0ae50293-6198-49ee-87ab-442254d45474	ResourceSO	Ectoplasm	Ectoplasm
0af5ac72-a50e-4a22-8894-215ecd4562a4	UpgradeSO	WizardryMagebloom	Witchcraft
0afc754c-2846-4052-b32d-ba084c3e64f5	AttributeSO	RequirementLevel	Requirement Level
0b19f88b-8ab8-4c59-8c9c-34c3a577c6d3	UpgradeListVariable	WorkshopScreenUpgrades	Workshop Screen Upgrades
0b1d61e5-b0ef-4083-af03-876156d3ca36	KeyBindingVariable	CastSpell7	Spell 7
0b1f7ec6-33b4-49ed-935e-dc15ce1f53c0	ResearchSO	ReflectiveStagnation	Reflective Stagnation
0b26c4c2-c575-41ee-abff-7bfedaf7cb22	DoubleVariable	SpellFlashEffect	Flash Effect
0b2cb97d-d74e-4953-b925-681a0e9540ba	PassiveAbilitySO	DisintegratingTokenPassive	Disintegrating
0b311a4c-2246-41c9-a950-a3282a6da3af	ResourceSO	Skill	Skill
0b3293e7-ca85-42a0-b875-2ff0ef7a40d8	DoubleVariable	DamageReductionFlat	Flat Damage Reduction
0b54c521-8c14-43fe-b0ee-c3dd904800ac	StructureSO	MagicNotes	Magic Notes
0b5b2f0b-9275-4e7a-a899-c23b80457676	StructureSO	Alterator	Alterator
0b6c36e7-68f0-4a5b-b71a-b44d31472b6c	IntVariable	TotalAgromancyMastery	Total Agromancy Mastery
0b89c628-df3a-4bb6-b9ca-9b2736adcc58	StructureSO	Wellspring	Wellspring
0bfbaec5-def5-4476-a7c7-85fb1d1753fa	AchievementSO	OrbMinimalism	Orb Minimalism
0c139841-0764-4eee-b442-8fece8b0a6bc	DisplayEffectSO	FocusChallenge
0c474598-9ce0-4828-90ee-61c93b04f662	MusicTrackSO	AmbienceTrack2	Ambience 2
0c4b5d92-3bf6-4deb-b2e4-78f4bd871bf3	StructureSO	LiquidPurifier	Liquid Purifier
0c602d25-8647-4360-b305-e6c9bc83abc0	TimeRuneSO	TimeCapacityScaling	Capacity Scaling
0c67fe4d-ccba-43c9-a695-7a66bed7003a	AlchemyRecipeSO	TransmuteSkill	Transmute Skill
0c68e29e-0627-4e18-b001-d60ddf8e53c9	AttributeSO	LearnAlchemy	Learn Alchemy
0c92e86c-5085-4979-998d-50c20f340d09	EquipmentSO	WildGemstone	Wild Gemstone
0c943080-d774-4ef1-a2fc-3dfde5453cb7	RecipeBookSO	ToolRecipeBook	Tool
0cb3326b-b0d6-4626-9bf0-927101d54d2a	ChallengeSO	BoostGlyphs	Boost: Glyphs
0cd85b39-78c3-433b-a146-10cc804a852c	StructureSO	AlchemicalTome	Alchemical Tome
0cea1d90-e772-493b-abec-9fc2ae7f612e	AdvancementSO	AdvTimeSkillBoost	Skill Bost
0cfd8792-a82c-4a89-8921-5c4fe2578c09	PassiveAbilityTypeSO	StatePassiveType	State-based
0d008e6e-8907-4ca7-aa60-e5c0537a3c74	AdvancementSO	AdvMindstone	Cognitating
0d0474b5-f135-4d17-a2e6-288b8aeb20eb	AttributeSO	HiddenComponent	Hidden Component
0d4f5dbc-ddb2-4805-b893-71aa3b0fa7aa	LocalizedStringSO	ResourceType
0d585d53-06bc-4738-844c-c3198e0df795	StructureSO	InfusionArcane	Infuse Arcanum
0d7b1f28-baa2-4164-9cd3-f2d0f7bee426	ConsumableSO	PowerPear	Power Pear
0d9195aa-2fc3-4f55-bf71-3dc33e0a049d	ScalingWeightSO	DurationScaling
0d9370de-57cd-4139-9c23-0a5c13857a98	StructureSO	Passion	Passion
0da2b56e-1b98-4908-a6d9-403f6310dccf	TutorialSO	TutorialOutputLevel
0da2d7a4-e38d-47bd-9134-056dc6b4e3fe	DoubleVariable	RitualEchoRating	Ritual Echo Rating
0dc091e1-c412-4ded-8427-6655a42af733	KeyBindingVariable	MoreInfo	More Info
0dc6112b-0dcc-4906-b016-293a8b3c7c9e	DoubleVariable	TreasureRatingPenalty	Treasure Penalty
0df1841a-8b93-4f6d-8f8d-7c903c0538b2	UpgradeSO	LearnOccultic	Learn Occultic
0dff4114-15a2-4e1f-a953-3f4b1fef3172	ViewSO	RitualsActivate	Rituals
0e48e938-0546-48e7-b73c-d5aeeb9e3589	EquipmentSO	StormCharger	Storm Charger
0e93897f-abb3-457b-a49c-3f6e347cf2a6	UpgradeSO	Construction	Construction
0e9ba47b-bc04-479b-8194-ab407382711c	ModifierListVariable	DiscoveryTreeCostInfinite
0ea7c78a-1d9a-4c30-bf10-1419126c80e2	AchievementSO	MasterStorm	Master Storm
0ed119bf-0449-4d64-9989-1a3f68c7b8a2	IntVariable	BulkDevelopment	Bulk Development
0ed546af-dec8-42ff-8e89-e53a5f86e1de	ResourceListVariable	NonManaCoreResources
0eee2eeb-65e5-4e27-98c4-6c19eaf4b8b3	PlotNodeActionSO	PNAEmptyPlotPlantAcorn	Plant Sapling
0ef6ff35-af5e-485b-b497-db7b1397a3b3	ResearchTypeSO	ArtistryResearch	Artistry
0eff1e6f-8e7d-4bb9-a94b-0d58b12935ba	GlyphSO	Quick	Quick
0f38b02c-b81a-4fcd-9e07-73e09bd38dee	GlyphSO	Insight	Insight
0f508e94-c041-4b94-850c-e7039e541aa2	AchievementSO	MasterArtificer	Master Artificer
0f65d8ce-0911-418f-8a19-042506654b4c	KeyBindingVariable	CastSpell8	Spell 8
0f75c06b-d334-49bb-afbe-c5a560b7588d	ChallengeSO	FocusImprovedInventory	Focus: Improved Inventory
0f8ebe99-d871-4cad-8d3a-b14396731a9e	ConsumableSO	WizardsTonic	Wizard's Tonic
0f942bd7-f25b-46c3-ba62-aba422164220	StructureSO	EssencePurifier	Essence Purifier
0fafd8a7-c42d-4d1f-8332-c9e748318e6b	ModifierListVariable	LevelingXpStandard
0fbee815-f10b-44be-a47e-2a780d3915ff	ViewSO	WorkshopArtifactUpgrade	Upgrade
10233942-a66f-40a1-8a04-7f65428ab418	AnimationEffectSO	ImpactFire
10447429-67be-4b3d-87b9-e4f7dcb8b42f	IntVariable	MaxCraftingInstances	Parallel Crafting Slots
104a1bd4-84e7-4b06-9fa9-366fbf73d560	AnimationEffectSO	RayFireWide
105de618-5890-42c1-af31-f081c4edbbc4	ResearchSO	AscendScholar	Ascend Scholar
106f69b7-8c6a-4ff8-a66b-042b295e980f	StructureSO	Nourish	Nourish
10bd48ad-a536-46a1-a129-641e1b974fab	ResourceTypeSO	NaturalResourceType	Natural
10cc56c7-dc8e-4d5d-8734-7a462064a05b	RecipeBookSO	PrincipleStoneRecipeBook	Principle
10cd03d1-e460-477e-9055-b0bb19a3cbc9	IntVariable	PersistChallengeRerollsLeft	Challenge Rerolls Left
10e13d0f-d75b-4464-99da-f72fa0a3a667	AnimationEffectSO	ImpactFireImmediate
10feb5bc-32a2-44a7-9dee-0b3c2b8427b7	StructureSO	InnateCore	Innate Core
11305964-1e58-4dfa-8c30-4770203f7e3f	EquipmentSO	StaticGauntlets	Static Gauntlets
1171fee5-86df-423e-acb8-23e31b5984bc	AdvancementListVariable	AllAdvancements
11743a8d-1d25-4152-9729-2770bcef8dba	LocalizedStringSO	Structure
117e6039-f3fe-4bfa-9633-61af2981e859	AlchemyRecipeSO	LearningBlooming	Bloomed Learning
1182febf-5fcd-47b1-93cc-5bedf709d8b3	SpellRecipeSO	Undergrowth	Undergrowth
12102214-e33d-478b-a1f7-794940a6489b	EquipmentSO	ScholarsWand	Scholar's Wand
124e93fb-e651-4611-bf8d-854268ec5853	StringVariable	NumberDisplayMode
125d5d0e-b085-4c45-88ba-1afea0d7d9fa	PassiveAbilitySO	ReflectiveMentalLearning	Mental Learning
12979a39-c866-4b6f-926e-dba436e97058	AchievementSO	VoidEnder	Void Ender
129f4d68-0ba9-4274-8078-7e6931f20e77	ViewSO	ScholarResearch	Research
12a14383-12ed-4361-999f-7c984cf74bbb	UpgradeSO	GrowTreesIronwood	Ironwood Trees
12b87d43-a816-4b53-8446-98561390198c	StructureSO	Mentality	Mentality
12bfccbb-730e-467e-b6ad-660f8ef471a7	StructureSO	Summon	Summon
12d82cd9-708e-4275-bd65-a4ef0b8c2fb3	ViewSO	ScholarResearchInnovation	Innovation
12eb2437-5bd7-4069-b02a-e6f1eee8f0c6	GlyphTypeSO	SpellAugmentGlyph	Spell Augment
131a9925-018e-44cf-a9e1-c705cf01535c	ValueModifierVariable	ScalingMinor
131f2455-f6bc-4644-b083-5fdb276276ef	ConsumableSO	FuryPotion	Fury Potion
134a5b91-27e8-4f44-adc0-0cf037b42d88	StructureSO	Conduit	Conduit
1362bfcd-0b99-4b6b-8e5f-93725f4e5c2f	IntVariable	MaxInventorySpace	Inventory Space
1376905e-0da5-4c25-a914-1c574a5ff5b1	LocalizedStringSO	GlyphText
138238c6-333c-4f9a-b7b1-c8a2081c1f75	AttributeSO	RatingNextMulti	Next Multi-Proc at
13f68484-a2db-4e1a-ba90-18de2b0ecacf	AttributeGroupSO	PhysicalSpeedGroup	Physical Speed
14060ec2-d00f-4c47-85e6-cf3f8cc6d426	PlotNodeSO	PlotDreamberry	Dreamberry
14167282-0c32-4e70-9a9f-ab3f69d69b40	UpgradeSO	SparkChaosFinal	Final Spark Chaos
142a6282-abc8-415b-aefb-5bbcb3053eb6	ResearchSO	RitualEchos	Echoing Rituals
143b66a6-5974-42b0-92af-47b4476749b2	AlchemyRecipeSO	DismantleSigils	Extract Sigils
1461b2e6-c5ce-471b-b5a3-e20d96d42102	AlchemyRecipeSO	BrewCraftingPotion	Brew Crafting Potion
14923981-12e8-44a8-8983-f3aac5d25762	UpgradeSO	CreateSpiritStone	Spirit Stone
14961425-1021-4cf6-9e53-e7e2c04d4c0e	UpgradeSO	ImprovedTransmutations	Improved Transmutations
149b723d-3c88-4076-aac6-a907439b414a	HarvestActionTypeSO	MiningActionType	Mining
14b135d5-99ab-41cb-b04b-6dcd985096ef	ResearchSO	UnobtainableResearch	More Dev-Time, thanks :)
14b35ebc-f284-4d53-bd3f-f57a885cf2b1	UpgradeSO	Restoration	Restoration
14c72e51-669c-479e-adbb-c3c13d40b12b	ValueModifierVariable	Scaling_UrnOfExpansion
14c7cfc9-b6bf-4924-883a-061b004c7e47	StructureSO	Forage	Forage
14d895f0-ae9b-4066-b51b-e9e2dbb72e7f	AttributeSO	PlotNodeIdle	Ready
15008541-c7ed-4122-aa09-5bac216b8121	SpellRecipeSO	Supernova	Supernova
1524cfe7-ab03-4bd7-a395-c77132a5151e	AttributeSO	PersistenceRerollChallenges	Reroll Challenges
157ac4a3-ac79-465a-9ded-bd65be4ccb8e	ViewSO	PlayerResources	Resources
15832d06-6e92-4541-9033-c0fb3776ecb8	ScalingWeightSO	ChallengeEffect
15d92d13-ef8b-44d9-b18c-1deb8d965492	PlotNodeActionSO	PNAIronwoodTreeEnrich	Enrich
15fdfe57-05bd-491e-86ea-c1a2e4398b04	AchievementSO	PerfectStudy	Perfect Study
1614158d-6485-4995-90d0-79cc6b4dced4	SpellListVariable	ActiveSpells	Equipped
1614647c-e4fe-4b7a-ae46-05ac20b3786f	StructureSO	ElementalTemperance	Elemental Temperance
164d02f5-64d6-4e29-94e8-eb590ae2aa5c	ConsumableSO	HerbalistsBrew	Herbalist's Brew
164dbfa9-8b9f-4976-9d17-ad3ad6b07a62	ConsumableSO	ScrollEcho	Scroll of Echoing
16509db0-f6ce-4a14-a40c-f000d93a8df6	ResearchSO	AgromancyElementiaSpring	Elementia Spring
166cde99-0d90-4e03-9832-f04dbf37691a	ViewSO	WorldAgromancyDruidryLvs
167f94b8-baf9-4829-98c1-4f2d3af79b86	ViewSO	ScholarTableVisible
168e3734-1ecb-4938-bd4a-d011ff13e201	GlyphSO	Weak	Weak
169e3d4b-954a-4d73-b790-00ef2e2a7ebc	AlchemyRecipeSO	BrewArcanumPotion	Brew Arcanum Potion
16b555ff-3212-4e27-9255-d2a9431602d1	MusicTrackSO	ExploringTheDarkness	Exploring the Darkness
16d6ce2e-af2a-4d16-a38a-6787ed432f3d	ResearchListVariable	AllResearch
1712068d-ca4c-48cd-93e5-331ffc62e64f	AnimationSO	BasicResourceGeneration	Basic Resource Generation
1726ed23-b678-4123-83eb-72eaa5cce28d	StructureSO	ArcaneReserves	Arcane Reserves
172985ef-00a1-4619-a47f-453d515a5192	UpgradeSO	WizardrySpark	Stormshaper
1744be6f-efea-4c48-88d1-ff10d97fa82e	DoubleVariable	SpellStockRestoreSpeed	Stock Restore Speed
178d3eab-e45c-4cfb-8dba-144aa8c13e0c	UpgradeSO	GatherSpace2	Gather Space II
17ea5e2e-ebbb-43c8-84d0-8566cee54bf5	HarvestElementSO	DreamberryFlower	Dreamberry
1810e404-dcab-44e5-9699-1a1160865802	CharacterAttributeSO	DamageReduction	Defense
18266357-55c6-4d68-82da-f751d2bd329a	TutorialSO	TutorialInk
182ce873-3b20-4e74-8c5f-07f057666871	StructureSO	Cauldron	Cauldron
1855e5c3-194f-4287-a434-23be5a68dd75	AdvancementSO	AdvEnrichVoidMoss	Enrich Herbs
186d5c32-3ea7-4539-9b47-0e3e9653ec54	ResearchSO	BulkDevelopmentResearch	Bulk Development
187c5f35-8f6f-4d0e-b87a-b4baa2e4a198	UpgradeSO	AugmentTable	Augment Table
187d11e0-83e7-4af2-acc2-75c6c7b54fef	PassiveAbilitySO	ReflectiveChargedLearning	Charged Learning
18964290-e217-4d14-8788-54706c86e85f	StructureSO	Integration	Integration
189b1aeb-c726-4680-8b54-29f46bbb81c7	AttributeSO	ResearchMaxInvestmentLevel	Max Investment
18aeec4a-230f-4a40-9ad5-6da900e4adfb	GlyphSO	Conductor	Conductor
18c498f5-e4a7-4549-b093-117e206cc043	IntVariable	SummonedLevel
18c8f376-e8a8-4568-9936-a3f8b888c3f0	StructureSO	SpacialCore	Spacial Core
18df64b0-e8cf-4a2a-9da6-0d3acaa2bec1	SpellRecipeSO	PsychicBlast	Psychic Blast
18fad971-4022-4f2b-890d-f3d93ebdc5d1	StructureTypeSO	SwiftStructures	Swift
19147c69-a514-462d-825c-267f2f140546	StructureSO	Agility	Agility
194b18d7-0856-474d-a645-962aaeff5c4b	CharacterSO	CrawlerApparition	Crawler
196355b5-4175-4aa6-a4df-656c4839a169	ChallengeSO	SpecializationAlchemy	Specialization: Alchemy
196cc6f4-a8ce-4670-a6f0-06f3b07e6ac5	PassiveAbilitySO	CursedTokenPassive	Cursed
1971a2b1-0da8-46b3-9dfd-311098694a40	UpgradeSO	ScholarismBeacons	Shining Scholar
197d064e-0b0a-45a2-8cc4-dab8aac87173	StructureSO	Amplifier	Amplifier
19c0e9dc-183b-47a9-b1d3-065347bceebb	AdvancementSO	AdvEnrichFruitTree	Enrich Fruit
19e5cd81-3445-40b9-a0e5-058bc90ee7e9	AttributeSO	Capacity	Capacity
1a0e5b8f-5993-4ae5-9e93-181a8773cda9	AttributeSO	ObjectFavorite	Favorite
1a1c9a36-6caf-4f7b-923e-a63685e75f8f	ConsumableTypeSO	PotionResource	Resource
1a1d55b9-f079-4e79-8ee6-c1b9c7705e12	EquipmentTypeSO	AmuletEquipmentType	Amulet
1a370ff9-fea7-4a2a-bca7-57fdb2862356	TreasurePoolSO	CoreTreasurePool	Random Treasure
1a3af358-133d-4f55-ac3e-5db11e8281c0	UpgradeSO	CrackleCasting	Crackle Casting
1a423610-06f8-40dd-a338-fd20d29b1294	DisplayEffectSO	BalanceChallenge
1a59719b-dc86-4f61-a691-6bb0f7930e3a	DoubleVariable	TimerWorld	World Time
1a5c9324-e978-440d-b6fa-e3f7d47b6bf2	ChallengeSO	WeakenedConcepts	Weakened Concepts
1a5e4acc-4fbd-4d33-ba6e-3ab3c840f751	AdvancementSO	AdvTimeMaterial	Material Boost
1a847485-25e7-44bf-8770-19e573c40fa5	HarvestElementListVariable	AllHarvestElements
1aa20c6a-dae9-4bc2-a780-0541f0fbb982	ChallengeSO	WeakenedCapacities	Weakened Capacities
1aa82a80-8d0f-4827-bf6b-0be51cf9c5fa	AttributeSO	ResearchShowCompleted	Show Completed
1ab06404-18d4-4bca-b86f-f0a8b4552755	AttributeSO	AdditionalInformation	Additional Info
1adf3986-e6e4-4760-ae83-bb0d14cfe9c2	ChallengeSO	FocusImprovedResources	Focus: Improved Resources
1af6f9d1-46e9-4d58-b541-133f4d39e71d	UpgradeSO	FocusAuraWater	Peaceful Focus
1b128968-0672-4a9e-8792-06aa78bc1244	PrerequisiteLinkSO	InnovationTiers
1b4f72f4-80c3-4b49-93d1-8804c103e705	IntVariable	MaxAlchemyResourceSlots	Max Alchemy Resource Slot
1b5e6166-825f-4d98-9234-98d207284db9	AttributeSO	PowerScaling	Power Scaling
1b719aba-2c53-4912-9e61-f80b7cc5542d	ViewListVariable	PlayerStats
1b7e92c4-6e22-44a7-9fab-4452ef8dffe7	PlotNodeTypeSO	TreeNodeType	Tree
1bb365b1-718b-4cf7-bf2d-39f04a58daf8	PlotNodeSO	PlotEmpty	Empty Plot
1bbe1505-05ef-4ea5-b636-388542846c82	DisplayEffectSO	SpecializationChallenge
1bd0ffa5-c420-4239-b247-2201c8e241ff	ViewListVariable	MagicGlyphViews
1bd19521-77e7-45c7-be0a-eca452b5a8fe	ResearchSO	ImprovedSoil	Improved Soil
1bd28a9b-663e-4d94-8cf1-8ff5b2fc8df4	MusicTrackSO	NotAllIsAsItSeems	Not All Is As It Seems
1bf5f061-10e6-436f-90bc-164798764564	RuneStoneSO	SpiritStone	Spirit
1bf84780-5342-40e7-bda0-33a404683955	TimeRuneSO	TimeMagicScaling	Magic Scaling
1c002d3e-a0f0-4980-b6a8-e0f396a68934	SpellTypeSO	Dragon	Dragon
1c02a78c-35d8-442b-b9eb-c70504aadae0	UpgradeSO	GrowFruitTrees	Create Fruit Trees
1c3ffe77-c46b-4a38-8dce-3e6bb6f62fb3	AttributeSO	EmptyRender	--
1c4a291f-8381-40f2-8d0b-574ea2b710da	ResourceSO	TemperedEssence	Tempered Essence
1c55ec7a-7076-4368-b29c-5b4574b75bdb	UpgradeSO	ImprovedDevelopment	Improved Development
1c577a4e-8a53-4367-98c0-985629cfdfda	AttributeSO	AttributeCostMod	Attribute Cost
1c6da5b3-041b-40a8-a45a-feb174cde507	UpgradeSO	RaiseMaxDruidryLevel	Raise Druidry Lv
1c75afe4-aa60-4118-8900-fddde585788e	AlchemyRecipeSO	BrewProtectionPotion	Brew Protection Potion
1c91d95e-3ee8-4167-aa8a-287ed74a6cda	PrerequisiteLinkSO	TimerRituals
1c9e052a-d288-4b86-aabf-8011163ca0c8	CharacterListVariable	EnemyBackLine
1ce0c1ed-35f1-45d3-8151-4e988a52c101	GlyphSO	Flow	Flow
1cefecd4-f129-489e-940a-cd168f190bd3	StructureSO	MaterialSavvy	Material Savvy
1d120ffe-3bef-4e14-8240-96220c90d565	UpgradeSO	ScholarismConcepts2	Dense Concepts
1d19d8f7-20ca-4255-b700-6defcc57cf79	ResearchSO	ParallelCrafting	Parallel Crafting
1d231459-552c-41f9-a03d-8a2d0e720352	PassiveAbilitySO	ReflectiveEssenceLearning	Essence Learning
1d2e2d57-322a-4bc5-919f-1c91364cd910	ConsumableSO	WoodworkPotion	Woodwork Potion
1d3ec3d4-d6d5-4e5b-9e10-e3d086bbd771	RitualVariable	ActiveRitual
1d5a7fe3-478e-4bf7-96d6-33f821858fb3	AttributeSO	RitualChainPower	Ritual Chain Power
1d995542-b485-4f0f-af3e-2875b872c623	PrerequisiteLinkSO	ReinforcementUnlocked
1da22b5f-ad0b-43a8-8580-46c989d7a69a	ResearchListVariable	InnovationResearches
1da6c242-b95b-4daf-8847-2423d31730cc	ThoughtStreamListVariable	AllThoughtStreams
1daa9558-b76a-4698-a2b6-76cf7e883585	RecipeBookSO	DeathStoneRecipeBook	Death
1daf43a3-8117-42a9-85be-0e8285b5e3d2	SpellRecipeSO	DistortedFusion	Distorted Fusion
1dbf65e8-6923-491b-a578-3b493bb709b1	CraftingRecipeSO	CraftWoodenSupports	Wooden Supports
1dc0dae9-5b1e-4f28-99e9-748d6a893195	ResourceSO	ExpScholar	Scholar Xp
1dc342b7-5eac-421b-a230-f56bc2c7d7f2	CharacterModifierSO	HealingModifier	Healing
1dee6e10-2b08-4233-94a4-bf66be8088c1	PlotNodeSO	PlotNodeShapedGround	Shaped Ground
1df5dce3-0a27-4227-8c83-d0117fcc1523	PassiveAbilitySO	RestingSpellsTokenPassive	Resting Spells
1e1d96f4-9af2-4c92-ba9c-b0b629d337ad	ResourceTypeSO	BloomingResourceType	Blooming
1e3f145b-cd4b-4ddc-bcd1-267987e838ed	UpgradeSO	ConstructionPurifier	Purifier Construction
1e577add-9258-4e8f-9c10-d41bc3f07c09	AttributeSO	SpellTypeXp	Spell Type Xp
1e7fbb81-6238-4621-be0c-e3f042ce7d52	UpgradeSO	ScribeScrollEcho	Echoing Scroll
1ed71a24-fb6a-4dd5-8845-320007ca45d8	ChallengeSO	FocusImprovedSanctuary	Focus: Improved Sanctuary
1ee4915f-537e-4e7e-bb6f-cc69b997420c	ChallengeSO	WeakenedDimensional	Weakened Dimensional
1eeac01c-aa45-43ed-aa20-4fbd75761c31	ViewListVariable	MagicSpellBookViews
1ef9fc7c-9483-40da-a664-cdd35101c356	StructureSO	Perfection	Perfection
1f00704e-30e7-4e28-8c32-2467556df2d3	AttributeSO	MaxUsage	Max Usage
1f1bb6b4-521f-4c68-b5a0-a1aacca829ca	KeyBindingVariable	GoToAgromancy	Go To Agromancy
1f4ebfce-6571-4563-a018-23f009a290a4	ViewSO	PlayerStatsAttributes	Statistics
1f57c04b-8b34-4304-a038-4e7b943c9403	EquipmentTypeSO	AllEquipmentType	All
1f822e98-389d-4a63-a87b-82b757a2d856	AlchemyRecipeSO	TransmuteWater	Transmute Water
1f863363-985e-4b71-869c-7d02281a8ede	ViewSO	TimeTimeRuneUpgrade	Upgrade
1f86d71d-8104-45fe-bc34-a59145ecee0a	AdvancementSO	AdvTimeCognitive	Cogntive Boost
1fc8df28-06fa-46c1-a12e-ebe846b74dda	CharacterSO	NestRepeaterApparition	Repeater Nest
20111d7f-e6fe-4572-a0fd-a039e53678ff	ChallengeSO	SpeedWorkshop	Speed: Workshop
202ea965-60d2-42c5-87f9-bf07992005f8	AlchemyRecipeSO	TransmuteHexsteel	Transmute Hexsteel
2042cec5-4b93-4e44-abee-10f850426b2b	AlchemyRecipeSO	TransmuteBlooming	Transmute Blooming
20688dd1-8e79-4cca-a085-efc95849a5be	AttributeSO	FreeUsage	Free Usage
2080b3e9-2e8c-4ffa-a3fb-0653817fb8a6	CombatStatusSO	Weakened	Weakened
20a0b45e-38ea-4f41-9e71-79686140d1cc	AlchemyRecipeSO	LearningMagic	Magic Learning
20c00bb7-931d-42c3-a215-b59662696a1f	ResourceListVariable	AugmentGlyphUpgradeResources
20c18cf2-9a22-4623-b31d-b28d137c793e	CraftingRecipeSO	CraftIngots	Ingots
20cd5bab-9a3c-4dde-b8e5-4e65919ee3c1	DoubleVariable	ParallelCraftPower	Parallel Crafting Power
20d02e67-03cc-43d4-992b-2c0098e9a1e7	TimeRuneSO	TimeAdvancementAccelerate	Advancement Accelerant
20d29fa7-2bd1-4508-9858-03f0620dcd6a	KeyBindingVariable	GoToDruidry	Go To Druidry
20f01743-4fcf-4f8e-8c1e-e7ab8034b94f	CraftingRecipeSO	CraftCognitiveDisk	Cognitive Disc
20fb94dd-dd10-4da5-8d0c-a4e6d311e438	StructureSO	Machinery	Machinery
2108c118-a1c4-4cc7-ba1f-73b0cc01cf5f	SpellRecipeSO	ArcaneAura	Arcane Aura
2113db00-c1d4-4d61-bbba-7bf5c91a85c2	ModifierListVariable	ConsumableAdvancmentXp
211600ff-980e-47bf-a505-6477831ed9be	AttributeSO	LevelableFreeLevel	Apply Free Level
212e3d88-c436-4d99-88e9-6f3b65ffe819	StructureTypeSO	ContainerStructures	Container
21368b73-08f3-49f9-ad95-cd0b4a8b7f4b	TutorialSO	TutorialCeremony
214c54a3-2340-4d8e-b511-21f221399bd8	AttributeSO	PersistenceResetWorld	Reset World
21628be0-4377-4b13-b28c-171ab29324bf	ResearchSO	ImprovedCasting	Improved Casting
2163ef0f-4a6c-426d-9137-2faf64067ce2	PlotNodeSO	PlotOakTree	Oak Tree
21734c1e-da53-455b-a10f-d943ffeac588	TimeRuneSO	TimeCastingPersist	Casting Persist
21ac9a1d-4579-4e3c-ad5e-7ad641dee90d	SpellRecipeSO	Reconfiguration	Reconfiguration
21b30786-67f6-43a2-95e3-54212c0060f0	HarvestElementSO	OakTree	Oak Tree
21b4c87b-7cd1-4620-a44a-63d16570d7fb	AlchemyRecipeSO	EnchantSpirit	Enchant Spirit
21c6dfcb-a0b7-40e1-a10e-a40a5688fc59	PrerequisiteLinkSO	ArtifactTiers
21d4df77-1dbe-4a0b-87a3-ec10ec054db0	AlchemyRecipeSO	AnalyzeNature	Analyze Nature
21e32486-5f07-4a7a-bce1-0517cfaae20c	EquipmentSO	ResonateJewel	Resonate Jewel
21fb017b-e677-44d1-808c-044e2d449580	RecipeBookListVariable	TimeRuneRecipeBooks
2208b843-d45f-4b81-b2a4-646b679d3dc3	AttributeSO	ResearchLeewayPoints	Leeway Points
220b9ea6-445a-468a-b99c-d96a2c67bc32	ResearchTypeListVariable	AllResearchTypes
22241a8c-a098-4517-a2ef-1102db7c7183	ResearchSO	ResearchElectric	Research Electric
22917654-5ae3-4367-a4ec-bba5cc7b1aae	UpgradeSO	GrowVoidMoss	Create Void Moss
22960ef9-f600-4779-8852-fe3c329958e7	AlchemyRecipeSO	StudyInfusion	Study Infusions
22a8ae11-8018-490b-8a51-deb64d0bd2d6	AchievementSO	PerfectMaterials	Perfect Materials
22da2a76-f9d0-4fc5-9235-ee58dc598fce	ModifierListVariable	XpOrb
22ee7bf4-0adf-44aa-ac25-289f1976b4ba	AdvancementSO	AdvTimeAdvancements	Advancement Boost
2315801b-2271-4bf7-a2d9-2ae53d1b6e28	SpellRecipeSO	SharpRicochet	Sharp Ricochet
23265dd7-43e8-4441-aba9-4a5825a0b1b8	StructureSO	Tinkering	Tinkering
234e47ce-1783-4e87-9713-b71857ad2f8b	StructureTypeSO	RadiantStructures	Radiant
2393e2e0-221c-41d2-8454-87714055f611	AdvancementSO	AdvTimePassiveBoost	Passive Boost
23a5c62a-30c5-4e95-aac5-2d0894db3667	ChallengeSO	SpecializationArtificer	Specialization: Artificer
23c47a88-2d4e-4638-a919-bcc6040afffc	UpgradeSO	UpgradeSpellBookSpells	Spellbook Loadout
23c6749f-58dd-4979-9474-e13b7f8e7ef7	AttributeSO	AlchemyLevel	Recipe Level
23d48f24-2e50-4381-8543-0491aa5eaec3	ValueModifierVariable	ScalingInfusion
241d97fb-dc77-493b-a3f1-3abdb1596819	ViewSO	MagicWizardy	Wizardry
242ff3b2-1f02-4d3f-973f-02111425e92b	ResearchSO	MysticRally	Mystic Rally
243d5910-33f2-40b7-af9f-a33da799f339	ViewListVariable	MagicScreenViews
2442ff7c-5630-4f7f-ac8f-1ea5f3b7a7cc	UpgradeSO	Alchemist	Alchemist
24480e12-c754-456f-b832-78ad740b3cc0	ChallengeSO	BalanceBigPlants	Balance: Big Plants
245e3081-c6df-4633-bf0b-547cddcb9e17	UpgradeSO	ConstructionBeacon	Shining Structures
247df7d6-d826-4504-96ba-6bd824cf10de	ChallengeSO	SpecializationScholar	Specialization: Scholar
24820a1f-fc51-4351-bf6c-cd5fbf76f5d2	KeyBindingVariable	TabUp	Tab Up
248ac0f1-22f6-41eb-916d-c6e030ead1d8	ChallengeSO	WeakenedTransmutations	Weakened Transmutations
24ae77b9-e10d-457b-97dd-4ee7b98c4b75	ChallengeSO	WeakenedTools	Weakened Tools
24d55598-4ad5-4718-a0eb-965aba56ba8f	SpellTypeSO	Conjuration	Conjuration
24e3bff0-7834-4124-88c0-f57b8eb75d29	CharacterAttributeSO	ActionSpeed	Speed
25167ed4-3ce0-4f35-8198-4a7afc9810c3	UpgradeSO	UpgradedConversions	Dreamberry Conversions
2519e676-a28a-4882-83b8-9eabfd4b37d7	ChallengeSO	WeakenedGenerators	Weakened Generators
251da5b5-1403-4ffe-a88a-16448cdfaae7	ResourceTypeSO	SpacialResourceType	Spacial
2522b1c1-bbe0-430d-b19b-e51f5b29087b	UpgradeSO	AutoBuyAttributes	Auto Buy Attributes
2533331a-97b7-46e6-8c2d-2737b5887f3c	StructureSO	WorldBreaker	World Breaker
2538acae-9561-4b5e-b16a-3963325c3f18	CharacterActionSO	BasicAttack	Attack
2547d6c2-6659-46dc-ad3e-7f46e80fbf0e	AttributeSO	DecayRating	Decay
25679d41-8a6a-43c1-87b5-b7c9ee004fa3	TimeRuneSO	TimeDiscoverRarityScaling	Discovery Rarity Scaling
256b2794-4915-4b6e-9516-2c303c953262	PlotNodeActionSO	PNAShapedLandCreateSpring	Create Spring
259b6363-45db-4093-bb3e-5b140ba8d4b3	AdvancementSO	AdvDimensionalSlatestone	Bending
25be62b2-5e49-4831-b286-f3d024050382	AlchemyRecipeSO	BrewDimensionalSalve	Brew Dimensional Salve
25ca1450-02ca-4bd9-b30e-51b50bb50efc	ChallengeSO	BoonLeveling	Boon: Leveling
260eeb8b-2511-4a65-9b62-c23811972ae0	SpellRecipeSO	SolarFlare	Solar Flare
26123417-e601-4e69-a01c-1d606714881b	LocalizedStringSO	Achievement
26239177-abf1-4c6f-a635-df8870f0056f	AdvancementSO	AdvTimePhysicalBoost	Physical Boost
264ef552-0c7c-425a-8953-cd4b370c0ffe	PassiveAbilitySO	QuickWittedTokenPassive	Quick Witted
2695012d-0e1d-4092-8006-c9e1a74c5b87	DisplayEffectSO	ImportantUpgrade
2699a4ab-5fad-463c-9c5b-75e0e52391a1	UpgradeSO	ConstructionIngots	Craft Ingots
26a8866f-dbfd-4d9c-ba93-d661ee401bdc	AlchemyRecipeSO	BrewFlowPotion	Brew Flow Potion
26d99d3d-8c16-44cb-88bf-645fd08e6a94	ChallengeSO	BalancePassiveAmp	Balance: Amplified Passive
26e546e3-0516-4e3e-83fa-67bedbfc4891	SpellRecipeSO	Radiance	Radiance
26f09590-c8be-476d-9522-d69083ca3bdf	ScalingWeightSO	PotionAugSpecial
26fb15fe-730c-4bd8-92ef-0e20db088168	IntVariable	MaxChallengePreferenceSlots	Challenge Preference Slots
27250c24-6c28-4858-acca-17e611e6aeb0	ResourceSO	Wood	Wood
27271f45-a43d-416b-8581-8cc34de6ca2b	ResearchSO	ImprovedResources	Improved Resources
2754f10f-d88c-4b15-946b-e9a97c731300	ViewSO	MagicGlyphsUpgrade	Upgrade
275bf482-b41e-4e05-8903-24521169ee4e	StructureTypeSO	AlchemistStructures	Alchemist
27c0102a-2c19-4bca-b62f-cae98323b0b1	GlyphSO	Refine	Refine
27fdcb79-accc-460e-95ad-9e3ea41e7391	ViewSO	ScholarScribe	Scribe
281f4bca-c8e7-45cd-8fcc-f68a481e76d9	ResearchSO	RitualCriticalImproved	Amplified Ritual Criticals
286ccc5d-2318-4ab8-9887-86609451b368	LocalizedStringSO	Animation
28969c4b-2d63-451f-b3dc-b186e7aeb9ea	UpgradeSO	MysticSoul2	Advanced Spirituality
28dde5e5-22f9-427c-a85e-9d8644c2d117	ModifierListVariable	DruidryXpReq
291502c3-5f13-49e1-b717-2aa8c7b70096	AttributeSO	DiscoveryTreeConfirm	Confirm
2917516f-34a5-47b7-85b2-0b2f9ab3a29f	CraftingRecipeListVariable	ScribeCraftingRecipes
291d0899-c13b-446f-a9b8-a30db1f7d747	PlotNodeSO	PlotMagebloom	Magebloom
291d7c5a-7603-4dab-aef5-95a481c93d95	ChallengeSO	BalanceFrugalZeal	Balance: Frugal Zeal
2926aba4-ae3c-45a0-8c2d-7135c89c986e	StringVariable	UrlDiscord
2930b7bd-abc4-43f4-badf-f2e114e3188f	AttributeSO	ObjectPin	Pin
2934b5c7-d18f-4cc5-84bd-085261feb155	AlchemyRecipeSO	StudyBattle	Study Battle
2937708d-aca0-4d4e-b5da-e17e609b06bc	TutorialSO	TutorialAmber
29451b4e-e9e6-4af4-8154-0876f4c8cb4e	AlchemyRecipeSO	BrewStormshapersSalve	Brew Stormshaper's Salve
295660bb-fc99-4d6b-b57e-bfdbc23ba7e5	ScalingWeightSO	CharStatTinyScaling
295ee199-8390-4a1c-ab52-600afdc2139f	UpgradeSO	ShapeLand	Shape Land
2971d73b-f0f5-4c12-b327-6f4a7e7a9911	AttributeSO	EnhancementRitual	Superior
297aae92-8d7e-4879-bdcf-3cbe614128e3	UpgradeListVariable	ScholarScreenUpgrades
2989688f-6d00-4182-a181-19170a2550d2	ConsumableSO	ElementalApricot	Elemental Apricot
29a6e64b-dcd7-4b1a-a990-bab095bf6f4e	ConsumableSO	ExperienceGem	Experience Gem
29b3b250-8f85-4a0f-90fb-27403e916f09	AlchemyRecipeSO	BrewStabilizationSalve	Brew Stabilization Salve
29d38b2a-4ac3-4aa0-b185-70a12bf5cee4	AttributeSO	ResourceRateMissingPercent	Missing Interest Rate
29ec0b7f-e28b-4810-9e05-698256c5184c	IntVariable	SelectedCraftMode	Selected Craft Mode
29ee5bec-e63d-4380-82ba-9f21a3287348	AlchemyInstanceListVariable	ActiveAlchemyList
29f69887-59d8-424b-b7c5-b25486bedd10	AchievementSO	TempoTactician	Tempo Tactician
2a1b8e5a-e237-4726-9023-fdb2e658d721	CharacterTypeSO	Aberration	Aberration
2a23ab0d-e96b-4d17-82e6-c8843808d58a	AttributeSO	MasteryLevel	Mastery Lv
2a3ef2cc-839f-4782-986f-2932de210f35	ViewListVariable	CraftPageViews
2a782cdf-a8aa-424c-92a9-de6b3e6f0ec0	UpgradeSO	LearnPsionic	Learn Psionic
2a83d222-9c3f-4764-bc51-543dc42e927f	StructureSO	RapidGathering	Rapid Gathering
2a8c0f7b-7455-4c58-8081-03adcfc40969	TimeRuneSO	TimeTechnologicalScaling	Technological Scaling
2b074440-e138-458d-9116-af905cb6c7cd	CraftingInstanceListVariable	ActiveCraftingInstances
2b247edb-b491-40d4-8220-2feded8c51b0	ResourceListVariable	ManaResources
2b34879d-68a6-4e04-b602-ffb1f183325f	ValueModifierVariable	GlyphLevelCostMod
2b411301-89df-463c-83a1-2b50859c0f58	ResourceSO	DarkThistle	Dark Thistle
2b735ced-ab07-444f-b50d-78c553c0db48	StructureTypeSO	PrimalStructures	Primal
2b862343-465e-4fe9-ae90-6d5f92be61f8	PlotNodeTypeSO	SpringNodeType	Spring
2bbab7dd-dd42-4e7f-b34d-0c7c8447e57a	StructureListVariable	WizardyStructures
2bc5530d-1040-4c1b-813b-a6608b3e3fdf	EquipmentTypeListVariable	CoreEquipmentTypes
2bc6b815-bb82-4258-8d0a-3bcb4cdd71f7	SpellRecipeSO	CausticConversion	Caustic Conversion
2bcf22df-ed8f-4944-bca1-b19009b64221	AlchemyRecipeSO	TransmuteWood	Transmute Wood
2bde810a-fd00-42ff-8e68-8272e60e6cfd	HarvestActionTypeSO	ActiveActionType	Active
2bf0811a-857f-48ed-a92b-dcaf5640e17b	DoubleVariable	AutoSaveTimer	Autosave In
2bfdf92f-9b8a-480b-b6e5-f136f1809d6f	AdvancementSO	AdvAlchemistsStone	Alchemized
2c27d840-c61f-43e8-be28-0518028b3a32	ResearchSO	DruidicGeneration	Druidic Generation
2c3b16bc-1eb4-4382-9d93-0d20f81f07a9	StructureListVariable	ArtificerStructures
2c44f4a9-2d6d-4bc1-bd87-51abd3ce3de4	CharacterSO	NestBlasterApparition	Blaster Nest
2c4825f4-9869-41fc-84df-301638a097a5	ActionableListVariable	ActiveActionables	Active Attributes
2c80bece-3e77-4893-86fc-631ece744a4d	GlyphSO	Bright	Bright
2c9e81ad-8bac-4ccf-9d19-1b3fd50c434f	ConsumableSO	SparkPotion	Spark Potion
2ca21dd7-da00-4016-a489-21136825bc9d	AttributeGroupSO	AgromancySpeedGroup	Agromancy Speed
2cabf932-ffb5-4a01-8278-443b15dd7cc3	AlchemyRecipeSO	TransmuteBlaze	Transmute Blaze
2cc030ce-f362-4e2d-b624-43b072a09257	ResearchSO	RestMastery	Rest Mastery
2cca401f-0629-4618-ba7e-48cd03963545	ResourceSO	SpectralDust	Spectral Dust
2d026016-9f42-4088-be67-b868e164e876	ResearchSO	ParallelMinds	Parallel Minds
2d15b7cd-6c7e-468b-ad1d-1224857d1ea6	ResearchTypeSO	SurplusResearch	Surplus
2d2af132-4b8b-4e0d-9afe-70dc75b1e820	LocalizedStringListVariable	AllLocalizedStrings
2d41cfc1-bffa-43b5-b3a8-5e4d5ad85434	PlotNodeSO	PlotTreasureTree	Treasure Tree
2d4d9994-d40b-4b7c-972f-09f0e4c7d983	StringVariable	ErrorMessage
2d558af2-686f-49ce-9860-a8a85171da4d	AttributeSO	ChallengeQueued	Queued
2d6afd76-ecdc-4312-bc5d-534c2ab87565	AttributeSO	RarityValue	Rarity Value
2d8147e0-58b4-4722-9ce7-5e5c38e00dbe	ScalingWeightSO	CharStatLargeScaling
2d815783-0995-43f6-8da0-c60fe5ff2b3c	ResearchSO	CriticalDevelopment	Critical Development
2d8339a9-ae11-4411-b96c-5e41ea286a9c	AlchemyRecipeSO	StudyBooks	Study Books
2db78617-9b1d-40b1-94e9-26dba3791107	AttributeSO	LoadoutSnapshotSave	Save Snapshot
2dc187bd-87ab-4c4a-b611-687cdef32614	IntVariable	SpellOutputLevel	Output Lv
2dcc32b4-ebc5-4239-bc9e-97c3b76ffd8d	SpellRecipeSO	ConjureSpace	Conjure Space
2e0d3cad-c5f2-4460-9ec7-16d8b5eeea70	ViewSO	PersistentResetInfo	Information
2e14975f-8043-49fb-ace8-71e259e681ed	ConsumableSO	ArcanumPotion	Arcanum Potion
2e192578-d2ba-4ea0-94b9-5c722d52c781	DoubleVariable	BonusItemLimit	Bonus Item Limit
2e2e856f-af30-494a-85fe-afa76d6cae1b	UpgradeSO	LearnEvoke	Learn Evoke
2e4a7db6-fc70-4b52-8fcb-aac923c03070	UpgradeSO	TechAdvancements	Tech Advancements
2e538af5-9ecf-413e-811c-b981c09449cf	ConsumableSO	EmeraldPowerstone	Emerald Powerstone
2e5b6254-7f3e-4884-a086-92a20b475a44	PassiveAbilitySO	StaticTokenPassive	Static
2e7f9045-8a00-4f05-b76a-584da462decc	EquipmentTypeSO	RingEquipmentType	Ring
2e822d4d-be19-4c02-abcd-a18304b5a6f3	ResearchSO	ArcaneDevelopment	Arcane Development
2ebf945f-56bc-44fe-a82a-7f117779ce37	RitualSO	Language	Language
2ef34c8b-e2af-414a-92c3-692a0f308656	EquipmentTypeSO	WildEquipmentType	Wild
2f0b80ff-b786-4fa8-beda-a80650c4055b	ResourceSO	Soul	Soul
2f185f2e-9204-49fd-a0af-95f976dfef95	PassiveAbilitySO	ScholarsStaffPassive	Scholar's Staff
2f1dfdca-5086-4cbc-a469-61b82a34523e	IntVariable	ChallengesComplete	Challenges Complete
2f22a8b7-ae42-4dfa-85f6-0d1456b47e4f	PassiveAbilitySO	VoltaicStaffPassive	Voltaic Staff
2f34e7b8-cc57-4516-8dff-681abc3f1a08	UpgradeSO	LearnExpand	Learn Expansion
2f37d7a7-0753-4228-99d7-835ec83e1f5b	UpgradeSO	AspectAlchemyLab	Aspect: Alchemy Lab
2f39a5f0-28c0-4fdd-af20-6d2d181798e3	AttributeSO	LevelAllSpellsButton	Level All Spells
2f5c805d-3f2d-43fb-9bc1-d2cec6b88985	UpgradeSO	DruidryIronwood	Ironwood Druidry
2f73cf47-3bc2-4790-9822-b3434ddfec5b	LocalizedStringSO	Enchantment
2f7fcef7-70ec-40f0-87d9-77c333d59a7f	StructureTypeSO	TalentStructures	Talent
2fa66381-76be-42d5-a25b-31cb5790f03a	UpgradeSO	UpgradeSpellBookLoadout	Duplicate Spellbook
2faa5a3c-6a34-46ec-ac8c-f0a49049a721	UpgradeSO	DimensionalShaperMetal	Metalic Shaper
2fb1c5a4-0736-4b55-8b93-8528153632cd	ValueModifierVariable	ScalingMaxQuantityTiny
2fbe8274-5409-49a4-95e8-f6e27c6775ec	ResearchSO	ExpandedGlyphTable	Expanded Glyph Table
2fc88d26-8529-4395-90dd-a706c21a6fb8	ResearchSO	ConstructReinforced	Learn Reinforcement
2fe23b32-c69a-4232-9b07-6e2a7a8262b2	KeyBindingVariable	Loadouts	Open Loadouts
2ffcbbc4-49a7-45db-b3ae-4a3c57362255	AlchemyTypeSO	Enchantment	Enchantment
300ce902-1457-4135-a530-8f5fd1b13a0b	ConsumableRefListVariable	AllConsumableRefs
30263415-650b-4544-85f9-cff8afdb089b	UpgradeSO	ImbueSoulShards	Imbue Soul Shards
303e8ac6-0855-4c98-a603-5805b5f5e791	UpgradeSO	DimensionalShaperCore2	Core Shaping II
304ca62a-3840-48b4-b296-293f75f10c55	ValueModifierVariable	ScalingReinforcement
306377c5-a9f1-42e3-b4be-6077cad210d4	PassiveAbilitySO	AcceleratedTokenPassive	Accelerated
30b9cad5-b98e-4042-8a27-453ca3bcc086	StructureSO	Retention	Retention
30beca7f-a179-4e5c-a671-d413813aa676	ResearchSO	GreaterMentalAcuity	Greater Mental Acuity
30cb75e4-a3b5-468d-a960-aeacd87ad0c2	RecipeBookSO	NatureRecipeBook	Nature
30cd7c87-f416-45a6-bc29-b18ab6a135bf	ResearchSO	ArtifactRings	Artifact: Rings
30f3e64e-5687-4d1f-9dd4-790c2b7098fc	LocalizedStringSO	CraftingRecipe
310c72dd-0836-43ea-ab48-76c3a7a03ba8	ResearchSO	ArtifactGloves	Artifact: Gloves
310fd990-3273-4193-bb4f-e9deb630ace6	RitualSO	Gravity	Gravity
3110a572-35b4-4dc5-b3b7-12dde4b8e6e3	TutorialSO	TutorialDivineFragments
312ad7da-07a6-4296-9f91-f4eda43e4fe4	ViewSO	AlchemistsLab
314cbbe7-3676-4452-a1b4-d321e7a849f6	StructureSO	NaturalExpansion	Natural Expansion
314fad28-6fd6-4f47-80d6-1c822ccecd11	ChallengeSO	FocusImprovedGenerators	Focus: Improved Generators
315471ca-0d15-455d-92da-f9d5f95a3c33	ConsumableTypeSO	GlobalConsumableType	All Consumable
316bcada-80fd-4062-ab06-1549ad21dd54	DoubleVariable	SpellEchoPenalty	Echo Penalty
317d234b-354e-41bb-a252-6a280fb506ff	AttributeGroupSO	ManufacturingPowerGroup	Manufacturing Power
319a2b57-6624-43f0-a243-86c0731ab54c	ResourceSO	WeightLumber	Lumber Harvest Capacity
31a864f1-34ce-45b9-92c6-b80c455ccdd9	UpgradeSO	WizardryArcane2	Arcanism II
31ad5b22-1ffe-48a0-a59c-092037764e8f	IntVariable	MaxRuneSlots	Max Rune Slots
31b032c7-9f6d-486e-adfc-bf8bacffc584	RitualSO	Kinesis	Kinesis
323bfed5-fd27-4570-905c-f1b2f032bf2d	AlchemyRecipeSO	BrewHarvestingTonic	Brew Harvesting Tonic
3259c0fb-5e71-41a8-9a78-ad27de889320	ModifierListVariable	DiscoveryTreeCostInfiniteGigantic
32616a41-453d-4fbd-a29d-ea79adb0b403	IntVariable	MaxActiveSpells	Max Spell Slots
32710595-435c-448a-92d3-b397c1e9c445	PlotNodeSO	PlotDarkThistle	Dark Thistle
3276eaa7-89b7-41d9-bab8-a3b9ca4859fd	ChallengeSO	BalanceSlow	Balance: Slow
3280ce1b-8466-4b03-864b-50ffab26ce9a	RecipeBookSO	PsionicRecipeBook	Psionic
32b5e34c-5e6a-4198-9ff6-95627f9ebea5	IntVariable	DiscoveryTreeRerolls	Max Discovery Rerolls
32b6b099-19f2-4470-b47b-6c2a8b0388e1	AlchemyTypeSO	Refinement	Refinement
32ba0a06-3f5a-4ec8-b746-4720c6edf693	TimeRuneSO	TimeMaterialTempo	Material Tempo
32c53efe-9364-4580-b150-58fd0b3ef611	ScalingWeightSO	ThreadEffectScaling
32c8ff0a-cbf5-41b3-88d8-52a2c28f7fa9	UpgradeListVariable	TimeScreenUpgrades
32dee731-bde0-41f7-bb1d-90589854cbd5	ResearchSO	ItemMastery	Item Mastery
32f5ecd0-f07b-42b8-a7db-709a18a23df3	AttributeSO	Info	Info
332915ff-cad4-45d1-a344-21cc574798f1	SpellRecipeSO	Industria	Industria
33386876-d5cc-4af9-b639-ec9ed08b7e7a	UpgradeSO	DimensionalShaper2	Improved Shaping
334fb470-64af-4291-88ad-9c9101b81efa	UpgradeSO	ArtificerCrafting	Artificer Crafting
3357c64a-f19b-4a03-8819-c1622081dd7b	UpgradeSO	ImprovedBrewing	Improved Brewing
3368101f-a6e4-4f5c-9ff3-a9c4f276da3d	SpellRecipeSO	Reverberate	Reverberate
336813b4-c6b7-4dc1-89ca-8ff735f871e7	PrerequisiteLinkSO	TreeTiers
3383322b-faf9-4072-b751-755a3a32a65a	IntVariable	GlobalSeed	Global Seed
3393a04d-9e74-48f3-8384-548a3b1b5aad	UpgradeSO	DimensionalShaperCore1	Core Shaping
33c05e6b-49ff-493c-96ef-ca2fc0c68617	AchievementSO	PerfectSpeed	Perfect Speed
34106d37-6060-4734-b1bf-ec2ab6b0ae00	AttributeSO	Duration	Duration
3426d4f1-3a70-402e-a350-525fdcf121e4	GlyphSO	Weighted	Weighted
34279c4b-b786-43d3-b12c-fcd7d8758a4b	StructureSO	Carpentry	Carpentry
3444dae4-9323-4e4e-8a0a-ae800da15ab8	DiscoveryTreeSO	ConceptDiscoveryTree	Concept Discoveries
34509658-1e6e-4cfe-802d-1bf2df202833	PassiveAbilityTypeSO	EmblemPassiveType	Emblem
34624830-d04e-44f6-9410-6098bd349399	ViewSO	AlchAlchemyLevel	Alch Alchemy Level
346aaf5c-853c-4ae9-bce4-4bcab4564830	StructureSO	MagmaticReserves	Magmatic Reserves
3479146d-bf6c-49f1-b6f4-c0949e759636	PrerequisiteLinkSO	TimeResetUnlocked
3480141d-d5b2-4e66-9b3c-d33fdc0390f4	StructureSO	Charger	Charger
34ba950a-3e02-46be-9528-021a7a6e2160	RitualTypeSO	StrengthRitual	Strength
34e08e07-66e6-4e5f-bba5-e494ac997d8d	UpgradeSO	Construction2	Advanced Construction
34e69f08-9a2d-455a-beaa-f8abf8ba5be8	TimeRuneSO	TimeAdvancementPersist	Advancement Persist
35141301-f428-450f-93b8-ce28f506d704	ViewSO	MagicGlyphsDiscover	Glyphcraft
351d94c1-124e-45f1-8e71-fe2344cbb239	AchievementListVariable	AllAchievements
3533ba35-dda1-432e-b728-bda70ec04fe0	KeyBindingVariable	GoToScholarism	Go To Scholarism
354126ed-f502-4fa6-892c-27be7c202746	HarvestTypeSO	TreeHarvestType	Tree
3559f6a0-c6e3-4c9f-bd26-35ac9dc904f6	CharacterAttributeSO	ActionPower	Power
355c9d24-2984-4d90-8aea-85afe1d1af6a	KeyBindingListVariable	AllKeyBindings
355f3f1c-f9dc-48f5-bfaa-79d54dae7a2b	ConditionalTextList	SpellCastingTips
35803827-d208-4ddf-9c41-c50529c6ebe2	TimeRuneSO	TimeConstructionScaling	Construction Scaling
359345d8-87a4-46e4-846f-ded52a54dda1	PrerequisiteLinkSO	ElementiaUnlocked
35a8a47e-c5e0-4910-88d0-5711712fbb26	SpellRecipeSO	ConjureLife	Conjure Life
35b6ce96-c66e-4a5b-993e-36a740d99acd	AlchemyRecipeSO	BrewMetalworkPotion	Brew Metalwork Potion
35bd3d91-d5dd-4652-be67-8728d5bfc22a	StructureSO	RapidShot	Rapid Shot
35df1446-4035-4c76-a32b-f7963bfb400b	TutorialSO	TutorialDarkThistle
35f4a4dc-45ed-4e19-b9e2-e37f2805ac0d	AttributeSO	TreasurePoolUnknown	Unknown Item
35f6e6b5-b5c9-4c48-981f-9b5ac4ba06f3	UpgradeSO	MysticHexsteel	Mystic Hexsteel
362889fd-803f-4330-a390-c84fd3b91dd6	GlyphTypeSO	ForgingGlyph	Forging
362b51ea-eee6-45ea-8fd3-c2f8484b1c0d	InstanceScalingSO	BrewingInstanceScaling
3631e0a9-e34e-416f-a6c1-b78c17b280e4	PassiveAbilitySO	TimeSicknessTokenPassive	Time Sickness
36375616-7476-4748-8c20-ba628933bea5	SpellRecipeSO	GatherKnowledge	Gather Knowledge
36522768-315d-4798-a701-85073741be99	IntVariable	HotbarSlots	Toolbelt Slots
36559347-4e07-45e1-bdf6-d20cc4590fc8	AdvancementSO	AdvContinuousCoconut	Continuous!
3694a57f-db55-4385-be84-cf0762fb0051	BoolVariable	LightSensitivityMode
36b6f51c-39cd-43b9-859b-51c752630216	ConsumableSO	ThreadsOfDevelopment	Threads of Development
36dff868-512c-4194-a27d-879876c39392	UpgradeSO	MysticIngots	Metalic Spirit
36ffdd61-3b8a-4353-8246-b122daf4cd54	ResearchSO	GreaterDurations	Greater Durations
37163239-1364-4003-9f62-aee3aab86bc1	ResourceSO	Arcanum	Arcanum
37171f2f-70e0-4f36-9bdb-c9e38489eae3	ResearchSO	ZealRecovery	Zeal Recovery
37213cc8-17a8-48ec-94a7-45667afecb7d	UpgradeSO	NoviceSpells	Novice Spells
3728f4ed-a2a2-4833-84e2-768728f0b34d	AlchemyRecipeSO	TransmuteSpark	Transmute Spark
377d1839-7191-4175-af77-2b22520f48a7	TutorialSO	TutorialDruidryLevel
37874266-2432-4a41-9592-4f345fd04d5e	AttributeSO	SpellWeightReduction	Spell Weight Reduction
3787b423-e387-4b90-b7b4-59ac635f5a64	CharacterSO	ViolenceApparition	Violence
379d6b29-0202-430d-9597-48a24e8b0605	RecipeBookSO	ConductorRecipeBook	Conductor
37a77442-47f7-432e-a14f-f00b03234074	ScalingWeightSO	ChallengeReward
37a84399-98b5-463c-b858-c1ecf2f9bf34	IntVariable	MultiBuy	MultiBuy
37abd1a3-30a6-40cd-bfed-04e36e2c20cc	AttributeSO	ChallengePassed	Passed
37c0504f-3849-49f8-99d8-d13e5481d9d9	AttributeSO	DecayTime	Decay Time
37d19c63-b4fb-47dd-94eb-e0dcad44c400	PrerequisiteLinkSO	ScribeTiers
380b1256-02c1-4eb6-9c50-c379c1bcc78c	RitualSO	Faith	Faith
38110288-aee6-46e3-bfbd-557e1804ab2f	KeyBindingVariable	GoToLoadout	Go To Loadout
38589d40-9271-45e8-9caa-13a1b903789d	UpgradeSO	AutoBuyAttributes2	Auto Buy Attributes II
3888ff9a-dc86-4327-b3d3-61c64dae08a3	LocalizedStringSO	Glyph
388bfe38-15f0-4264-86a1-c83cc8fbcf3f	AttributeSO	Equilibrium	Equilibrium
38ad89c0-851c-4da2-a3e6-5f819bbc683a	StringVariable	ErrorMessageTrace
38bdbf03-cac6-4e90-afb7-f7d3aa2b2ce3	LocalizedStringSO	SpellRecipe
38cf79fa-1f6d-437b-88ae-95235bce905a	RuneStoneListVariable	SelectedRuneStones
38d082aa-8142-4f53-80ff-723355cd7e1d	ScalingWeightSO	AdvHarvestScaling
38d0bf88-6776-4727-a85d-8cb6bd8a2eab	StructureSO	ThoughtStream	Thought Stream
38f310cb-9205-471f-afa3-832547a0f33f	ChallengeSO	BalanceActiveAmp	Balance: Amplified Active
38f53d08-e554-4ec8-99f9-762c6bacd8bb	UpgradeSO	AspectRituals	Aspect: Rituals
393bb4ad-6baf-4a0a-a7c8-a8bde902e5d3	AttributeSO	HasRequirements	Has Requirements
3950a2b3-28ad-4d39-945f-bf6223177e4b	TutorialSO	TutorialWorldAspect
395c806b-4cff-462b-bdd2-0233f8e1883e	ResearchSO	GreaterAttunement	Greater Attunement
396a3c5d-1d4e-4fa5-8079-3b2ac625cd80	PassiveAbilitySO	HellishReaverPassive	Hellish Reaver
398434cb-f786-4eef-87f6-3d35efa0511e	ViewListVariable	ScholarViews
399623bf-9407-4c44-8478-b72d5c499d0e	AttributeSO	ElementalResonance	Elemental Resonance
399e57fe-cafd-4537-a5a2-1298d5889481	LocalizedStringSO	CharacterAction
3a12c6bc-1105-40f0-913e-a6b14aa0811d	ResearchSO	TechArchmagus	Tech Archmagus
3a368304-adfc-4a45-b533-04963a792a03	ViewSO	WorldDimensional	Dimensional
3a533209-918d-4ff2-9352-bbcdaab170d7	ResearchSO	ExpandedGlyphTable2	Grand Glyph Table
3a609f91-a7b0-4061-abdf-bba47399c38f	UpgradeListVariable	AlchemyUpgradesList
3a7f00f5-b2d7-449d-ab00-1fe3e23207c1	StructureSO	ScholarsBook	Scholar's Book
3a856644-1e3a-4090-a017-2d6a23bf4c58	DoubleVariable	SpellCriticalPenalty	Crit Chance Penalty
3a946537-28c9-43de-8ecd-7c75540475cf	ViewListVariable	TimeViews
3a9ff40d-cffb-4276-85b6-37a3baa751ba	ResearchSO	ParallelDismantling	Parallel Dismantling
3ab0014b-e6c8-474a-9610-8c5b04c30ac6	CraftingStructureRefListVariable	AllCraftingStructures
3ab5fc9d-88d6-4665-97fc-30329ce9415d	EquipmentSO	GlovesOfPrecision	Gloves of Precision
3abd77a1-0128-49e7-9e43-71c515f5dd2c	PlotNodeActionSO	PNAVoidMossEnrich	Enrich Herbs
3acaa970-a98d-4226-a8e4-a3ec2080a841	ScalingWeightSO	AlchemyScalingMutagen
3adc0b89-8ff4-406e-b1da-c584caffed82	PlotNodeActionSO	PNAShapedLandCreateCraggySpire	Create Craggy Spire
3ae45ec0-4449-4903-b3d0-b5182e03dca3	ViewSO	ScreenAlchemy	Alchemy
3b0832a5-0dae-4df9-8024-4b8001685cf2	StructureSO	FocusAura	Focus Aura
3b0a738e-e945-4865-9dd1-d2635efa498e	AlchemyRecipeSO	BrewSorcerersSalve	Brew Sorcerer's Salve
3b17b54d-b9ac-49e9-9f8a-6565f6a7a7c3	ResourceListVariable	SelectedAlchemyResources	Selected Alchemy Resources
3b1d0dcb-ae2b-4215-8566-1462950cbb39	AdvancementSO	AdvPurgeStone	Purge Stone
3b7548b2-bee1-4bad-8405-90b037035bc0	SpellTypeSO	Cantrip	Cantrip
3ba11829-48b4-45b1-9fd9-65878c421016	StructureTypeSO	AuraStructures	Aura
3bcda733-1486-481a-aac3-2237fd8641aa	ResearchSO	ResearchScribing	Research Scribing
3c058189-44aa-41ff-97a6-dc11f9b4d376	PlotNodeActionSO	PNACraggySpireMelt	Melt
3c0b6872-ea32-4f00-a625-d6114b72921b	StructureSO	PrintingStation	Printing Station
3c6e6388-f151-4b7d-9d49-b28d105a6101	StructureTypeSO	PurityStructures	Purity
3c898ce2-3283-42e6-9082-6a01d1cf101a	ResearchSO	ExpertItems	Expert Items
3c8c6d69-d2ba-4b99-a75d-230c664912eb	LocalizedStringSO	AlchemyType
3cc4bc3e-1ded-45a4-92ef-037fceddec5f	AnimationSO	FireAttackAnim
3cd7a634-f132-4c4e-bbfc-2525f6c6ac8e	DoubleVariable	SpellEchoRating	Echo Cast Rating
3cdf1cc8-9913-4cce-be82-dc9fb9626928	StructureSO	StudyChemistry	Study Chemistry
3d2157bf-1cc6-41d0-82f4-19888edb01d2	GlyphListVariable	CoreSpellGlyphs
3d2524b2-bc49-48d9-b67e-18aa69ea09ee	DoubleVariable	TreasureRatingLimit	Treasure Chance Limit
3d4b688c-6c39-49e5-9db3-40de1b0e292b	ScalingWeightSO	PotionResEffect
3d65e427-c1c8-49a6-aad1-310aeaad1a9f	UpgradeSO	PlanningPaper	Planning, Paper
3d88faf4-976c-4a86-a3bb-ce2c1ab8905a	EquipmentListVariable	AllEquipment
3d91d27b-2150-4687-b18b-551cfc1eadd2	StructureSO	Upheaval	Upheaval
3d94a4dd-aead-4530-b955-2d65b5442c06	PassiveAbilitySO	LuckyTokenPassive	Lucky
3db1dbd6-120e-4201-af6e-b269dd374b0b	StructureSO	ThistleCultivation	Thistle Cultivation
3de0f46f-5f2d-4f37-ac98-41804f48015e	ChallengeSO	FocusImprovedCombat	Focus: Improved Combat
3de36957-282d-4619-a446-bdff56636a9b	StructureSO	MagicBook	Magic Book
3deaac19-e7f5-4f9f-8f97-5cc4ea66a213	UpgradeSO	UrnWater	Hydro Expansion
3e184b9c-7d68-49c2-b6fa-0dbf5812e9c2	HarvestElementSO	IronwoodTree	Ironwood
3e1c6e59-d2e1-460b-a7f9-d782e54ba57b	ViewSO	ThoughtsView
3e221df7-ceeb-45f8-959b-12b4538ed494	ChallengeSO	FocusImprovedMaterials	Focus: Improved Materials
3e688c17-c884-4617-bb5e-1a40e2bf078d	ModifierListVariable	Empty
3e72ee71-8099-4306-8596-34362f3364df	TimeRuneSO	TimeCognitiveScaling	Cognitive Scaling
3e8213b3-89b4-4011-ac1e-11b07864b5e4	CharacterActionSO	SummoningSickness	Summoning
3e96354a-97f0-436e-9e0d-a92bdbbef96e	ResourceListVariable	EquipmentTypeUpgradeResources
3e997628-2429-42bb-a759-152f45ca5864	IntVariable	MaxAlchemyBrewingSlots	Brewing Slots
3ea82f28-18bd-41af-b2d7-199ea397e190	UpgradeSO	CreateCompulsionStone	Compulsion Stone
3eafcd87-8325-4d5f-83c6-5a8862d57dd6	AttributeSO	ResourceAttributeCost	Attribute Cost
3eb68f6f-c2f2-405a-88d2-e5c80345aeb4	PlotNodeActionSO	PNATreasureTreeCollect	Collect Treasure
3eb6cf04-3760-42e3-8c18-cede2895b72b	LocalizedStringSO	Consumable
3ed37327-e0c1-45de-bcc1-01a2923a2cbf	AlchemyRecipeSO	EnchantMental	Enchant Mental
3ee502aa-8d21-4b5d-9893-398eadbd9d38	UpgradeSO	LearnFormation	Learn Formation
3f03ab93-9741-490c-98cd-876316353576	ChallengeSO	BoonSpeed	Boon: Speed
3f1fcf6d-da72-4397-9cc7-0e92254b78d3	ResourceSO	ExpArtificer	Artificer Xp
3f65b62a-f16a-48f3-b667-09cc50c694a2	ScalingWeightSO	ChallengeBalanceEffect
3f6d0184-7833-45fd-9d4d-04855b67bd69	ConsumableSO	TransmutationOil	Transmutation Oil
3f6eff9a-fda5-4ea8-b481-6fdcb93d4184	KeyBindingVariable	GoToDimensional	Go To Dimensional
3f7c37d8-054a-4886-8413-d25459d954bc	ScalingWeightSO	FruitEffectScaling
3f86f7d6-8662-4b9e-8c37-6d462a8eb451	SpellRecipeSO	PsionicForging	Psionic Forging
3f898375-940b-41d5-a84e-c9485c6a82d7	DiscoveryTreeSO	EquipmentDiscoveryTree	Artifact Discoveries
3f8ccba2-0481-4401-b269-978600cb0208	TimeRuneTypeSO	RuneTypeGlobal	All
3f8e6623-d250-4402-afd5-165a9c37a396	UpgradeSO	ArtificerSkill	Artificing Skills
3faf894b-408b-4a7a-afb2-b4835a0c3242	ResearchSO	ParallelCasting	Parallel Casting
3fbb56d2-2c59-4aaf-8d02-9069e2325474	UpgradeSO	WizardrySigil	Sigil Casting
3fdb6158-8774-4378-8a70-42c595d0e5e3	TimeRuneSO	TimeAbilityTempo	Ability Tempo
3fddff69-4405-4eb4-8e0f-3fd5dc7723d0	PlotNodeActionSO	PNAWaterSpringEnrich	Enrich Soil
3ff1f82a-2eb2-40a7-8a73-39a44c129e2d	StructureSO	Physicality	Physicality
40137020-ba7d-4cfe-92ce-7bce8ad4e3fd	TimeRuneSO	TimeCastingTempo	Casting Tempo
409573cc-7279-491a-9c75-79a5434fb897	ChallengeSO	BoonDecay	Boon: Decay
409bce8d-9fe1-44a1-970a-7acdf69d6c24	SpellRecipeSO	Construct	Construct
40d12e29-80a3-4d24-8a0b-24fb474fb6a3	LocalizedStringSO	AnimationEffect
41189644-e6ed-4a25-9ba3-46d2bb57240e	AlchemyRecipeSO	AnalyzeEssence	Analyze Essence
4139e87e-0619-4cda-88a4-0e4d50a4d90e	ViewSO	WorkshopArtifactLoadout	Loadout
414d5f1c-335b-4426-bcd1-d74fdd436bfa	PassiveAbilitySO	AbsorptionTokenPassive	Absorption
4192d0ea-146f-4d1e-b9e6-3cd029a0bf5e	PlotNodeActionSO	PNAVoidMossMagebloom	Create Magebloom
41a6d106-5d7c-4cb4-8dbf-f871c2dc03aa	UpgradeSO	ImbueCognitiveDisk	Imbue Cognitive
41aad04c-edc5-4eda-ad0b-0d4f8d9f79bb	ChallengeSO	BalanceBigEquipment	Balance: Big Equipment
41fbcbfe-3b9d-4004-9a6a-ab6caa2d69dd	AnimationEffectSO	DustEffect
41fc6558-e794-48c4-a29d-bc15d76118e8	PassiveAbilityTypeSO	StagnatingPassiveType	Stagnating
420715d2-1dae-4bd7-b693-c430db30b555	ResearchSO	ImprovedStudy	Improved Study
421f5c9c-215d-42fe-acf6-ca9a4b1f9b4d	AttributeSO	RitualLevel	Ritual Level
422374e8-0280-49b4-96b3-fde360a5ef92	AnimationSO	ParticleResourceGeneration	Particle Resource Generation
422dbf76-4d4f-4836-8763-ea59e59be951	AttributeSO	TimeScaling	Time Scaling
424fc61a-8a6a-4f33-82b7-189f3a12a14b	GlyphSO	Nature	Nature
425f5bdb-6a5f-483b-895b-f00e98ab3370	PassiveAbilityTypeSO	AilmentPassiveType	Ailment
4263c888-2034-498d-acf8-a82617e850b9	ViewSO	MagicReserveLevel	Magic Reserve Level
42640d6e-0c38-4dda-903c-68eecfbb0a6f	PrerequisiteLinkSO	MiningUnlocked
4288498f-2fb9-4a1a-a7fb-cf402dc7c4bc	ModifierListVariable	Upgrade_Imbue
428950a0-e869-4674-96b9-9d171fccba1a	EquipmentSO	RobesOfConstruction	Robes of Construction
4291f801-247f-49e4-b77f-09737dc17794	IntVariable	MaxAutoLearnSlots	Max Auto-Learn Slots
429a9e28-4617-4e31-bb73-0e2c46df5a44	StructureTypeSO	ArtificerStructures	Artificer
42a72737-a762-4394-bcb7-c27d55978b59	AttributeSO	DiscoveryTreeRerollsLeft	Rerolls Left
42cb5c5b-b995-4070-abad-940c50df20f1	TimeRuneSO	TimeMaterialScaling	Material Scaling
42d59732-430d-47e1-8163-5f623b0c7107	ScalingWeightSO	SpellAugSpecial
42e20a24-13ee-4714-bbd6-abcc1c1ce465	DisplayEffectSO	BoonChallenge
43013cc4-678b-4d28-afe9-0eea006bee2d	StructureSO	Florescence	Florescence
430da1f6-b02b-4ca2-8948-2c00929138a3	ViewSO	ScholarConceptLoadout	Loadout
4310aed1-3eb4-4db7-960c-177681809301	SpellRecipeSO	Recharge	Recharge
431109f1-9d88-4a9b-8782-9a9c0337f008	EquipmentSO	FocusStone	Focus Stone
435da7eb-0071-40ae-900c-f9b55b4341cc	AttributeGroupSO	PhysicalPrecisionGroup	Physical Precision
4360ab1a-b682-4db2-9a24-d4758d915fa3	ViewSO	PlayerStatsAchievements	Achievements
4373cca9-528c-47b8-89a6-8ee3c3e9f89f	StructureSO	WoodAxe	Wood Axe
43849828-f1d2-45c7-a769-96d4654a550c	TutorialSO	TutorialBeacons
43855e23-7ac6-4e01-ac46-e5ec0df03ec4	ResearchSO	MindMastery	Mind Mastery
43ba7bb8-4098-4e3b-97a6-5274194ed9df	AlchemyRecipeSO	EnchantExtraction	Enchant Extraction
43c194f5-cfda-4bc4-b8d1-a2ad511add2c	UpgradeSO	LabratoryEquipment2	Laboratory Equipment II
43ed66f1-bf77-4207-9ca3-bcd26d1f0959	ResearchSO	DualWieldRunes	Runic Mastery
43f61b80-da78-4ef2-b360-23ee78e078f5	ResearchSO	GreaterLearning	Greater Learning
443bc384-3df6-49ac-aa52-28abe080595c	ViewSO	RitualsDiscover	Discover
4459aecf-ddcc-45a7-beac-dde756cb8cf1	ScalingWeightSO	SlainRewards
445d64b5-4bfb-4c6c-80ae-5afacf7f245e	AttributeGroupSO	AllEchoRatingGroup	All Echo Rating
4468cc39-e6d3-41ab-97ff-3fdb8e294547	SpellRecipeSO	CreateSpring	Create Spring
44790240-6e8b-4b62-b282-eae9bea77e9a	ConsumableSO	Soulberry	Soulberry
44a7aa26-9f89-4270-a5b7-4807fa43a015	AchievementSO	Spellslinger	Spellslinger
44bdde45-178c-4cf4-9540-86177d3a2c38	AttributeSO	RitualCritDuration	Ritual Crit Duration
44e9d16e-02c6-4be9-bd73-98925c679083	BoolVariable	CancellableSpells
452678b7-62ae-447f-9953-3729ff8de8a2	TimeRuneSO	TimeSkillPersist	Skill Persist
45481b77-d5d1-4567-b4eb-c91eb151b0be	ModifierListVariable	TimeRuneAdvancementXp
4589c392-e64b-4045-9b60-2778a0a632ac	AttributeSO	AutoAttack	Auto Attack
45a0e50e-b62e-42d3-8491-5b213bfd1e27	AlchemyRecipeSO	EnchantTempered	Enchant Tempered
45c0d72d-8b06-4de7-b4a7-f44a71fd146c	ResourceSO	Elementia	Elementia
45c1d25b-f928-47c6-ba96-d620604cb0c1	CombatStatusSO	Empowered	Empowered
45c41a6a-432f-49c0-893a-145b1f03c0ea	UpgradeSO	CreateLifeStone	Life Stone
45cdb9eb-4346-4a62-97ad-084dbeca64fa	ResourceSO	OccultEssence	Occult Essence
45dda6d3-ce41-4e01-8815-1a94fc7bec9d	TutorialSO	TutorialIngots
45f049cc-4d1d-4609-be72-d93e68b632e9	AttributeSO	PlotNodeQuality	Quality
46014e49-a6cb-43ee-83b1-ed73b11b5e49	ResourceListVariable	ResourceNodeResoures
4602ad9e-8792-4dec-8e32-2f2564361f7c	SpellRecipeSO	CraftLightning	Craft Lightning
461dbd09-0dd9-40c9-9c97-5589e981bed7	RitualSO	Fabrication	Fabrication
4627e133-75c5-4dfc-8200-fc80d3db48ae	DoubleVariable	RitualJumpstartMod	Jumpstart Level Mod
463ac963-6cc9-4558-89fa-b02345f2387a	EquipmentSO	MetalClasps	Metal Clasps
465e8798-a802-4d44-b9c8-fe47fbb80380	ResearchSO	ParallelAgromancy	Parallel Agromancy
4668fc8c-8585-4c88-bb97-06c75ebddf75	ConsumableSO	Mindstone	Mindstone
466ce828-2379-4443-b031-cf68c9a6a03a	UpgradeSO	ImbueBeacon	Imbue Beacons
46cd860d-c846-400f-bae0-ee512156d2c2	ViewListVariable	CoreViews
46dcd428-8777-4595-8864-9945a886baab	GlyphSO	Bag	Bag
46e0ab83-df7c-4f35-8012-3d9a3c97b753	ConsumableTypeSO	Fruit	Fruit
46e178eb-30b7-48bf-87ff-bb798196492f	ResourceListVariable	TimeRuneUpgradeVariables
46eea2ec-c478-4ac3-960d-09ec96138d0b	ResourceSO	WeightPlots	Plot Capacity
46ff490e-3b49-4827-86fb-8a5e8ef06ecf	GlyphListVariable	SelectedEquipmentGlyphs
471e1ce5-18ab-446d-a3bc-fcaa17bda96e	ResourceSO	PsychicEnergy	Psi
472ceba4-0001-46f2-ba28-e9963a92ab9d	AttributeSO	AlchemyMasteryXp	Mastery Xp
4741fc0e-25c2-46fd-842e-2ada0974e7dc	EngagedEffectListVariable	GlobalEngagedEffects
4752455c-4648-4780-9b18-5cabe254801f	AttributeSO	InsufficientAttrReqPenalty	Attribute Req Penalty
47777914-428b-46ac-a12c-7a95ba9c70cf	InstanceScalingSO	EnchantmentInstanceScaling
477b49c5-9fc5-462f-bca2-c555790de12e	AttributeSO	EffectScaling	Effect Scaling
479693da-23d7-43c0-a7e3-272e55d2c3e2	ResearchSO	ExpertScholar	Expert Scholar
47a09ad7-37e3-4baa-885a-40b66f7932c8	ConsumableSO	MysticsMiracle	Mystic's Miracle
47ac504b-480c-43fb-a72b-e26e7c5ebfab	KeyBindingVariable	UseConsumable2	Consumable 2
47b42f82-39de-4641-a34d-b00e521aab28	UpgradeSO	UpgradeSpellBookLoadout5	Duplicate Spellbook V
47b787b9-d4cd-43c8-a7e3-63a1e4e0ae94	AlchemyTypeSO	Reductive	Reductive
47c28b6d-1902-4a3f-8cb6-342911936cac	ResearchSO	AttunementMastery	Attunement Mastery
47d01d1c-95b8-4d3f-b089-8c20536df2f3	AchievementSO	PerfectLuck	Perfect Luck
47e1359f-ce70-45b9-b438-59a0af696abd	SpellRecipeSO	ChannelSpark	Channel Spark
47fd15ba-1d69-4561-ae9a-fbcdd35e5183	KeyBindingVariable	CastSpell3	Spell 3
47fe9496-0323-483e-8427-4ac9480d7986	IntVariable	MaxGlyphSlots	Max Spell Creation Slots
481a23c1-6596-4b78-a4bf-74b54b830263	HarvestActionListVariable	AllHarvestActions
4838d877-d67a-4788-903e-4953bf43bd95	AchievementSO	StatBlock	Stat Block
4844d304-0972-48d2-a7dd-f20daa60dac5	IntVariable	CastingLevel	Casting Level
48582fe4-76ae-4e69-8b3e-73a8d9b177dd	LocalizedStringSO	View
4867ee97-c36f-41b3-a63d-e4b0dfba6d13	ResearchSO	ChargedSpells	Charged Spells
487a149b-5908-4bdc-805f-1d13e79f5840	ResourceSO	PointsTime	Time Advancement
48a1e2ae-aceb-4bf2-936d-417703435481	ResearchSO	ImprovedAuras	Improved Auras
48a37f9e-6ae5-4665-b500-a97f4f785897	StructureTypeSO	BattleStructures	Battle
48a4a5cd-db80-4dee-9aaf-d47d378a741f	DoubleVariable	TreasureRatingWorkshop	Workshop Treasure Rating
48dfa4f3-680d-4ca2-b83e-e65d852becbf	ChallengeSO	WeakenedCharms	Weakened Charms
4903e6d0-47f6-45a4-855a-d8cee8d9bd6b	AttributeSO	LoadoutAlchemy	Alchemy
49057abe-fe54-481e-99bc-2b82c3995c6b	ConsumableSO	ScrollExcellence	Scroll of Excellence
490cc306-b887-4453-b98e-2208137c5458	UpgradeSO	UnlockSpellOutputLevel	Spell Output Level
490fdfa0-77c1-4afa-beb7-8e4400a35f45	ChallengeSO	FocusImprovedSpecial	Focus: Improved Special
4911abaa-8b00-4590-9482-a223a7902f12	ResearchSO	GreaterSanctuary	Greater Sanctuary
4912da46-bf64-4e34-b267-54e466bcf506	ViewSO	WorkshopBench
49333dbb-3ba7-4816-8a89-224ee642ee1c	KeyBindingVariable	GoToCrafting	Go To Crafting
493bc05b-c1d2-4215-9879-06921de0e2e8	AdvancementSO	AdvTimeCasting	Casting Boost
4950a9e3-1b59-4bd8-829f-064617758926	IntVariable	AttributesDeveloped	Attributes Developed
4957711e-93c6-47ed-90fc-efb84464634c	AnimationSO	ParticleRayCircle	Particle Ray Circle
496e5fc7-d4aa-41c7-9c1b-dd4c19b79661	ResourceSO	WeightConcepts	Understanding Capacity
4970182d-5138-4770-8d95-dfab6597b351	ResourceSO	Hexsteel	Hexsteel
49925528-8d0f-45f6-9c0b-10ed0aa0e6c4	ResourceListVariable	EquipmentBandwidthResources
499b11af-def2-40db-b13e-fef2e21d42e5	AttributeSO	Rating	Rating
49aa64a5-2dd1-48f6-955f-89335d932b5c	AttributeSO	Channelled	Channelled
49d2aaff-dccf-4fe7-9808-c6f111e87958	PlotNodeActionSO	PNAVoidMossDarkThistle	Create Dark Thistle
49da8d21-0f6a-492e-bd9a-15531b1737d5	CraftingRecipeSO	CraftScrollLearning	Learning
4a044f76-e489-4d4f-b765-dd113334384c	ResearchTypeSO	AscendencyResearch	Ascendency
4a32711e-ba02-415c-8743-533c7464c2c7	UpgradeSO	UpgradeSpellBookLoadout8	Duplicate Spellbook VIII
4a4a6b79-4ce5-4c75-91f0-4d64679d6129	ConsumableSO	CastingGem	Casting Gem
4a57d776-a274-4990-a352-828dabc13b28	IntVariable	SpellsCasted	Spells Casted
4a59ce39-9128-4e07-b52a-5084343988fb	StructureSO	Destruction	Destruction
4a6b3490-bfcd-4cc6-aa4e-3d1831c6451f	ResearchSO	AdvancedMining	Advanced Mining
4a7683d8-1667-4754-9d63-e4f9abce3c1d	PlotNodeActionSO	PNAForceTreeGrowTreasure	Grow Treasure
4a9149ce-6ccc-4a01-b793-ec269959bb52	UpgradeSO	DruidryDarkThistle	Dark Thistle Druid
4aa5e087-64b5-4352-84e1-aef9859a54c8	GlyphSO	Extended	Extended
4aca5335-8365-4f26-b747-f65c21718c67	ScalingWeightSO	GlyphLeveling
4ad649a9-bc11-4afa-8b65-c155ea2f2a07	ResourceSO	ExpOrb	Orb Xp
4b1bb2de-723a-4360-827c-8e4483f3ff8d	IntVariable	WorldAspectSlots	World Aspect Slot
4b25f517-7a6b-4e14-a644-efbe659f6c0d	ResourceSO	WoodenSupports	Wooden Supports
4b3beb9e-5ffa-4c54-bb1a-1936427245f4	UpgradeSO	LearnAmulets	Learn Amulets
4b4e1bf3-1bd6-43ac-a3ce-8ab2fcb7a828	StructureSO	Torrential	Torrential
4b4ebfc6-8cd9-488c-a117-2a0a749967dd	TimeRuneSO	TimeCapacityTempo	Capacity Tempo
4b5735bc-7278-4ce7-bbe0-a288e529a55b	DoubleVariable	PowerBuildPenalty	Power Build Penalty
4b6a0964-450a-4289-8e60-b8017f95837b	ConsumableSO	ThreadsOfGrowth	Threads of Growth
4bb8af50-fc7d-44a7-b1fc-937c390f8aec	ConsumableSO	ScrollPower	Scroll of Power
4bce104a-1b0a-47de-b169-3e64bf8c72b3	ModifierListVariable	SpellDuration
4bf7588f-92c6-457e-8b43-59cc02b526e9	UpgradeSO	LearnDismantle	Learn Dismantle
4c1f5817-a492-4c0e-9e31-304c84a80a69	AlchemyRecipeSO	TransmuteForceBark	Transmute Force Bark
4c48e894-549b-4f71-810a-01f80c61de23	LocalizedStringSO	AlchemyText
4c51c4ac-9413-456b-8194-5cdfd27c0e56	KeyBindingVariable	GoToAugments	Go To Augments
4c80686f-9fff-455a-8082-d4d5677b560f	KeyBindingVariable	TabDown	Tab Down
4c81dfc1-17c3-4fbd-8774-03edb6f6a437	StructureSO	Attunement	Attunement
4c823b46-9252-4f38-8841-270abff4e057	AttributeSO	PlotNodeGrowing	Growing
4c85fb60-97de-4d43-9a8a-1ca99c3a13de	UpgradeSO	AttunementControl	Attunement Control
4ca299cd-6ed5-4970-8bab-b20f0f30fd8f	KeyBindingVariable	GoToResearch	Go To Research
4cb62b49-1469-4b04-b64d-1714ca71060d	ResourceTypeSO	EssenceResourceType	Essence
4ccaea4d-ea5e-4d55-8d5f-65a0c134dccb	AttributeSO	Enchantments	Enchantments
4cd39f4d-9052-43e8-aa8d-17ab7074e4d0	ViewSO	ScholarScholarism	Scholar
4ce8aac5-e93e-4391-8822-ee6f32d696dc	UpgradeSO	SoulControl	Soul Control
4cea4f9d-79f7-46a7-b273-ff7afd4eb130	ScalingWeightSO	PlotNodePassiveSpecial
4d245563-f524-479b-8079-3f8a5d5c2bfd	AlchemyRecipeSO	RefineSoulshards	Refine Soulshards
4d2a6a8b-a291-4b32-8216-292c69e3016a	RecipeBookSO	HelmRecipeBook	Helm
4d6cf429-c9a5-4d9f-ae36-18f89a785f69	AchievementSO	MasterDragon	Master Dragon
4d9b799f-b155-48e1-91e8-457a7414a73d	UpgradeSO	UpgradeGlyphs	Upgrade Glyphs
4da39fb6-68af-453c-9c21-f8428f3f902a	AttributeSO	ResourceRally	Resource Rally
4db0bce1-05f7-45a0-893f-b339d6e63b9a	UpgradeSO	MysticOre	Grounded Mystic
4dc9302c-27b2-4735-ad17-db1105195c24	UpgradeSO	ShapeLandMining	Shape Craggy Spire
4dd4e062-2015-4809-a50f-f37647bda339	ResourceSO	PotionToxicity	Toxicity
4df1b336-669c-401f-9426-317ed67fc16d	AlchemyRecipeSO	LearningMental	Mental Learning
4e21a048-e1b0-4e46-b673-680a081d9998	ViewSO	InventoryDiscardMode	Inventory Discard Mode
4e28b65d-f552-410b-a846-46a7e8db5cb6	LocalizedStringSO	AttributeGroupModifierText
4e2ecf70-63b1-459a-b161-3bdb79d21a37	ConsumableSO	DimensionalDurian	Dimensional Durian
4ea4853e-c74c-4083-9c9e-50ab50805796	ChallengeSO	FocusImprovedTransmutations	Focus: Improved Transmutations
4eb22f5b-a192-4379-9fe7-e5d810591d65	ModifierListVariable	DiscoveryTreeCostInfiniteLarge
4eb41b81-1103-49aa-ace4-11f9b5533e46	AttributeSO	BonusLevelsResearch	Bonus Levels
4ec03d19-3df7-4ea2-bfd6-616f807c5383	EquipmentTypeSO	HolyEquipmentType	Holy
4ee6b1e1-1e7f-4a3b-9b3f-9ebc5a9339f1	ConsumableSO	BlitzBerry	Blitz Berry
4f426c41-62ae-4540-8f2c-d4282e1b4341	ModifierListVariable	XpPage
4f5a6e63-837a-415d-9421-4b8e28e6307a	AttributeSO	DiscoveryTreeRunecraft	Runecraft
4f5c6f48-adf2-41ad-b520-9876fc2648ff	AdvancementSO	AdvTimeStudiousBoost	Studious Boost
4f652d05-d7fb-4bc2-ac01-2f37cfdea0db	KeyBindingVariable	GoToAlchemy	Go To Alchemy
4f66d694-f256-439e-a09a-d94801114471	StructureSO	WizardsAura	Wizard's Aura
4f7877cd-6cfa-45ef-8246-ee19e5a9b40b	RecipeBookSO	TemperedRecipeBook	Tempered
4f94cf9f-2d9e-4033-b436-1562bc6d92eb	TimeRuneSO	TimeGeneralistScaling	Generalist Scaling
4f9a0aba-7c9b-4703-a280-0e70b3436727	AchievementSO	PerfectResources	Perfect Resources
4fb31bbd-8b44-423e-8851-e8ae91095260	ScalingWeightSO	PotionAugEffect
4fb86819-3549-4a2d-bd19-c83264c75af7	FilterVariable	AlchemyRecipeFilter
4fc00b7c-2920-4131-a2bd-ca1e2efe5492	PassiveAbilitySO	CrucibleStaffPassive	Crucible Staff
4fc74286-cf5a-49f4-a057-069c1cbab2fe	PassiveAbilitySO	MomentumTokenPassive	Momentum
4fc7fbc8-8689-44a0-8ca1-71684b23b0eb	AttributeSO	RatingUpgradeInfo	Rating Change
4ff4d6f0-3e60-4a94-88ba-87464fbaefc6	PlotNodeActionSO	PNAForceTreeHarvest	Chop Down Force Tree
4ffa121b-79d0-469f-9bd1-e3fed0f04ac9	StructureSO	Emanation	Emanation
4ffba2a1-09b4-479f-8772-7aaa228cf157	PassiveAbilitySO	ReflectiveBloomingLearning	Bloomed Learning
503a9bc1-f2c6-4276-873f-ebc0e5729f7c	ScalingWeightSO	SpellEffectAugResource
50462b86-9ac7-4351-8b53-bf8b6409ff4f	ResearchSO	ImprovedMetabolism	Improved Metabolism
50596043-074a-4ee2-b471-cd0279693768	ResourceSO	PointsMaterialFree	Free Materials Upgrade
505da5f4-ac39-4476-9d06-63c8a2451035	PrerequisiteLinkSO	TimerWorld
50605aba-eb4e-4afc-a62a-963d5b23639c	DoubleVariable	SpellExperienceRate	Spell Experience Rate
50784959-20af-4f76-9f00-96cccfc55e2d	AttributeSO	TechnologyTree	Technology Tree
50b6f382-f669-4f45-b156-4781c589d5fe	ChallengeSO	SpecializationExpansion	Specialization: Expansion
50dee667-dec4-47d3-9d9f-f43dd547d5c0	AttributeSO	Generation	Generation
50e9ab2f-1940-4a8e-af85-e38ff51902bb	LocalizedStringSO	Targeting
510bca3e-bf92-4bbd-b65d-7bbd0a2b5a15	PassiveAbilitySO	NatureAffinityTokenPassive	Nature Affinity
51122a88-d37e-4590-9bf9-04d9fbf7699e	ResourceSO	Beacon	Beacon
51263b0f-3d52-4faa-a27a-0ca094c7fd09	DoubleVariable	AutoPurchaseRate	Auto-Learn Rate
512c9ca7-87d1-4ede-8117-fba7f19f494e	ViewSO	IsInCombat	Is In Combat
51764ba3-a4cb-4931-83a0-a7f55ef741ce	LocalizedStringSO	DamageType
5191c2a9-4111-4267-a994-b33997969ea9	AttributeSO	LoadoutSnapshotLoad	Load Snapshot
51950c84-630e-498f-a13d-22c8e6ad8bfe	PlayerCharacter	PlayerCharacter
51b6e5e2-d4a5-463f-bd00-479a2d9b8860	EquipmentSO	VerdantGloves	Verdant Gloves
51fa323c-aaee-46e1-b542-ac94606093fe	StructureSO	AutomagicTome	Automagic Tome
51fce088-54b5-4bd6-9428-8d465175e59f	GlyphTypeSO	SpellElementalGlyph	Spell Elemental
5209e8e1-7322-4407-94c5-fbf8307deea6	PassiveAbilitySO	IngenuityTokenPassive	Ingenuity
52206562-64d3-4f28-8f79-6a4f1d20d9d8	SpellRecipeSO	RalochsCube	Ralochs's Cube
522fa4d5-56d7-4745-87e2-0a2e497224e8	CharacterSO	BossApparition	Boss
523b7f1a-908f-4328-8350-8ca44bb9945f	ResourceSO	ExpShaper	Shaper Xp
524fbb60-9d3a-4f54-8876-ece84f37b383	KeyBindingVariable	GoToScribing	Go To Scribing
52671043-139a-4f02-99b6-032d9e2f2dda	StructureTypeSO	BookStructures	Book
526a06fc-d294-4424-a1a7-0a3ad572d064	AchievementSO	PerfectRunes	Perfect Runes
526b346a-cd19-42e6-bd64-8d128acf4033	RitualSO	Harmony	Harmony
52899403-29f9-45a4-9ff0-8c672b31723f	ScalingWeightSO	NoScaling
52adee81-d027-4a93-b881-4b12eaa7fa49	AlchemyRecipeSO	StudyContainers	Study Containers
52d3ffc1-1804-4fbc-b7ce-e809d12607f9	StructureSO	OrganicAura	Organic Aura
52d95713-7598-41fb-947f-2ac32f9d9589	EquipmentTypeSO	ShaperEquipmentType	Shaper
53102ec0-390c-4f29-81fc-9a8030441fda	AttributeSO	AlertDiscoveryTree	Discovery Available
531c7a47-8eee-4792-9ae3-9471a1ee2d68	AlchemyRecipeSO	BrewFuryPotion	Brew Fury Potion
534d8a27-7320-4ca1-8d8c-7eaf0ade385c	IntVariable	AchievementStrength	Achievement Strength
5362c2ed-1cff-4ecb-9f34-d66d672f764e	ResourceListVariable	AlchemyResources
53691c41-2d86-4b30-bbdc-6ae35402152a	InstanceScalingSO	PlotNodeSpecialOnlyPassiveScaling
537f91e1-0fcf-441f-a8c8-7272a8c3b02b	EquipmentTypeListVariable	AllUpgradeableTypes
53b4b824-55e2-46d7-8625-6f110a0f2a42	InstanceScalingSO	HarvestActionInstanceScaling
53b93fc0-32de-4449-932e-9ac6d40871a0	ResourceSO	ExpAlchemy	Alchemy Xp
53baed99-b2e4-4430-b726-3bc0cb28e8dd	AttributeSO	AvailableTargets	Available Targets
53c4279e-3043-4414-8866-65608967ee30	PassiveAbilitySO	CeremonialDaggerPassive	Ceremonial Dagger
53cc813a-3e07-4519-9da7-2bda92dc2307	AttributeSO	DiscoveryTreeGlyphcraft	Glyphcraft
53de0892-e188-40a3-987b-386b829b147e	LocalizedStringSO	Research
53eee450-ef8b-4bf7-8bbe-01404ec10dff	UpgradeSO	ObserveMastery	Observe Masteries
540116ae-2413-4a57-84bb-d113c9d687ef	TutorialSO	TutorialAlchemyLevel
544990a0-cb4d-4894-89b5-353258829e9f	TutorialSO	TutorialMasterGatherKnowledge
544e8eb7-fc5f-4d88-9a40-3aa50b34d3d1	ResearchSO	RitualCritical	Ritual Criticals
5452c21f-26ac-4c68-ad3a-59eee50d3954	MusicTrackSO	BeyondTheEmptiness	Beyond the Emptiness
5459f889-48b5-4192-97da-af6a4dbff4cd	AttributeSO	TechnologyTreePrereqs	Prerequisites
5470143a-bd25-4c6f-a733-240487ab620f	EquipmentSO	FlameRune	Flame Rune
5487e3cc-d458-4762-a544-a002c81a9d83	ModifierListVariable	ResearchInvesmentSurplus
54a7b71e-bc56-4c22-a1ea-147673a684eb	RecipeBookSO	SpiritStoneRecipeBook	Spirit
54eb991a-93cd-4a5b-a211-3590277dd9fe	StructureSO	Crystalization	Crystalization
55289789-46ea-48d0-beb2-07a2aa4c6d30	ResourceSO	PointsAbility	Ability Advancement
552e9a7d-c1e3-41e5-b3b0-5e767a04ab90	ResourceListVariable	SpellBandwidthResources
55758ae7-f938-48a9-abfc-70d00049fb8c	ResourceSO	SoulShard	Soul Shard
5589b7be-a12b-4a52-9450-d79332cd4461	TimeRuneSO	TimePhysicalTempo	Physical Tempo
559fd2b0-1bcf-42bd-8788-d1f7357c0adf	KeyBindingVariable	CastSpell6	Spell 6
55c7a4e6-b54a-4fb3-a815-283c829d19ce	ResearchSO	GreaterRest	Greater Rest
55cf20c0-0867-4497-890b-5f131fe2c26f	ConsumableSO	DimensionalSlatestone	Dimensional Slatestone
55e32fe3-50c9-44c9-a388-1e4eec4594dd	StructureSO	Soulbound	Soulbound
55f74b6d-9807-45f2-8302-84de23772dc3	RecipeBookSO	RingRecipeBook	Ring
55fbdc7c-8491-46fd-837d-fca909a3afe2	UpgradeSO	Scribism	Scribism
56039067-0092-49c0-a7bd-3c43eb119d37	IntVariable	WorldResets	World Resets
56175c0d-ab11-4a42-afb5-3067648c357f	AlchemyRecipeSO	BrewMysticsMiracle	Mystic's Miracle
5617c333-638b-4905-a90a-f5dbc8e46688	PrerequisiteLinkSO	ScholarismUnlocked
561eaf7f-cadd-4d8e-8ee5-630d6429f766	AnimationEffectSO	ImpactIce
5632ed8d-288d-4e4f-b06c-301df820491f	UpgradeSO	WizardryArcaneElementia	Arcane Elementia
563a733f-5449-41a6-a6d2-7c4fdca546b3	TimeRuneSO	TimePersistPersist	Persist Persist
564817ff-777e-4298-bfc1-ab86a0edfe12	PlotNodeListVariable	WorldPillarPlotNodeRecipes
5659824d-c3f8-4ec8-aef3-4263a00a5bd4	ResourceSO	ThaumicScroll	Thaumic Scroll
56648764-384b-4108-81b9-40f285d82045	SpellRecipeSO	ShockStorm	Shock Storm
56893f30-49ad-44f3-8903-99bd02842688	AttributeSO	RitualCompletionCost	Ritual Completion Cost
568ad1b7-4416-4cf4-863e-3271ab38ded5	PrerequisiteLinkSO	EnchrichingUnlocked
569acabf-cb11-49bc-94f0-297ed5110203	AttributeSO	EnhancementEquipment	Superior
569ef965-e9d9-4e4f-bbca-5a9293049ec1	ConsumableSO	BrainBiscuit	Brain Biscuit
56bf0b2f-b5ea-4382-9776-eb9a960827b7	AdvancementSO	AdvDivineStone	Sanctum
56c3c9b4-05d8-49b3-b40c-2032fedde035	GlyphSO	Strong	Strong
56da13ea-51b1-46b0-a6b5-a8e2e67aa41f	FilterVariable	GlobalSearchFilter
5700041e-4618-4b41-88f7-0d887a677ead	ConsumableSO	WitchsBrew	Witch's Brew
572c3266-6884-4bd5-aef6-f3a92d8f207a	StructureTypeSO	ScholarStructures	Scholar
5771f508-1298-42db-b4c2-7edbbb3afeba	UpgradeSO	SparkChaos	Spark Chaos
57744f7f-cc35-4d70-b5bd-5c5f31e7f6ed	RuneStoneSO	LifeStone	Life
578b1989-04b2-4d60-9f64-cc55e0c29220	AlchemyRecipeSO	StudyGenerators	Study Generators
57a484d5-bd47-4e1a-907e-e00b254e9193	AlchemyRecipeSO	BrewMemoryMixture	Brew Memory Mixture
57ce5b91-f6c9-421e-bcb2-f1c9da72e696	ResearchSO	ChargedSpellsImproved	Improved Charging
57e80af7-5015-493f-b353-60669d5102d3	DoubleVariable	BonusItemRating	Bonus Item Rating
58112275-a2e1-4ae8-a276-21197c45fe0f	IntVariable	TimePersistValueLast	Previous Time Advancements
5811b54f-8b50-4dde-ad29-751506d077dc	StructureSO	Notes	Notes
583e039d-abae-44ce-b73e-697440168b87	TimeRuneSO	TimeAdvancementScaling	Advancement Scaling
584b9316-c0ae-4a8d-8989-4f8be2e1cda0	BoolVariable	SavingEnabledPlatform
5864468f-30d9-42b8-8555-1fc98ef48512	UpgradeSO	DimensionalShaperBeacon	Beacon Shaping
586f948d-33e1-4929-92fc-30a6b0961de5	StructureSO	Starseeker	Starseeker
5874fa7d-24fa-4aea-b65d-f09069c3ca33	PlotNodeActionListVariable	AllPlotNodeActions
588d8976-828d-4d1e-9d41-77068af6d854	AlchemyRecipeSO	DismantleAlchemicScrolls	Extract Alchemic Scrolls
58d90da2-83da-46b0-bbf4-64367484017a	GuidVariable	SelectedAugmentGlyph
58e11572-bf4a-46a2-9141-7c55d327ff02	PrerequisiteLinkSO	WizardryTiers
58e3242a-ac7f-4a92-abab-6b496368ebf4	UpgradeSO	ArtificerArtifacts	Develop Artifacts
58ebb978-0f10-4375-b3db-c84b467d055d	TimeRuneSO	TimeGlyphicPersist	Glyphic Persist
58eeaae2-0983-430e-9490-7d55cf58fde2	AttributeSO	LoadoutEquipment	Equipment
58fad89f-0627-471c-b24d-f7ae3537bba4	ViewSO	ConsumablesView	Inventory
5918deeb-5767-40da-a693-be6a4c49c829	SpellRecipeSO	KineticMind	Kinetic Mind
591fcdd3-cbab-4554-a14a-14189c71e44f	AnimationEffectSO	ShineAnimGem
595a9725-14cb-408c-bf8c-a1700ca5f492	KeyBindingVariable	GoToMystic	Go To Mystic
59616e66-b203-4a69-b3c9-08e4093c6abb	StructureSO	Intellect	Intellect
5971ec19-2634-45cc-bca7-921902fac692	EquipmentSO	RuneOfRunes	Rune of Runes
59961b3b-6d55-4bf6-9ea4-4d0e54391db6	ResearchSO	Archeology	Archeology
599e3920-749c-481a-bd0b-a12b0be775fe	AttributeSO	ButtonToggleOn	On
59a5a907-8b8c-47ae-a0ca-b27b218f6a3c	AlchemyRecipeSO	DismantleDreamberry	Extract Dreamberry
59c89af6-e7a7-4e43-a5ef-5cffc6de2c02	GlyphTypeSO	AlchemyGlyph	Alchemical
59cf26f1-bee5-4e9f-9868-321d803785d4	StructureSO	Stormforging	Stormforging
59df7802-9feb-403e-a775-3a4ff7af5bb2	AchievementSO	MasterMysticism	Master Mysticism
59ea2e8b-03a2-403b-a28c-fa3f868a2530	RecipeBookListVariable	AllRecipeBooks
59f55ed9-eb25-4e5e-80f5-0f5cdd439cf8	BoolVariable	HasValidSave
59f8cfb0-7de6-4391-a570-318876d55b45	ResearchSO	GreaterSpeed	Greater Speed
5a18feda-3910-48ab-a7d7-7ed80cf2dbd9	StructureTypeSO	WorkshopStructures	Workshop
5a1ad800-1211-42b8-bdee-b695a8314058	ViewListVariable	PersistentResetViews
5a2de42f-73b8-41ac-bef3-057bcc5be16f	StringVariable	ViewTypeMode
5a4144b7-fa8e-4499-8d9e-73d58ec3740b	EquipmentSO	SwordOfPurging	Sword of Purging
5a66daa3-6ff4-4002-a052-a3d0bf4e33e5	PlotNodeSO	PlotVoidMoss	Void Moss
5a7a5245-bf71-45e1-b2cd-b9294684f838	SpellRecipeSO	ArcaneExcavation	Arcane Excavation
5a83b33b-1bcc-426b-ad80-7a29464511e5	DoubleVariable	SpellCastSpeed	Casting Speed
5a970b21-f75a-45df-86ad-2481551c5fe1	PlotNodeActionSO	PNAMagebloomEnrich	Enrich
5a9f8001-3ae2-4799-86b6-5198763e0fe2	HarvestElementListVariable	ActiveHarvestElements
5ab7588a-114d-4022-b446-0f87a7f4bbd4	StructureSO	Refinemenship	Refinemenship
5abe3613-adb7-491c-b647-97b4a7901397	ViewSO	MagicSpellbookSpellTypes	Spell Types
5aefe695-8fcb-4524-9295-a5ea301143e5	UpgradeSO	GrowTreesEnergy	Energy Trees
5b06b4b6-ea25-4b38-a424-28e85c1ae5f9	GuidVariable	SelectedTimeRuneVariable
5b1032f6-dc1f-4aab-abbb-0a4a587c8eb0	AnimationEffectSO	RayLightning
5b3402ca-8a81-4412-9123-50883650efa4	TimeRuneSO	TimePhysicalPersist	Physical Persist
5b933ad9-ef77-40fc-b684-ebeb5e1dcff7	CombatTargetSO	TargetEnemyRow
5ba0b305-21bd-4b43-af88-cc763ac04df8	DiscoveryTreeSO	SpellDiscoveryTree	Spell Discoveries
5bcb6be6-f8c8-4ee8-9e14-2129bf75cc4e	AttributeSO	ReplenishMod	Replenish Ratio
5bcef88f-6c35-4b9a-9e6c-8376c9975a99	UpgradeSO	CreatePrincipleStone	Principle Stone
5bdd1da1-58c6-4000-8207-3481d01da1fd	SpellTypeSO	Psionic	Psionic
5beb4246-9102-405c-8274-6e990d7bcde7	LocalizedStringSO	GlyphType
5bf07a03-7e7a-4f7b-b72c-554684daba6a	SpellRecipeSO	EmblemOfFormation	Emblem Of Formation
5c3f8e57-350c-4f85-9a96-2944b22b2461	LocalizedStringSO	Dictionary
5c41a525-ee67-4d12-8e7b-ee44f2354c94	KeyBindingVariable	GoToCasting	Go To Casting
5c45b4d5-ae77-48c5-b0a4-53baabc63e7e	DoubleVariable	SpellCooldownTime	Cooldown Time
5c45c5bf-30cd-42fe-ae25-ff27b0275bab	MusicTrackListVariable	AmbienceTracks
5c78e670-d673-4a09-9da1-a873e39251ec	PassiveAbilitySO	UndergrowthPassive	Undergrowth
5c86b59f-a652-4f8d-a974-497032a2b7c8	ViewListVariable	RitualPaneList	Rituals
5c902246-d6d4-474a-96d4-208188454649	RitualSO	Recollection	Recollection
5c974dde-7c4c-4381-a3bb-d88f5fdddb0f	UpgradeSO	ObserveReminders	Observe Reminders
5cf33683-070e-4437-a725-1127f4e544a1	AttributeSO	Power	Power
5d27b76e-eed3-49cc-a069-b9106000ede4	ConsumableTypeSO	Relic	Relic
5d5270f9-24af-4dba-9a64-eed93ae07d41	StructureSO	AlchemicCommand	Alchemic Command
5d54937e-7945-4c0c-83cd-4c64b280b57f	ValueModifierVariable	Scaling_UrnOfHolding
5d95b57d-98d7-4d4f-bf47-4b3d1f64191b	ConsumableRefListVariable	PlayerHotbar	Player Hotbar
5d97a450-cbd6-4745-8e0b-81037542aa58	ResourceSO	Dreamberry	Dreamberry
5da5820b-0e12-4cf7-9e95-3500cd05c24f	ResearchSO	ExpertArcane	Expert Arcane
5daf5814-789f-4fd4-8baf-f770eba667b4	PinnedObjectListVariable	QuickBuyList
5e253bb8-7f4a-47bc-b9de-12473a31976f	GlyphSO	Amulet	Amulet
5e83c8e1-f41f-4016-8c54-7838c24e4bf9	PassiveAbilitySO	Thorns
5eb68440-5da3-444f-aebe-9994d25b1850	StructureSO	AutoAlchemy	Auto Alchemy
5ebba7dd-a07a-4f91-ac34-f76d7910219f	CraftingRecipeSO	CraftPaper	Paper
5ed5797c-42f1-4f05-aabd-8fe189de81f9	ResearchSO	ImprovedLuck	Improved Luck
5ed5a2b1-c681-44b5-8e8c-c5ad112d2867	UpgradeSO	UpgradeSpellBookLoadout2	Duplicate Spellbook II
5ed81e80-c410-477b-bcdd-2de9ee88ac29	ViewSO	SettingsGraphics	Graphics
5ed87727-5d2a-487e-a300-4081b5f18860	AlchemyRecipeSO	AnalyzeMetal	Analyze Metal
5ed881e7-e6a6-4c58-a896-3c5cb6235fab	ModifierListVariable	ChallengeTimeScaling
5ef9e4e5-743c-420b-89e7-2753e3bf7cc9	ConsumableSO	KnowledgeBrew	Knowledge Brew
5efcba09-6cc4-46a0-94ff-8c12f974442f	CombatStatusSO	Barrier	Barrier
5f3ec919-20c7-4fd2-9315-347287c8b891	EquipmentSO	AlchemistsRune	Alchemist's Rune
5f6aa08d-7da6-4c7a-89c9-aabcfe48e886	ConsumableSO	ScrollAdvancement	Scroll of Advancement
5f6c4667-6495-4f98-a734-55a34791b252	StructureTypeSO	WizardyStructures	Wizardry
5faf3336-4e65-419d-9d74-44c8893dfd27	PassiveAbilityListVariable	ActivePassiveAbilities
5fb36dfb-7e34-47d5-b79b-82a627bb6b4e	PassiveAbilitySO	ReflectiveMagicLearning	Magic Learning
5fbbd2ab-17c3-4803-8496-633dfba08484	ChallengeTypeSO	SpecializationChallengeType
5fd8d412-e934-408d-8bac-c49fcfd02574	AttributeSO	GrowthSpeed	Growth Speed
5fdccd83-1d76-4d01-b6d9-040261ed7574	StringVariable	NewRunSeed
5fe07104-c903-4df5-9974-f34932440350	AttributeSO	RitualRepeatPenalty	Ritual Repeat Penalty
5ff4cc9d-59d1-43f4-a8c0-29aec428350c	StructureSO	Pickaxe	Pickaxe
60014e07-a308-4546-9a01-1799f010ff91	AchievementSO	PerfectLaboratory	Perfect Laboratory
60055317-7693-4258-b7e5-bd29ee936492	AttributeSO	InsufficientGlyphReqPenalty	Glyph Req Penalty
601299ff-6811-493c-b0f2-30acd0fef68b	ViewSO	AlchAlchemyManage	Manage
603f7d36-de55-45c9-967b-e1de63dbf5e2	SpellRecipeSO	AttuneOrb	Attune Orb
604d4952-68e4-4a34-b5d0-e2886bf1d6de	ResourceSO	CognitiveDisk	Cognitive Disc
6076a223-49a4-4fbb-a89c-e473ed61d994	AttributeSO	ResearchBaseLevels	Base Levels
608b4dd7-dc81-44c4-9b8c-ee683b9875ec	LocalizedStringSO	Permanent
60c9cdf9-f31f-4f45-b308-ebb2eeca15f2	ResourceSO	PointsEquipmentFree	Free Artifact Upgrades
60ca5bd9-4e5f-4552-9ba9-a23beced8406	EquipmentSO	RingOfPiercing	Ring of Piercing
60ea60a2-44e9-41c2-86d6-3935fae0b647	PlotNodeActionSO	PNAFruitTreeCollect	Collect Fruit
60f95c76-0d78-45c8-a914-3be4c53ff1eb	UpgradeSO	UpgradeCreateSpring	Upgrade Create Spring
61086a64-4c1f-4d2a-9e1f-9dcbf1f95d15	RitualSO	Consciousness	Consciousness
610faecb-fa99-4f8a-aa94-2717d5fb8898	RuneStoneSO	PrincipleStone	Principle
61349535-6664-4ec9-a7c4-4c3e1165b519	UpgradeSO	LearnDragon	Learn Dragon
613665e3-78ea-4e17-bf7e-ff72244f29c2	PassiveAbilitySO	RhythmRodPassive	Rhythm Rod
61846c5e-a1e3-47cd-9b5a-4377656e9708	StructureSO	Replicator	Replicator
619f37c6-0d2d-48c8-8686-d0954cb9e8ec	AttributeSO	RitualEchoPower	Ritual Echo Power
61a10b57-4311-407b-ab23-a8c8fa4c54a3	StructureSO	TransmuteEfficiency	Transmute Efficiency
61bbd600-2c8a-490e-9f43-47e5768cb80e	PassiveAbilitySO	ExhuastionTokenPassive	Exhuastion
61de81d5-8331-49bb-9bcc-338fda5d2771	AttributeSO	AttributeAutoBuyerOn	Auto Buy On
61ee89dd-f896-4863-b3ff-1d07e7cf8896	GlyphTypeSO	ElementalGlyph	Elemental
62355aa2-2b5d-4f0e-b8e4-15f92521b965	RitualVariable	SelectedRitual
62438f29-e8ab-4176-9816-ca880ffb76e9	HarvestTypeListVariable	AllHarvestTypes
6249e81a-3efa-4fa1-935d-b63e214cbc59	RecipeBookSO	RefineRecipeBook	Refine
625d1f0a-5cb4-4e18-a639-18a309101513	AlchemyRecipeSO	TransmuteLife	Transmute Life
6261a382-e971-448a-9aea-53fcafac7140	ResourceListVariable	ResourceTypeUpgradeResources
6283cf94-2722-4a67-a27b-5d544bbfb876	PrerequisiteLinkSO	StormUnlocked
62891e23-9a8a-4052-beec-7fc97ccf4b0a	ChallengeSO	FocusImprovedSoil	Focus: Improved Soil
6290fd43-599d-4ee9-9d29-4322f4111ad3	IntVariable	MaxQuickBuySlots	Quick Buy Slots
62b06f3a-0802-459d-8467-610047fe0657	ResearchSO	ImprovedCrafting	Improved Crafting
62cb9a91-acd1-4ec8-9919-28f1feb4fa73	PlotNodeActionSO	PNACraggySpireEnrich	Enrich
62d7c6c3-84ae-46ba-9945-be27ed3a950c	AttributeSO	RechargeCasting	Cast Recharge
6303ac34-cc86-4fe5-b5ca-f3881f5fcb99	ModifierListVariable	UpgradeLeveling
63048059-7f5f-4c83-826d-a38ad991855d	RitualTypeSO	ResourceRitual	Resource
6304d2f5-cc44-46c8-b991-1e8539fe7796	KeyBindingVariable	GoToLearnAlchemy	Go To Learn Alchemy
630a0a2a-a5f8-4a4a-a570-3c7e4ac5cb78	AttributeSO	AugmentResonance	Augment Resonance
6332537f-e33a-4304-b280-d9c4a4fbcf45	UpgradeableObjectVariable	UpgradeableObjectDetails
633688bb-983e-4200-9d08-8c87779333f0	AttributeGroupSO	MentalPowerGroup	Mental Power
63462169-a614-4132-8212-62b35a843673	PlotNodeActionSO	PNADestroy	Destroy
635c6d95-8d8c-41cd-a744-f36efb84e0a2	UpgradeSO	PlanningDivine	Planning, Divine
636597c9-c0b0-445a-ad5c-b7a5e4aa6fd0	ViewSO	PlayerStatsTips	Tips
6369e602-51be-4a4f-8d12-e298a081c886	HarvestActionTypeSO	WeaveActionType	Weave
636efb3f-e825-42a4-a61b-b34ee2f30857	KeyBindingVariable	GlobalSearchBinding	Search
63715c72-234a-45ff-bce0-36f4aa2d1f69	ChallengeSO	WeakenedAdvancements	Weakened Advancements
6386ef09-ed57-41b0-9654-b589f94cd3c4	ResearchSO	GreaterDiscovery	Greater Discovery
63a980ab-cdb5-4f01-bb96-03e2a04b5d13	SpellRecipeVariable	SelectedSpellRecipe
63c8dd95-e0d6-49c4-b5fd-b3ce1fd80074	UpgradeSO	Druidry	Druidry
63f9c3d2-26c5-4d57-8629-be68192c8850	AlchemyRecipeSO	EnchantEnergy	Enchant Energy
640aba1f-0e63-46d0-8a99-05a405512fb4	NumberListVariable	PlayerVariables	PlayerVariables
64200945-bbad-4bb0-8c95-ae5dbeb00f2e	ConsumableSO	WarStone	War Stone
6468760e-492c-492f-91f0-6bf61b88902e	UpgradeSO	AlchemyDreamberry	Dreamberry Alchemy
6472030e-e1c8-4bc2-821b-c209350cbb1e	ResearchSO	ExpertArtificer	Expert Artificer
6489c59d-306d-4085-803a-49e09fdc5099	UpgradeSO	ImbueDimensionalCore	Imbue Dimensional
64c7c232-693e-4e1c-a8f1-d05b13478e02	CombatTargetSO	RandomEnemy
64cee5bd-6412-4fb6-9d45-73c5a0a6a583	ModifierListVariable	DiscoveryTreeCostFlat
64e4e574-cff7-4e14-98c4-9683b22f02dc	UpgradeSO	UnlockAlchemyLevel	Level Alchemy
651f63e8-c8c4-4924-8dc0-8b4f100ffa83	StructureSO	Vigor	Vigor
6583df5a-8346-427b-ad73-48ec09082139	StructureListVariable	WorkshopStructures
65fcd863-e0ac-445c-bbf0-23689390f79f	AlchemyRecipeSO	BrewTransmutationOil	Brew Transmutation Oil
6605634b-ed12-41e9-a4c0-10066b562599	ScalingWeightSO	RitualModifierEffect
6616da3e-7e89-4666-bd34-2710ee97c953	ValueModifierVariable	Scaling_Tend
6628c5b7-f83b-40fe-92c9-631105d7f3fe	AlchemyRecipeSO	DismantleThaumicScrolls	Extract Thaumic Scrolls
66476391-5c59-4eb6-a307-8108a4a8eb52	StructureSO	FiniteEncryptor	Finite Encryptor
665cf03d-b1c2-451a-9f9d-b3dd41236207	PrerequisiteLinkSO	HerbTiers
665e43bb-518a-4556-be36-79e05e6aecbc	AttributeSO	BonusLevelsResearchFree	Add Bonus Level
66764877-1c4d-45a5-9e78-b5bbd1eff524	StructureTypeSO	CastingStructures	Casting
667de981-437c-42c9-a203-48bfdf2609c8	StructureTypeSO	GroveStructures	Grove
668a2a7a-468f-4e0e-b182-979b12a4b0ad	ViewSO	WorkshopArtifact	Artifacts
66a50127-5210-4a3a-93f4-952287858b90	ConsumableTypeSO	ThreadConsumable	Thread
66bfaae2-959e-4f58-b76a-7dfef4fe22d0	ViewSO	ScholarConcepts	Concepts
66c7a345-7efd-4403-8535-b9ba02e6e536	DoubleVariable	EchoBuildRating	Echo Build Rating
66ccdd01-718e-454a-a571-94f79f16ee2c	PlotNodeSO	PlotElementiaSpring	Elementia Spring
66ea97f3-c564-4c7b-8777-08fd330d271e	ConsumableSO	EnergeticAvocado	Energetic Avocado
66fa868d-95eb-43ee-b13c-82124dd55d84	DoubleVariable	SpellCooldownSpeed	Cooldown Speed
673c0672-016b-4dc9-a53d-60939c1439cc	PrerequisiteLinkSO	TimeRuneUpgradeAvailable
676478fa-612a-4f93-94f3-7a5f64e2ccd1	KeyBindingListVariable	ConsumableKeyBindings
676dacfd-763b-40f3-a4ca-e296c87a766b	AttributeSO	ExperienceRate	Experience Rate
67737b66-cffa-42d3-87e2-6409cdea9c4a	ResourceSO	Magebloom	Magebloom
67759ff1-4b76-4375-bfa6-7693ab9f2912	SpellRecipeSO	ShapeNature	Shape Nature
6782dd13-e229-4385-a1aa-8ed86e6ea1ed	PlotNodeSO	PlotFruitTree	Fruit Tree
67907ba8-19cd-40ba-8c96-c51bc158c4a4	PassiveAbilitySO	DistortedFusionPassive	Distorted Fusion
67acd892-8a8a-455a-aa71-3fb06e75bf38	ResourceSO	AlchemicScroll	Alchemic Scroll
67b2b71d-f595-49b6-874b-6a61a6ac45f8	ChallengeSO	WeakenedVitality	Weakened Vitality
67c68bee-7025-486f-a54f-4e0310487914	StructureSO	Resilience	Resilience
67d6e54e-4345-4652-8693-bd184d43ea49	EquipmentTypeSO	ArmamentEquipmentType	Armaments
67e30c18-5fac-4b77-8cbd-1f14287ddda4	AttributeSO	Quantity	Quantity
67e94adb-e48b-44f8-ab0f-d713c7af90fe	DisplayEffectSO	ImbueUpgrade
67ecf960-61ab-48ac-9568-5e1712d0aaac	AlchemyRecipeSO	TransmuteKnowledge	Transmute Knowledge
6807a0c9-b3c4-4d1d-abce-dfe93a3da938	ConsumableSO	ThreadsOfRecharging	Threads of Recharging
6808bfa2-736b-4df3-9e7e-0f1d1b6006d2	RandomVariable	ChallengeRandomization
680933e1-b7e5-462f-ba50-2879695aea59	AdvancementSO	AdvEnrichIronwoodTree	Enrich Ironwood
680b03c3-57b3-4ef4-9a66-d946cd443351	ResearchSO	AscendItems	Ascend Items
682b20d1-928f-4557-a6e3-60fca1f7b58b	AchievementSO	PerfectLearning	Perfect Learning
684ef880-4b1f-4e20-9651-582571c6c1b1	ViewSO	WorkshopCrafting	Crafting
687371be-71bc-4344-b0f5-58c736a3c72c	SpellRecipeSO	PurifyOrb	Purify Orb
6876f0d2-2f42-489f-898d-045804bac12a	ScalingWeightSO	CharStatSmallScaling
68775824-5d29-43c6-973b-83948c03cbef	AlchemyRecipeSO	AnalyzeTempered	Analyze Tempered
687d7cf8-e727-49b3-b2b3-92db516d0604	ResearchSO	ToxicityRecovery	Toxic Recovery
68831cb3-86b9-4c3d-9144-292cd9ae91b7	RecipeBookSO	OcculticRecipeBook	Occultic
6891b327-d307-4faf-a128-f716ca20f112	BoolVariable	PersistenceHasFetchedNewChallenges
68d3b345-1fca-472c-b97c-2c268c961621	UpgradeSO	ImbueAmber	Imbue Amber
68e0e21b-1809-4dd0-9d61-7c634cfbfec8	UpgradeSO	GrowHerbs2	Grow Life Herbs
68eefe6a-a60e-4269-859d-b681d79bbb7f	AlchemyRecipeSO	DismantleForceBark	Extract Force Bark
6910c933-d40f-4283-861b-499ebff8a52e	LocalizedStringSO	HarvestElement
69393210-5919-4d30-8bfb-6642d4ff036b	UpgradeSO	UpgradeSpellWeight	Improved Spell Weight
693b23ae-c2c6-4c5f-a4ae-ec9176e10ed3	ValueModifierVariable	ScalingAuraModBoosted
69842862-dfce-4a9e-a73b-f757c72e49dc	AlchemyTypeSO	Conceptualization	Concept
698644bc-1cad-4d57-a305-dae7de982fbd	ResearchSO	ExpertMysticism	Expert Mystic
6998685b-7462-4cea-ab58-ea49a6485eaf	ChallengeSO	WeakenedMystic	Weakened Mystic
69dd4f5d-9264-4308-905d-e144d01c7d7d	ResearchSO	ParallelScribing	Parallel Scribing
69dd67c6-523f-4b1a-882c-83af4354274e	StructureSO	Woodworking	Woodworking
69e01da7-cf23-48e1-897f-9df417730400	ModifierListVariable	BuildTimeScaling
69e869dc-628e-4968-b739-d516cc4d58c5	DoubleVariable	SpellCriticalRating	Spell Crit Rating
69ffa2fc-e764-487c-9519-26efe5b08566	StructureSO	CraggyAura	Craggy Aura
6a1098a7-526e-495a-acc9-37ed4108461b	ScalingWeightSO	SpellDuration
6a247ebf-7f72-45db-be58-4e2d359bb794	ResourceSO	ExpCasting	Casting Xp
6a32dd60-ac96-499a-b530-104b41154d62	StructureSO	FlowMastery	Flow Mastery
6a342def-4349-448a-a356-881b99004060	EquipmentSO	ArcanistsRune	Arcanists Rune
6a361a01-8405-4fbc-9af1-42f471911d9e	StructureSO	ConstructionAura	Construction Aura
6a584a8d-e726-4a9a-b9d3-025e0f13e2bf	ViewSO	WorldAgromancy	Agromancy
6a5974f2-4838-483a-80b2-71f479f342a7	ScalingWeightSO	AlchemyScalingAug
6a64e217-0078-43c6-b5f3-37092adb993b	AlchemyRecipeSO	TransmuteControl	Transmute Control
6a9480c0-958c-4f7e-8703-e84c3c7a2dc1	ResourceSO	CombatStability	Stability
6a9a3401-da00-4686-9761-a2535b87ef20	PassiveAbilitySO	PropagatingTokenPassive	Propagating
6aa1d39c-a558-43a9-bcfc-76ac99b6c2f1	UpgradeSO	UnlockDruidryLevel	Unlock Druidry Levels
6aa2b39e-16df-461d-8995-08cbe69ff86a	AttributeSO	GenerationRateTime	Rate Time Generation
6accc1ac-0432-4edd-8766-7b60c635c2b8	RitualTypeSO	GlobalRitual	All
6af3a5f4-d412-4ece-aa3d-c3a1755d47a1	AttributeSO	ChallengeInactive	Inactive
6b0b8cae-e000-4060-8d48-61cdd146a97d	AnimationSO	BasicAttackAnim
6b540758-9348-495b-bf6d-85ac8ddad0fa	ResourceListVariable	HarvestBandwidthResources
6b54907f-b5c3-440c-b54c-ea27d32f449d	AttributeSO	RechargeRate	Recharge Rate
6b795087-756c-44d3-a2bf-76ae415714b9	PassiveAbilitySO	ReflectiveNaturalLearning	Natural Learning
6bb3c23a-46fc-403d-8cb5-af9dd064f718	DoubleVariable	ReplenishItemPenalty	Replenish Item Penalty
6bc322af-23e8-46d8-9df0-186c86628ac1	RitualSO	Existentialism	Existentialism
6bcc30cd-bbe5-4546-8412-bffe88fd85b2	UpgradeSO	WizardrySpark2	Stormshaper II
6be35cb7-10e9-4e44-9382-0b36b3c2b5d5	StructureSO	Fertilizer	Fertilizer
6c07bd2a-4b5c-4b9a-a0cd-86f1aca16aa5	ResearchSO	GreaterSpecial	Greater Special
6c13b389-9c0d-4955-ab0d-aee120ae01b6	SpellTypeSO	Evocation	Evocation
6c22e48d-72e7-474e-b47a-b9724865a793	UpgradeSO	UnlockTheWorld	The World
6c32351d-4bba-457d-ba37-222892584aed	AttributeSO	EnhancementGlyph	Superior
6c344fd5-e6cf-4596-a9e6-d3476594bec2	ConsumableSO	AlchemistsStone	Alchemist's Stone
6c40dff9-946e-447b-a395-542fd1bf0bf7	ResearchSO	AscendWizardry	Ascend Wizardry
6c47753b-cc11-4157-a194-64345c406c9d	UpgradeListVariable	AllUpgrades
6c4a0ef3-e72d-4209-9679-1df1ac401305	EquipmentSnapshotListVariable	EquipmentSnapshotLoadouts
6c5c36ea-4736-46d2-b961-6227d4cce5d3	CraftingRecipeSO	CraftScrollExcellence	Excellence
6c60af7d-1616-46af-bdd6-b28a9dbcb864	SpellRecipeSO	Transfigure	Transfigure
6c8a6548-5efa-4eb5-bb2e-91271cb4333d	PassiveAbilitySO	MentalAffinityTokenPassive	Mind Affinity
6c984c5f-ac94-47e3-b858-917074c9219f	StructureSO	StudyHarvesting	Study Harvesting
6ca92b42-e3c4-48b7-abc7-9cd8554c89f6	KeyBindingVariable	CastSpell2	Spell 2
6cbeec6f-39da-4b39-9723-0dd4c2bf3873	StructureSO	ResinHandling	Resin Handling
6cdf8168-237c-4eee-a32c-3c1659c1d89f	SpellTypeSO	Storm	Storm
6cf53d69-aa02-4c28-bdb1-38ae896206a0	ValueModifierVariable	StructureCodeModReinforced
6d14566c-8e53-4897-a900-cd9b9391f152	StructureSO	Capability	Capability
6d1962c7-4bb3-4c5f-ac88-776fd8bbd415	IntVariable	DiscoveryTreeChoiceCount	Discovery Options
6d59039a-e1f9-445f-ba65-b36489d945bc	ChallengeListVariable	AllChallenges
6d9ef9f9-8f75-408d-b6ea-d56808dab171	PlotNodeActionSO	PNAShapedLandCreateElementia	Create Elementia Spring
6da45842-73b8-4540-9028-9e7e62af411d	AttributeSO	DiscoveryTreeAlchCraft	Alchemize
6da5c2fe-fc51-4446-984a-4623220b3432	UpgradeSO	Druidry3	Druidry III
6dac8076-6af3-42ef-a849-3a2848e4989f	SpellRecipeSO	ManaForge	Mana Forge
6dad11b9-23f3-4988-b790-8609c5e928cf	AchievementSO	MasterScholar	Master Scholar
6dc7df29-0e91-4f67-98f2-3dca56e4d4e3	HarvestActionSO	CreateHarvestAction	Create
6dd9950a-e931-426f-97da-337a6088135d	ViewListVariable	WorkshopBenchViews	WorkshopBenchViews
6ddbd81a-113b-40ff-9358-741115a419cb	ViewSO	TimeChallengesListView	All
6defbeaf-f487-4cf7-ab07-7accd4a8f2ae	DoubleVariable	SpellChargeTime	Spell Charge Time
6df33b65-c92f-45cb-932b-5d32c92192fb	CraftingStructureListVariable	BrewingStations
6e1727bd-2bbf-47f9-b39c-1301f191b287	PassiveAbilitySO	ReflectiveBuildingLearning	Built Learning
6e4a5b5c-a883-4b62-8760-95beb367e842	StructureSO	Woodbeams	Woodbeams
6e589d30-b05d-4c8e-91b3-e44d49a7f45d	AdvancementSO	AdvTimeGlyphic	Glyphic Boost
6e7b167b-9984-4306-9917-acd66f3be80e	StructureSO	StudyStudying	Study Studying
6ea1c886-a9ff-4801-91b6-cb64c1e28e52	TimeRuneSO	TimeElementalScaling	Elemental Scaling
6ea9f74e-9274-494f-8c44-727be91869c9	LocalizedStringSO	ResearchType
6eaec92c-329f-4afe-bb64-ef6f2dea7d8e	ResearchSO	AscendStorm	Ascend Storm
6ebccfcf-bf0f-4c33-b633-49d677d67f7e	AchievementSO	PerfectCrafting	Perfect Crafting
6ec1ed43-08ce-4c9c-9868-76fe00b2f134	ResearchSO	ImprovedCharms	Improved Charms
6edc14f4-9821-4e53-9975-493dc8be75fa	EquipmentSO	MindBag	Mind Bag
6ef3bdd1-b727-45fd-ad51-5d0b5dedea12	UpgradeSO	WizardryBlaze	Flameweaver
6ef5a261-c7b0-4fd2-b5c4-d0a4230e2cdf	RecipeBookSO	CloakRecipeBook	Cloak
6eff2b50-ae3e-48b6-92fe-1e89c7a5f32a	PrerequisiteLinkSO	AmberUnlocked
6f202305-dd5b-43d5-bc05-7832321265eb	AchievementSO	MasterWizardry	Master Wizardry
6f3f3f8b-32a4-464c-b0f2-341dcec73e99	TutorialSO	TutorialReserveLevel
6f49d9ba-17ac-491e-8af5-a10f3c3aafcd	LocalizedStringSO	RuneStone
6f4c385c-5cc0-4508-b6de-38778b06682a	GlyphSO	Dilated	Dilated
6f5c000c-bfdf-413a-b6d4-72f823288ede	EquipmentSO	SpaceCloak	Space Cloak
6f5eb824-36f9-45df-9b17-c67c1a3af4bb	LocalizedStringSO	CharacterModifier
6f69a427-98ca-4f12-a05b-3433bdc76ea9	ViewSO	TimeRunePreferredView
6f73f8a4-d5bb-47ee-9464-196f926abf02	UpgradeSO	LearnStorm	Learn Storm
6f963a32-e340-4f82-803f-cea658fd4e5e	GlyphListVariable	SelectedGlyphs
700ecc40-10b0-4018-a307-2f6331402d17	ValueModifierVariable	DiscoveryTreeCostReduction
7060b278-d1a2-47f2-b45d-42e6a792e11e	TimeRuneSO	TimeConstructionTempo	Construction Tempo
70754f71-500b-4bf1-a5da-559f1fb9a66d	UpgradeSO	DimensionalShaperCognitive	Cognitive Shaping
70797278-46a5-46ac-8fe1-ff0b36924ff4	LocalizedStringSO	Ritual
70871e86-100b-4ae0-ba9b-fc96e09b7e1f	PlotNodeActionInstanceListVariable	ActivePlotNodeActions
709114f3-92fe-47c7-832c-dd4033cb9e43	AlchemyRecipeSO	BrewExpansionPotion	Brew Expansion Potion
70a28fd3-dd4d-415d-867e-790903d27104	DoubleVariable	SpellChargeEffect	Spell Charge Effect
70aabd3c-7790-4771-a863-5e5c41bff493	ViewSO	AlchAlchemyDiscover	Learn
70b36536-64e5-4f70-ad6f-af5787d719cc	ConsumableTypeSO	ScrollConsumable	Scroll
70bc1151-3911-4a9b-989c-38355d338864	ResourceSO	BandwidthBiologic	Biotic Capacity
70dc1782-3ac3-4581-a41c-4842ee7e8d84	SpellRecipeSO	MeditativeFabrication	Meditative Fabrication
70ddecea-cef5-4e3b-b240-47b24366eb1c	RitualSO	Experimentation	Experimentation
70e098fe-4da9-4f91-a969-94f263a03e74	BoolVariable	ResearchQueueModeEnabled
7109f1d5-af1b-4e60-b4c9-709ddb22c866	KeyBindingVariable	Inventory	Open Inventory
71135080-bd43-4b6c-8723-2233829b3aea	KeyBindingVariable	GoToAlchemist	Go To Alchemist
711fbfb6-b12d-45b8-a06b-634024085162	ResourceSO	PointsTechnology	Technology Advancement
7134e673-d22d-4a1f-bec1-e4755d9dae0f	UpgradeSO	UpgradeSpellBookLoadout6	Duplicate Spellbook VI
714e0a55-5a65-4fb7-9bb2-8f7b9beef55c	ScalingWeightSO	MaxStackScaling
7169bd64-980d-4ac5-ac69-428979dbd6f8	PlotNodeActionSO	PNAOakTreeHarvest	Chop Down Oak Tree
7174b699-ae37-46f9-aed6-d4ebf84b7642	ResearchSO	CompoundingLuck	Compounding Luck
717defb3-f9a1-4822-9edf-25ba3a8484a8	UpgradeSO	ImbueHexsteel	Imbue Hexsteel
71ac7375-f79c-47e8-bb15-480f4e558c77	UpgradeSO	PlanningAlchemic	Planning, Alchemic
71c5d7f0-ba58-409f-8fa3-edf7594cd3f1	PlotNodeActionSO	PNADreamberryGather	Gather Dreamberry
71caeb6f-0337-43a1-9568-e8161e3091b3	EquipmentSO	CloakOfFlames	Cloak of Flames
722dab56-1339-4ddf-a74b-5b1b4a035e6a	ResearchSO	RestSpiritual	Spiritual Rest
722fd539-7276-4404-95b1-6f6a13906591	ResourceSO	DimensionalCore	Dimensional Core
7254464c-4940-49da-8039-7505285547aa	CharacterModifierSO	QuickModifier	Quick
729b3f91-6159-45bd-b75b-5615a0b4437a	PassiveAbilitySO	MentalExtractionPassive	Mental Extraction
72ad2a2f-fda2-4293-921b-77faaa056067	StructureSO	GatheringSpeed	Gathering Speed
72d8b70b-c086-4ab4-85fb-b06baaac4b6e	RitualSO	Courage	Courage
72f7f0c0-4827-4fed-8297-2dcb8dcd5c7f	AttributeSO	ResourceRate	Resource Rate
73198c31-5f7f-454c-b2b4-7942970f2475	UpgradeSO	DruidryEnrichment	Enrichment
732824ec-a446-4044-bcd7-076990176b8b	DoubleVariable	TimerComplete	World Recreated Time
732a6647-1064-4cdf-ab0d-f2f6d6659c82	ResearchTypeSO	CranialResearch	Cranial
732e14bf-8e3e-4fb4-8f8a-ddf2f2f5712f	AlchemySnapshotListVariable	AlchemySnapshotLoadouts
734ed8c7-9c4a-4b31-9c67-3898ba0e4480	SpellRecipeSO	SiphonSoul	Siphon Soul
73823f46-fc1a-48ac-a347-6526a8bf6162	AnimationSO	Supernova
73875832-15f1-4585-8537-2f5efcc2e3c3	ScalingWeightSO	PotionAugEffectQuality
7387bb86-f670-47e7-b58f-cf3ca84ca7be	DoubleVariable	SpellFlashRating	Flash Rating
738c43ae-6df7-4a6a-bd2b-078c8f06735f	ResearchSO	TechnologyMastery	Technology Mastery
738e0986-d162-447c-934d-0a1023cc7a56	ChallengeSO	SpecializationArcane	Specialization: Arcane
73933a80-bb12-4e89-a6c5-a304ede0dd38	AchievementSO	MasterArcane	Master Arcane
73a68fdf-52ab-4807-8671-d458a9708bd3	ScalingWeightSO	SpellAugEffectSmall
73b69766-c536-4eb2-a895-09ecfb64b096	StructureSO	Armor	Armor
73c94ed5-cdb1-43cf-9d50-39ea36e916e9	ValueModifierVariable	ConceptReflective
73d68f65-e973-4b02-a76f-c1e177140bb2	GlyphSO	Arcane	Arcane
73e434d2-d9ef-40bd-b08a-2b22ae19a67a	ThoughtStreamSO	AwakeningThought
7425cb5c-c2f1-49ab-9a61-822707baffad	ScalingWeightSO	EquipmentEffect
74358711-dc76-406c-9264-a4ea8281b1a6	ResearchSO	ImprovedSpecial	Improved Special
74376a1f-f061-43d9-a89a-66fa1f060e8d	ModifierListVariable	AlchemyXpReq
74e6340b-28d4-4042-8cc9-27165d0833cc	ResourceTypeSO	LiquidResourceType	Liquid
74e7eb18-5da6-42e4-a0dc-fb570c6b31b5	AttributeSO	HarvestQuality	Harvest Quality
74ec1f90-e94c-4cd7-a1d0-7b35016b57ff	ViewListVariable	CreatedWorldAspects	World Aspects
750aa389-9fee-4eb0-af84-6857f5135dd7	CraftingRecipeListVariable	AllCraftingRecipes
7558d600-6ffa-4c66-9956-4d12a5c383f6	SpellRecipeSO	Rally	Rally
75748d3f-a7ee-44fa-8714-07cda005bb7e	ValueModifierVariable	ScalingMaxQuantity
75a23896-e955-42a4-85e3-0843d93bfc94	StructureSO	ElementalShaper	Elemental Shaper
75ce18da-30c0-45ca-a274-61b0e51de513	TimeRuneSO	TimeStudiousTempo	Studious Tempo
75dbae92-9081-4c3b-9138-a9f7a512c8d5	UpgradeSO	GrowHerbs	Grow Magic Herbs
75e2d397-b056-4e0b-b8ef-6d34df396c9f	AlchemyRecipeSO	TransmutePsi	Transmute Psi
75e6b029-ecf1-4c2c-a7da-d8c21f0ade21	RitualSO	Belief	Belief
75f7df45-c3cc-432f-8d73-81e18a2f1378	AttributeSO	BonusLevel	Bonus Level
763b1bc5-6ca9-479a-ae02-69d51136896d	DoubleVariable	AutoBuyQueueSpeed	Auto Buy Speed
765179d4-fc9c-469b-82d8-f6def418feb6	ChallengeSO	WeakenedArtificer	Weakened Artificer
766c4dbf-04db-4a0c-bc41-582cfc17ea5a	UpgradeSO	DiscoverElementia	Discover Elementia
7685eb4c-9926-43a6-8c26-5b85efdb7a17	StructureSO	EchoMage	Echo Mage
76a3fafe-c171-4e59-8385-f2881089d665	StructureSO	Tend	Tend
76d77263-67aa-4bcb-a521-c93cc4e8bff2	ScalingWeightSO	RitualResourceEffect
7739d38d-f56e-4b14-bcb8-ac50982308de	GlyphSO	Cloak	Cloak
773dfefd-98b5-4d5d-9a12-46c4909826f9	ChallengeSO	FocusImprovedAuras	Focus: Improved Auras
774310d2-58a4-447f-8df7-2f91311d7c53	ResearchSO	RestCognitive	Cognitive Rest
774560f2-8f4f-4c41-bcf5-06c27f4fc2c6	GlyphSO	Storm	Storm
779fcab3-7ac8-4b7c-a96b-fed313a4fa51	ResearchSO	ExpertExpansion	Expert Expansion
77b6a338-992f-4c98-9c6e-3359123ffaf9	UpgradeSO	LearnFlow	Learn Flow
77fe6bd9-2c19-4576-9948-886f41a42fd7	LocalizedStringSO	Undiscovered
780b12f4-74a0-42a3-af8b-748663964be9	ViewListVariable	ScholarResearchViews
781c7945-3a42-49a6-b54e-3182d225a66a	CharacterSO	BasicApparition	Normal
782c51ea-e323-4f0a-9981-0b6362e0d381	LocalizedStringSO	SpellCastType
7858282b-3379-4c07-a92a-44e2f189ef3b	PassiveAbilitySO	FocusedTokenPassive	Focused
785dd679-6b9e-42b7-b5e8-6ff337588a1c	AttributeSO	RelatedSubTypes	Sub Types
788734de-f8c6-4380-8021-b23b767ad13b	AttributeSO	Persistent	Persistent
78995edc-209b-49cc-a1d9-9590ec60f5c8	IntVariable	MaxConceptSlots	Parallel Concept Slots
78aa9267-32d1-42d7-8a80-1f9d0d68153b	IntVariable	AutoBuyQueueSize	Auto Buy Queue Size
78c3a1ab-9212-40fb-a80f-709ffccee1fd	AlchemyRecipeSO	AnalyzeLiquid	Analyze Liquid
78d1cca0-2290-4932-a221-489158cb7758	UpgradeSO	DruidryBeacons	Shining Druidry
78e0b08f-a3b1-41f0-925c-44bc71c7f118	ModifierListVariable	ConceptAdvCost
78f3ff8c-bec3-463c-8f7e-91af6459ce53	UpgradeSO	RaiseAlchemyLevel	Raise Alchemy Level
78fc1bd1-5192-4fa7-82c5-0629b8d9ca9a	AlchemyTypeListVariable	AlchemyAlchemyTypes
78fda904-4d3d-47da-b270-6c0bf53ef183	UpgradeSO	AutomagicControl	Automagic Control
79068800-98f7-4673-a216-f618dbef8bc0	RecipeBookSO	BagRecipeBook	Bag
7917976c-ac0e-41f6-957d-825c7a986413	DoubleVariable	TimerWorkshop	Workshop Time
791b086d-3f26-43e2-846b-42170beafd21	ChallengeSO	SpeedAlchemy	Speed: Alchemy
7933f45a-475e-4936-a570-cc58f4457a30	StructureSO	Morale	Morale
79480311-4617-458d-b9b1-7fe93332d9ad	ModifierListVariable	SpellLeveling
79523bfe-593f-48be-93a3-d2b7fb6fa398	PassiveAbilityTypeSO	ReactivePassiveType	Reactive
7957f7d5-b1c7-4bf7-91ef-79e4e1318ae1	AdvancementSO	AdvEnrichDreamberry	Enrich Dreamberry
795e1f8d-831f-4e4b-964d-e3b73fde4ec5	CraftingRecipeListVariable	WorkshopCraftingRecipes
798a6152-62bc-404b-b4ca-f1a7e2e6c574	ScalingWeightSO	AutoAttackScaling
79fdcc8e-dd53-4769-b127-fdd6ca6eefc3	ChallengeSO	BoonToxicity	Boon: Toxicity
7a2f4161-0ed6-423b-ba9c-3fe1c97b5d99	EquipmentSO	BlastStaff	Blast Staff
7a577315-d4ce-40fa-9067-969ff6503711	SpellRecipeSO	EmeraldBeam	Emerald Beam
7a6bc10b-77d0-4370-87b4-f6d55bff6e3f	TimeRuneSO	TimeStudiousScaling	Studious Scaling
7af8a19c-ca0a-4ee5-8dc0-d77c3b6c08b4	AlchemyRecipeSO	StudySpeed	Study Speed
7b17670e-b3b6-401f-83f7-9c0e6d157852	EnchantmentSO	EnchantExcellence	Exellence
7b2b29e5-97b4-4d53-bd87-7da9f398ba2a	StructureTypeSO	InfusedStructures	Infusion
7b2e8268-9b4e-4300-a028-67350cae3a21	CombatTargetSO	AllAllies
7b39fa02-aaf5-48bf-a5e7-7ce1d54f82ab	EquipmentSO	StaffOfDuplication	Staff of Duplication
7b6dfedb-db28-4222-950c-21a128e74e40	TimeRuneSO	TimeDiscoverRarity	Discovery Rarity
7b730c97-9a0a-4a22-b0cd-0d2ca4636e0b	StructureSO	Cunning	Cunning
7b89d22c-75ae-4945-9356-833382c9a167	AlchemyTypeSO	Dismantle	Dismantle
7b8ac42d-189c-41a3-940b-de2b9477518b	CharacterSO	BlasterApparition	Blaster
7bad1df6-9c98-4ba5-8bdc-6e15429a41eb	StructureSO	SteelPlating	Steel Plating
7bb2c5a9-2f01-41bf-bc32-b0e0a3022fa6	PlotNodeActionSO	PNAElementiaSpringEnrich	Enrich Atmosphere
7bc24ff0-ed56-4240-aa41-1c9e05c59f0f	AlchemyRecipeSO	BrewHerbalistsBrew	Brew Herbalist's Brew
7be9c0df-3d16-4d66-86d1-a40c339df583	ResearchSO	ParallelBrewing	Parallel Brewing
7bfb5588-adda-48e1-813b-b4a8ce0c182f	SpellRecipeSO	RecifitrasPrecision	Recifitra's Precision
7c04fa78-66de-4941-8f7f-e7964f841031	StructureSO	UrnOfHolding	Urn of Holding
7c153f90-a550-4c2b-959c-fe3ecbdf7e4a	SpellRecipeSO	AmassPower	Amass Power
7c1af696-6b98-4899-ae8e-ae1448822cc5	AnimationEffectSO	RayMagicCircle	Ray Magic Circle
7c32c788-ea6b-465b-b0aa-1b347130441a	GlyphSO	Gloves	Gloves
7c419dcf-ff93-45f2-b09b-ab4dac425b04	PassiveAbilityTypeSO	AccumulatingPassiveType	Accumulating
7c440820-5b9b-429b-9194-a0f68018f538	PlotNodeActionSO	PNAForceTreeEnrich	Enrich
7c71892d-e51d-45b3-9de0-0dfec0189e16	AttributeSO	Toggled	Toggled
7c73ead4-b5ce-43e7-8cfc-85899af8e952	DoubleVariable	TimeSinceLastPlayed	Last Played
7c80515a-e9c4-47a2-8c9b-05e68e219833	StructureSO	AccelerationStation	Acceleration Station
7c8dc0d2-fc38-481a-aafc-d73a26b5fdce	AnimationEffectSO	RayFire
7caf81e8-a676-4ff4-a7d0-0e02eb103942	TimeRuneSO	TimeCognitiveTempo	Cognitive Tempo
7cb3decf-d33f-4a45-830f-d7eac28d8a2d	RecipeBookSO	DismantleRecipeBook	Dismantle
7d164e00-5eb8-42af-b718-79e0a5b8c5ae	GlyphSO	Expansion	Expansion
7d3cdd01-380e-4d3d-9abb-bf62dfd8e5c9	UpgradeSO	AlchemySoulShard	Soulchemy
7d3d5b2f-b51a-475c-b457-ced90bf6b498	SpellRecipeSO	Sanctify	Sanctify
7d5c9f95-05bc-43f8-9ed6-f8c687d1d5fd	AdvancementSO	AdvTimeResourceBoost	Resource Boost
7d671726-e11b-442a-b91e-08d77e96fdbe	RitualSO	Curiousity	Curiosity
7dd1e32a-3165-4fb1-92ce-496c29dfd3df	DoubleVariable	RitualFailPenalty	Ritual Fail Penalty
7dfd3990-9499-4c81-b975-0eb0c1fb283f	ResearchSO	AlchemicalMastery	Alchemical Mastery
7e096704-cc71-4ca3-924a-64c85d9c11e2	DoubleVariable	SpellPower	Spell Power
7e188f90-c7d9-4316-98c3-309f23c0269d	UpgradeSO	DruidryDreamberry	Dreamberry Druidry
7e196b82-c909-4578-9ae1-1c441ee48d63	CharacterSO	HotApparition	Hot
7e2c9eb7-64a3-4f5e-b53f-fbd45ad19342	UpgradeSO	AutomagicCognitive	Cognitive Automagic
7e402373-1e08-4c48-9026-6711924ecf08	RitualSO	Blossoming	Blossoming
7e50e36e-9a1f-4b66-a982-df7d2d024519	ResearchSO	ImprovedGenerators	Improved Generators
7ecf4f77-9759-41d8-91ff-af6c65340f17	IntVariable	QuickConsumableSlots
7ed21365-99f6-447b-b110-adb6029a8764	ViewSO	ScholarResearchExpert	Expert
7ee3b88d-50c8-4dd3-a522-23d73d28014a	AlchemyRecipeSO	EnchantMetal	Enchant Metal
7ef4c045-4942-434c-b7c3-2c4ecc63e674	ViewListVariable	WorkshopCraftingViews
7f1b2e1b-c540-4637-9835-2de2808611a3	ChallengeSO	FocusImprovedLearning	Focus: Improved Learning
7f3ca946-a378-4d79-99a0-9263ae92f421	ScalingWeightSO	EnchantmentScaling
7f7bb329-acf2-4e33-bb40-32e66048b603	AttributeGroupSO	LuckBasicGroup	Basic Luck
7f871a28-96de-4d7a-b446-21199ddc24d2	EquipmentSO	MysticGuard	Mystic Guard
7f8cd605-75e2-4c50-9f56-9ae5abaab260	StructureSO	Assembly	Assembly
7f9a3d8f-22ba-48fd-be10-029ac8baa035	StructureSO	Science	Science
7fb57842-534f-4de9-9d9f-195f75c5af11	TimeRuneSO	TimeCognitivePersist	Cognitive Persist
7fc0433c-9161-4d88-a50e-239607a75d96	DoubleVariable	RitualSpoils	Spoils Gained
7fd04399-007c-425c-98c0-71976856ce98	KeyBindingVariable	GoToRituals	Go To Rituals
7ff0dbe0-b23c-4482-92c0-e877887d5118	UpgradeSO	LearnCloaks	Learn Cloaks
7ff364ee-a907-43e1-ac01-c5cc25009cbb	AdvancementSO	AdvWarStone	Warring
80133f7f-a182-4b93-a34d-b40eaa51be4d	AttributeSO	DiscoveryTreeEquipcraft	Construct Artifact
801853c9-4a00-44b9-aabc-08922c19330a	AdvancementSO	AdvPowerPear	Powered Up!
80434c9d-a05a-41f5-9aca-fc911875c8e8	ResourceTypeSO	MentalResourceType	Mental
805ee437-b83a-4056-96bd-61c902c76eb1	AttributeSO	CapacityRate	Capacity Rate
806f1287-a072-4b01-8534-cca4faeb937e	GlyphSO	Precise	Precise
8087927b-bc58-4475-b3b8-052ea690e296	UpgradeSO	DimensionalShaperPhysical	Physical Shaping
80b26ec9-be6c-434c-ba6f-8137d6108185	AttributeSO	EffectLevel	Effect Level
80bd4392-c08a-42fe-af4c-a60aa5b1887d	UpgradeSO	RaiseMaxOutputLevel	Raise Output Lv
80c1c96a-1e30-4efc-9e7e-537cd750a52d	SpellRecipeSO	OcularMagnification	Ocular Magnification
8103dae4-6945-4d18-b562-d2ffcd7ef49e	ConsumableTypeSO	Potion	Potion
8123dad1-1e82-4b83-9f1a-a6b1d99e3762	GlyphSO	Runic	Runic
8126c80c-7692-475f-b194-3663cfed57e4	StructureSO	Potential	Potential
812882a8-a2ab-40f6-97d0-7f58d36682ac	EquipmentTypeSO	RunicEquipmentType	Runic
8137bbf2-5862-41d4-9efc-4eb789ee7f0d	ChallengeSO	WeakenedTalent	Weakened Talent
8166ea0d-d2c3-45ea-9a41-114d00112e9a	AlchemyRecipeSO	DismantleMagebloom	Extract Magebloom
81711a04-368f-4289-a794-9b75b289ba92	GlyphSO	Psionic	Psionic
81723f22-fd04-4364-8d6a-5ea75fce1b19	ResourceTypeSO	ParchmentResourceType	Parchment
817e0b49-1c01-42b0-be02-f9c65fef9983	ResourceSO	PointsGlyph	Glyph Upgrades
81894d9f-4e91-43da-9f47-2a97d77a2294	GlyphSO	Brew	Brew
818ea71a-ce45-4027-8774-167f34ca6d89	ResearchTypeSO	ExpertResearch	Expert
8191b90f-fb11-4e67-b61e-62e336fc81b4	ChallengeSO	IncreasedDifficulty	Increased Difficulty
8198fc5b-30a8-4f98-b853-c15cdb2fd7fe	IntVariable	AlchemyOutputLevel	Alchemy Lv
819a23e9-bdc0-4bb8-a93a-d5d475eb298b	CombatEffectInstanceListVariable	ActiveCombatEffects
819e3d5f-cc06-42ff-be02-0870232edccf	KeyBindingVariable	GoToChallenges	Go To Challenges
81aa0df4-403c-4fc2-93f7-17975e7ed005	AlchemyRecipeSO	StudyWorld	Study World
81d21ccd-94bd-43bd-882d-6d3b01a7918e	AttributeSO	ObjectDisable	Disable
81ec2d60-d123-4112-a0d3-feb7d86d9fd2	UpgradeSO	ConstructionDimensionCore	Dimensional Crafting
8203cd1c-70ee-427b-b3a0-d96c9d9007d0	AttributeSO	RitualResources	Resource Loot
82047a67-9d57-438c-b5b1-99377e242e32	ViewSO	TimeTimeRuneCreate	Create
82417eae-f6a8-446b-a1c5-3dffd187416f	ViewListVariable	WorldViews
824659e2-fd81-471f-b65b-783d980fde0e	EquipmentSO	EssenceAmulet	Essence Amulet
82685602-5648-44a2-93ab-fea8525dad64	TimeRuneSO	TimeDiscoverPersist	Discover Persist
82775991-0a3d-4a98-819d-5f67bba4c03b	AttributeSO	LoadoutAlchemySelected	Alchemy Included
827a21b5-201a-40d0-82d2-e2684f531a03	TimeRuneSO	TimeCastingScaling	Casting Scaling
8283b31f-5ada-480e-912f-ce1d7c263a3a	ChallengeListVariable	ActiveChallenges
82a1b21d-f64f-42bb-9271-48a7dfa0e51c	UpgradeSO	LearnBiology	Learn Biology
82b66435-9984-4e1a-9bb5-f172325578bd	AttributeSO	ObjectCancel	Cancel
831cf64e-932e-45ef-997f-e83024fa4444	DoubleVariable	AttributeQualityBonus	Attribute Quality Bonus
8331509a-56e8-4e42-9553-6170cf32349d	ChallengeSO	FocusImprovedScribing	Focus: Improved Scribing
836fd812-c391-48f2-98b9-17013582d0da	ViewListVariable	RightSidebarViews
8371bb59-6a2d-407d-a8c7-d7d9fbaa2420	ScalingWeightSO	StandardScaling
8378dd8c-9801-4153-ad7d-6ce42d3f509b	AttributeSO	TreasurePoolContents	Contents
83a8a40f-10ca-458d-ba7f-89fb29a46767	AutoPurchaseListVariable	ScholarAutoLearnList
83aad09b-5a3f-4f1f-918a-a03778904a4e	UpgradeSO	ArtificerWoodworking	Woodworking
83b64339-9582-493e-991f-fcacfdaa2b6b	ChallengeSO	WeakenedConstruction	Weakened Construction
83b924e1-175c-49c5-ab22-e38d2a1835e7	LocalizedStringSO	Requirements
83caa0f0-7add-440d-87cb-6b3a5f69bd26	LocalizedStringSO	StructureType
83e5d4d7-4524-4f5b-9e4f-2198fe972829	ValueModifierVariable	ConceptReductive
84032aed-62ab-4795-a888-9fa94c9b6fbe	UpgradeSO	UpgradePropagation	Upgrade Propagation
84094552-4b5f-4c44-85ed-31610a76dabb	ValueModifierVariable	ScalingAura
8412b4e4-1c4c-418b-b3cf-066f889ec8f3	ChallengeSO	WeakenedLuck	Weakened Luck
841aead8-2657-4341-a396-69e897168e5b	GlyphSO	Efficient	Efficient
841f64d5-2795-4c0f-af25-238c37477da1	AlchemyRecipeSO	EnchantElemental	Enchant Elemental
843051c4-ee18-4542-957d-f9fd380ac1ac	ModifierListVariable	SpellCooldown
8431bac1-7a21-49de-8b92-e44a22508fc9	AdvancementSO	AdvCastingGem	Mage-ify
84331881-8226-44c2-a766-aaa75894c90b	ResourceListVariable	AlchemyBandwidthResources
8435caf4-cb5e-4d92-83fc-39dda07326ef	AttributeSO	SpellStocks	Stocked Casts
8443f058-2faf-4e4e-9922-2edccbb4bac3	AttributeListVariable	AllAttributes
8456ad89-4d85-4fee-b490-d46ee3521f36	HarvestActionSO	TransmorgifyHarvestAction	Transmorgify
8466c2db-f117-4e4f-ba86-1398e497ae8f	ResearchSO	AscendMysticism	Ascend Mysticism
846e2dc3-fd43-4f8f-8cb4-7521470dfd4f	ChallengeSO	BalanceBigSpells	Balance: Big Spells
847cbe65-3123-4042-a483-31940173d003	ResourceTypeListVariable	LevelableResourceTypes
84854160-4d12-4da4-aae5-76030f8ce6a9	AlchemyRecipeSO	StudyArcane	Study Arcane
84ada150-5b75-4b85-9c6f-e80dda55d9c8	GlyphTypeSO	SpellManifestationGlyph	Manifestation
84c78f93-4652-46a4-8431-26b158f2b79e	AttributeSO	TimerParallel	Parallel
84dc6704-8f14-4253-9ffc-051c964fd87a	ScalingWeightSO	SpellEffect
84ed726e-4be7-4b8d-bfb1-392502d29dca	CharacterSO	SpeedApparition	Speed
84f81343-8944-4258-b623-883eca4b54b5	ChallengeSO	WeakenedCantrips	Weakened Cantrips
850f26db-3469-42dd-a703-d2aac096fa9e	PrerequisiteLinkSO	TechnologyTiers
852528f2-44c9-420e-b0c5-40ad3a7e6249	SpellRecipeSO	PowerStrike	Power Strike
853d19f2-f7d8-4455-9b54-43b56834bebb	LocalizedStringSO	ConsumableType
8546827b-5fb1-4f01-9d67-908e75dba284	KeyBindingVariable	IncreaseBuy	Increase Buy
855fb6ca-8ebd-4aaf-b0b0-b879a21a86c7	ConsumableTypeSO	Treasure	Treasure
8570ab77-e3f5-4568-82d6-dde51b4a43f3	DoubleVariable	TimerScholar	Scholar Time
8574b029-bd72-40e9-bb82-f2c6a490a70d	SpellRecipeSO	EchoTendrils	Echo Tendrils
8584da5b-0f93-4328-bd66-e631c8930df4	AlchemyRecipeSO	StudyStorm	Study Storm
8586ce00-1006-4803-8d3e-3216b8cb2540	ScalingWeightSO	TimeRuneInstantScaling
858e7640-e973-4c58-8288-8e01821051bd	UpgradeSO	ImbueOccultic	Imbue Occultic
85d81c0b-7c1e-4ed7-8b59-46c9ed240b56	ChallengeSO	WeakenedMachines	Weakened Machines
85dea277-7588-45cc-8655-6cb226bd7b0a	UpgradeSO	AutoBuyAttributes3	Auto Buy Attributes III
85e36b1a-a1e6-44b4-b86c-e2f8409b73dc	LocalizedStringSO	LoadoutSpellError
85f85504-cc66-45db-8606-47f57a7b3275	StructureSO	StudyMagic	Study Magic
8613c5b4-8d15-4bca-9e3d-62a049e00ce3	RecipeBookSO	TransmuteRecipeBook	Transmute
86149a1a-d7b9-40fa-a948-36517488f676	EquipmentSO	ShapersMask	Shaper's Mask
863735a8-c3e0-437b-a3e5-d63a5507dfa3	StructureSO	Abundance	Abundance
8646d81e-56b0-4871-a279-f9318c4c4294	HarvestElementSO	DarkThistleFlower	Dark Thistle
868c29ec-ab5d-4179-9f2d-ddd0c1416cc2	UpgradeSO	ArcanumCasting	Arcanum Casting
86bcaf9d-b4de-49e8-b183-ea737ed560d4	UpgradeSO	WisdomThaumic	Thaumic Wisdom
86c147fc-de85-4867-9c48-e8711d50a797	ResearchTypeSO	TechnologyResearch	Technology
86e5c420-b16e-4b62-b266-38305f50bae0	AchievementSO	Specialist	Specialist
87484c99-f1ac-478e-a9d4-1f9443ee5cde	SpellRecipeSO	Thunderclap	Thunderclap
8753852b-e081-45c5-9663-f419703c4008	UpgradeSO	ConstructionSoul	Soul Forging
875e48a1-b77f-4b4d-9f90-f7d370b1599f	PrerequisiteLinkSO	DruidryTiers
87816f05-f579-4be6-88a5-d9ac3ffde06e	InstanceScalingSO	PlotNodePassiveInstanceScaling
879cdeb6-68de-49c4-95a5-7720c2a2c223	ResourceTypeListVariable	AllResourceTypes
87b7d278-5f60-46b4-b889-3dd7146b1d8c	TimeRuneSO	TimeElementalTempo	Elemental Tempo
87e51add-526f-4eb8-8d6c-ac0d3de8d329	DoubleVariable	Volume
87ea5a8e-e5ff-4f5e-be5e-1b6d3b320a4b	UpgradeSO	ConstructionAmber	Amber Construction
88061ed4-11dd-4e03-a2dd-fc75e3ec9128	CraftingRecipeSO	CraftDimensionalCore	Dimensional Core
8817f420-5e19-4b99-9bb6-bc879766b5ed	DoubleVariable	AllSpellTypeXpReqScalingMod	Spell Type Xp Scaling
881d2ddf-a2a4-4668-b9c3-338ae1ffb2b6	PrerequisiteLinkSO	AutoPurgeUnlocked
881dbf65-b247-44fb-94d6-4625b361537d	StructureSO	Determination	Determination
886a906c-e17e-4c7c-b99c-7fdb59d645a6	RitualSO	Truth	Truth
889d4c5e-ffa4-4130-b14d-bf2cd5061eac	ResourceSO	Thaumaturgy	Thaumaturgy
889d7d46-dff3-4e19-b698-470737c00dc5	SpellTypeSO	Corporeal	Corporeal
88ac0589-72ff-469b-b721-980a95b02a6b	ResourceListVariable	AdvancementResources
88bd3a95-1ad4-4c94-aa0e-10d3eaf8a4b4	ChallengeSO	FocusImprovedCharms	Focus: Improved Charms
88dec179-6f84-467a-946a-6b2c69b36871	LocalizedStringSO	PerLevelText
88e98fb2-9fab-4709-94a4-02e2af7f1507	EquipmentTypeSO	ConductorEquipmentType	Conductor
88f7340d-bb90-4e4a-90f5-e597fcd3a8e1	StructureSO	Wisdom	Wisdom
890886d3-4606-4764-8127-5a70c1eef278	IntVariable	MaxAlchemyDismantleSlots	Dismantle Slots
8923de6e-a6bb-4985-94ca-2908212b54f1	StructureSO	DiskPlating	Disk Plating
8930ee03-d71b-41da-9831-5bd071d1a5a6	StructureSO	OcculticGrowth	Occultic Growth
894c0940-40d4-4127-82ed-f2c1cea48a67	SpellRecipeSO	LightningSpear	Lightning Spear
898a76c8-170c-4d6a-9e93-0621ac4b46fa	ChallengeSO	WeakenedChoices	Weakened Choices
899702cd-07ed-46f4-9a58-a2dcba103afb	TimeRuneSO	TimeTempoTempo	Tempo Tempo
89a0532f-5125-4501-b79e-e965efdb0dea	HarvestTypeSO	GardenHarvestType	Garden
89a33aa6-0361-43fb-975d-27b78eae8c2d	SpellRecipeSO	ForgingBreath	Forging Breath
89a5c416-a568-44be-9fd6-ddc353392913	StructureSO	StellarWave	Stellar Wave
89cd43e4-021e-4904-a73d-8b8302004c0d	AttributeSO	DrainCost	Drain Cost
89d03fc5-1aac-4014-89c9-2da93814cdaf	TutorialSO	TutorialTimeRunes
89ed2734-dff0-483d-bedb-7950fd5b360b	ResourceSO	BandwidthMech	Mechanical Capacity
89ee0c7e-a9ed-41e4-95fc-a97c5997b989	ModifierListVariable	XpRituals
8a107730-6f63-4884-8277-6d79eace017b	RuneStoneSO	CompulsionStone	Compulsion
8a11fa92-9901-4bff-8291-c354a9c53449	IntVariable	MaxAugmentSlots	Max Spell Augment Slots
8a15bef9-c885-4280-a883-34b2bb154f36	IntVariable	MaxEventLog	Max Event Slots
8a199f0d-48dd-4c3e-840e-d97a1b7dca4b	AttributeGroupSO	GlobalSpeedGroup	All Speed
8a1f2798-07d3-4859-9a0a-e7f752a32562	StructureSO	Irrigation	Irrigation
8a331206-e910-445f-8f9a-73fcbaae7823	ResearchSO	Overgrowth	Overgrowth
8a39edbf-73d1-4ff9-bc01-f385a1b79b42	EquipmentSO	VoltaicStaff	Voltaic Staff
8a6b9e95-d841-4418-b0e8-b6f714629e16	StructureSO	Witchcraft	Witchcraft
8a71c368-7a98-4cc6-9616-8f29413a94c4	IntVariable	MaxAlchemySlots	Parallel Alchemy Slots
8ab13352-570f-41f3-aad4-4f1e39a7d162	GlyphListVariable	EquipmentGlyphs
8ae52543-1217-4465-8686-6ecd67ceb62a	SpellRecipeListVariable	AllAvailableSpellRecipes
8af5a156-4a5c-4faa-b8eb-6f34f2ec304c	AdvancementSO	AdvEnrichTreasureTree	Enrich Treasure
8aff1c67-4209-4156-87e6-78a288dae39b	AlchemyRecipeSO	RefineInk	Refine Ink
8b06f842-eb8c-40ef-83b6-587553a51fab	TutorialSO	TutorialIronwood
8b244f18-2904-46ae-b691-dc052b140951	RecipeBookListVariable	AlchemyRecipeBooks
8b552790-00a9-4618-aab2-76bfbd76b06e	AnimationSO	HealingRayAnim
8b574bf3-3238-423e-9f38-faab7f53b06a	ResearchSO	WeaveMastery	Weave Mastery
8b67e1d7-24e8-45b5-a98d-4af9eb3ef3e5	ResearchSO	AscendAugments	Ascend Augments
8b6f4a76-5b65-4c4c-8091-112c6ce5249e	ValueModifierVariable	ScalingQuality
8b7f1c6a-6d5d-4026-a93b-241d8c665459	ConsumableSO	BlazePotion	Blaze Potion
8b810bb5-4c03-4e39-ab24-dd7664d7daa8	ResearchSO	SuperInventory	Super Inventory
8b8d1b58-73b6-4ebb-b605-13f9341301de	ResearchSO	DualWieldConductors	Dual-Wield Conductors
8b90d935-be4e-4389-98b6-60e1db2551e2	UpgradeListVariable	MagicScreenUpgrades
8ba2b577-5ed9-4a11-8ac1-db368544525f	DisplayEffectSO	UniqueChallenge
8ba3b782-82a8-46e6-9581-8097d6b9d52b	DoubleVariable	DamageReduction	Defense
8c09c905-1503-414e-abd8-7b35f4b8120a	PlotNodeActionSO	PNADarkThistleEnrich	Enrich
8c11fadc-e394-4f44-8aea-c0cba628b0e0	IntVariable	MaxAutoCraft	Auto-Crafting Slots
8c22ab93-ff32-423a-a235-f788d7528645	AttributeSO	ObjectRandomizeOff	Turn Randomization Off
8c30b7b1-d74b-489c-b9a9-dc89a973f722	AttributeSO	EnhancedDiscovery	Superior
8c4735a0-3082-4143-bd3d-5db819df8a03	StructureSO	Memory	Memory
8c49ba3b-3abc-4c88-aa92-12975343d258	ChallengeTypeSO	SpeedChallengeType
8c50dcbd-0c57-4c64-9867-54fd287743b0	ValueModifierVariable	TimeRuneLevelPower
8c64c935-5f9b-4bd6-ae32-65b73de8a51f	UpgradeSO	WhirlingSorceryPower	Improve Whirling Sorcery
8c7325a4-2369-4eff-aac4-8894b82e38be	DiscoveryTreeListVariable	AllDiscoveryTrees
8c82ec13-325a-4144-9d4e-28370b07af27	IntVariable	EnemyLineMax
8c82ee01-42ef-46c3-93ad-639036ddaa52	UpgradeListVariable	RItualScreenUpgrades
8c97ce79-28bb-453e-967e-504bdb7864c3	ViewSO	TimeChallenges	Challenges
8cd82297-c7ce-4991-9f37-006815acb624	AttributeSO	ArtifactPower	Artifact Power
8ce14969-0cab-4f72-9af3-251bc31f73ee	AttributeSO	DiscoveryTreeRitualCraft	Devote
8cf8141a-9a4b-49b6-90f7-770115c471a9	AlchemyRecipeSO	RefineOrganicEssence	Refine Organic
8cf9a9d0-a4d8-438f-b834-94706e7c7b49	ResourceSO	WeightEquipment	Artifact Capacity
8d0da536-007b-4920-ab05-fa5c4cfec953	EquipmentSO	FundamentalWand	Fundamental Wand
8d2cc689-e765-4eff-8984-23d73014d236	ResourceSO	ExpDruid	Druid Xp
8d47d7d6-a75b-4562-a710-29dbf4eae854	PlotNodeActionSO	PNACraggySpireMine	Mine
8d84cefd-25ac-48ef-8682-47e95fc17199	AlchemyRecipeSO	StudyTools	Study Tools
8d8f1331-812e-41f7-9946-57b59f10938e	AlchemyRecipeSO	AnalyzeSpace	Analyze Space
8dd8bf14-0a49-4365-b87c-a5e575353932	AttributeSO	GrowthSize	Growth Size
8de7f564-b1c7-40df-bde6-9d4eda727195	AchievementSO	ChallengeSavant	Challenge Savant
8df14ace-6aca-4a24-93b3-8f3a7df6f99a	ResearchSO	ImprovedSanctuary	Improved Sanctuary
8e0945c1-3533-44af-b935-0041479827a7	ChallengeSO	FocusImprovedCrafting	Focus: Improved Crafting
8e26f645-bf13-4b2d-88aa-6fa72658a51c	TimeRuneSO	TimePassivePersist	Passive Persist
8e55d668-aab9-4f95-a624-e9ad65cc1c3b	UpgradeSO	WizardryBeacon	Shining Wizardry
8e5bb437-529d-4072-b889-e696bb1b412f	SpellTypeSO	Alteration	Alteration
8e63d44c-5c93-4ea8-899a-a1870747b4f6	AttributeSO	ChallengeFailed	Failed
8e7d3e2f-ed88-4202-ac02-c34be669d472	AttributeSO	RechargeAttributes	Attribute Recharge
8e824ce1-53b6-40cf-8feb-0ff83b5eeb11	UpgradeSO	MysticCogntiveDisc	Cognitive Spirituality
8e8efbe6-7f0e-46ca-b793-e29e2f8eafda	ChallengeSO	BalanceQuickSpells	Balance: Quick Spells
8e979307-706c-4187-a165-e52f63090e87	UpgradeSO	AmberPaperMill	Amber Mill
8ea19922-be93-4e50-a0b1-65a14fb68ea5	ViewSO	MagicGlyphs	Augments
8ea70fd6-40da-43fc-aafa-86e1d09586b7	StructureSO	BookOfHolding	Book of Holding
8eaba3d7-3bf8-4416-b010-096ec6448e49	TutorialSO	TutorialMagebloom
8ead5f36-ecfa-4332-b0ae-f1fb51542b0a	HarvestActionSO	PlantHarvestAction	Plant
8edacf96-deb8-4113-8437-006cecdc4a2b	ResourceSO	BandwidthElectrical	Electrical Capacity
8f19b483-97a7-4579-97da-3e89af05d47e	IntVariable	NumActiveRituals	Active Rituals
8f258dcc-c39a-4d64-b915-4239e746c49d	AlchemyTypeSO	Reflective	Reflective
8f377582-6831-49ad-a396-e4a3d1b33c9c	ConsumableSO	MentalistsSalve	Mentalist's Salve
8f5c4b39-5da8-4c6e-a2af-bc5322a29e4f	ConsumableSO	MetalworkPotion	Metalwork Potion
8f6650be-1516-408b-bd31-7654ffc789bf	ResearchSO	EmpoweredEmblems	Empowered Emblems
8f6b157f-1ce6-49fc-a933-809fd89bd2ed	LocalizedStringSO	SpellType
8f75dcce-5bb4-4963-9e94-69bfcec1e820	ValueModifierVariable	Scaling_DruidrySize
8f8713d2-c16f-4982-9513-82b4674ccfce	PlotNodeSO	PlotForceTree	Force Tree
8fa63f5f-2988-435d-879e-0673a888f8a3	HarvestActionTypeSO	UtilityActionType	Utility
8fb5fcdb-83cf-4d7e-843b-5ed38b906905	AttributeGroupSO	AgromancyRefundGroup	Agromancy Refund
8fd97f50-73f5-4b07-ba93-cb0d65b4a995	ViewListVariable	PlayerLoadoutViews
8feccb71-4655-4e99-9562-bf167c568cb1	StructureSO	Craftsmanship	Craftsmanship
8ffbb801-664d-4104-824c-b89f1d0674a5	UpgradeSO	LabratoryEquipment3	Laboratory Equipment III
905015ca-661f-4d29-8570-781feb5d32ec	UpgradeSO	LearnNature	Learn Nature
908bf606-b81a-455c-bdf1-9fe097d6b8ae	ViewListVariable	AlchemistLabViews
90a92449-aa0d-4fca-848d-49ae56a8f537	UpgradeSO	ConstructionBook2	Advanced Bookcases
90b55c85-1c53-453e-9c03-e3e9309f96ed	HarvestTypeSO	HerbHarvestType	Herb
90c2114d-6492-4d5b-81df-f6785638f4ab	IntVariable	PlayerSummonMax
90d4d943-c4d5-478d-bcbe-bf5207e3840c	InstanceScalingSO	EquipmentInstanceScaling
90de310b-0fa5-47ce-a96b-0aca6a0c62a5	RecipeBookSO	LifeStoneRecipeBook	Life
90e5553b-c6aa-4f77-8f84-905ab2c80496	AttributeSO	TutorialHint	Hint
90eb2e85-f76b-4a36-99a1-9f33b26587fc	EventLogListVariable	GlobalEventList
90fc4a3b-3f3f-4337-ad8d-fe7dadb189b6	StructureSO	StudyArtifacts	Study Artifacts
9101e380-d915-4e40-a2df-e47fe6c60836	ResourceTypeSO	TemperedResourceType	Tempered
9121924d-2692-428b-9599-165224ccd899	AlchemyInstanceListVariable	ActiveConcepts
9158f56a-6098-40a4-9233-e4df7f35f381	AttributeSO	ResourceRateMaxPercent	Max Percent Rate
91710ea1-5d8c-4d77-9f21-deb6d24c0e59	AdvancementSO	AdvTimeCapacity	Capacity Boost
9185a454-8ef2-418d-96b8-d16d0969e038	AttributeGroupSO	LuckEffectGroup	All Luck Effect
91871ff0-3d72-49bc-ba84-62a0bd8bb708	TutorialSO	TutorialInfuseOrb
91997c50-afeb-4383-a177-b2b032677a70	UpgradeSO	ScholarismArtificer	Scholarism, Artificer
919bfa26-4bbf-4b09-85e1-8d88b3970c72	UpgradeSO	DiscoverAmber	Discover Amber
91b62c34-7eb6-481c-a954-2c01a87c49c3	UpgradeSO	ArtificerAmber	Amber Artificer
91ba66e9-538f-4916-8141-323d2e703e99	ChallengeSO	FocusImprovedDurations	Focus: Improved Durations
9201f809-2cf5-49f9-b4bc-1939a0568cf7	AttributeSO	EnhancementConcept	Superior
9217a5af-01ac-441e-be63-f00062f7195a	IntVariable	MaxQueuedActionables	Develop Attribute Queue
92295e0e-cb04-4557-a9f1-cc098ee9d482	EquipmentSO	ArcaneBand	Arcane Band
92305a20-4bec-49d3-9e56-c8b78065e8b2	ResearchSO	GreaterAuras	Greater Auras
923e5d93-a9b3-4642-8916-7b4847e9cde6	LocalizedStringSO	DisplayEffect
924308a0-5faa-4e2b-af30-8d22367ac6a1	PrerequisiteLinkSO	RitualsUnlocked
9246d4b0-f312-4005-b680-9d066c9572ac	UpgradeSO	DruidryHerbs	Herbalism
9271dad9-8801-47a3-bbb9-21eb85551eec	AlchemyRecipeSO	BrewExtractionElixir	Brew Extraction Elixir
9273b6b9-1db0-4ddd-b540-02bd4458196d	AlchemyTypeListVariable	AlchemyConceptTypes
9274777b-f470-4217-b647-2fc2f39af19f	AttributeSO	InsufficientRitualReqPenalty	Ritual Req Penalty
9284a330-4ea4-4c69-a992-191e1a43bdef	ResearchSO	SuperMetabolism	Super Metabolism
9293f4b3-49dd-4fd4-b13c-2bc3573c9e95	SpellRecipeSO	Crucible	Crucible
92a015c9-2231-45a8-afaa-a8feda459239	StructureSO	AuraCore	Aura Core
92aa8fd0-921e-4e77-b523-5b3decf162b6	PrerequisiteLinkSO	ResearchDependenciesVisible
92c437e8-00a0-43af-8e70-4586537d9e4d	ValueModifierVariable	StructureCostModWorkshop
92cdbfbe-262c-4298-97d1-1d8af6ef8c88	AttributeSO	ResearchReqTooLow	Negligible requirements
92deba7f-63df-46f8-b379-fb7c9457293c	ResourceSO	Ingots	Ingots
92fd86b6-f652-460d-8d2f-9d03f29b5431	TimeRuneTypeSO	RuneTypeScaling	Scaling
930e5de3-5680-467e-978c-a4a3f6856280	MusicTrackSO	CreatingTime	Creating Time
93251b8a-f9be-4f84-b963-30e6d2a27382	ChallengeSO	BoostMaterials	Boost: Materials
938565cf-4ed3-4002-bed6-ef59c538ef09	PassiveAbilitySO	StaticFieldPassive	Static Field
93ca943d-59ad-4d5a-9fa2-4e5b3f3c63e3	PlotNodeActionSO	PNAMagebloomGather	Gather Magebloom
93d69ce2-7231-4689-8bc6-ba5ccc950d0d	StructureSO	Minimize	Minimize
93df0274-ae1e-478f-9f39-b4fd6adf58d7	ResearchListVariable	ExpertResearches
940b58b1-a935-40e8-bc09-fa1f52c611e1	StructureSO	TransmutePower	Transmute Power
94123726-fb39-486a-b192-e461822d5031	TutorialSO	TutorialElementia
9441a86d-7f50-453d-a99e-f29fe4bec0fc	ScalingWeightSO	PlotNodePassiveEffect
9447c976-33fd-411d-8e11-e131670d5b03	KeyBindingVariable	CastSpell4	Spell 4
945a97ad-1518-4499-ad55-bd91b7066ffd	PassiveAbilitySO	BeamingTokenPassive	Beaming
9468bc32-960c-4d41-9c8d-bfd863067202	StructureSO	RitualControl	Steadiness
94b966d2-1480-4025-8cb9-b1adaaf0db67	AlchemyRecipeListVariable	AllAlchemyRecipes
94c16988-30fc-4a23-922d-1e08f16b771c	CharacterActionSO	FireAttack	Fire Attack
94ccbadf-2792-4287-84bd-a9efd33f8a3f	UpgradeSO	AmberAuras	Amber Amplifier
94cd1437-ca80-4694-b4ba-2cac0e380ae2	StructureSO	AmbericFortification	Amberic Fortification
94f8e6a0-9e0b-49ea-810f-483bdb434aef	EquipmentTypeSO	ArcanalEquipmentType	Arcanal
94f97c86-98d7-4692-a622-91c737209b16	StructureTypeSO	StormshaperStructures	Stormshaper
950c5e60-a591-4f21-b21e-3657f86b20ad	TutorialSO	TutorialSoul
95430970-2b79-4ea3-bb37-c782194524b2	EquipmentSO	CursedGauntlets	Cursed Gauntlets
9550808a-433c-4320-a4a4-e66e2858a362	ResourceSO	Space	Space
9574843f-d6a2-4819-b993-9f1c8f61d725	LocalizedStringSO	CombatStatus
9583391e-58d6-4ac7-b0fd-e9bd8b29d9d1	ViewSO	UpgradesView	Upgrades
95a27ac0-751c-4972-922c-cc6b8c0949da	PassiveAbilityTypeSO	ReflectivePassiveType	Reflective
95b06f7a-e361-4419-818f-85948f606bbc	PassiveAbilitySO	StormChargerPassive	Storm Charger
95b6485b-0cae-4d04-bcf6-bcfcb03f933b	KeyBindingVariable	GoToDiscoverRituals	Go To Discover Rituals
95beb7b9-dc8b-44e7-af04-fd95503b4510	TutorialSO	TutorialOcculticEssence
95c06da6-a0fe-4670-a15d-457d61d9d59b	ScalingWeightSO	CharacterScaling
95d718f4-3a05-4249-90e8-bd8f6999a12b	KeyBindingVariable	UseConsumable3	Consumable 3
95e42032-9983-468e-b9b6-79a4e66cd2f6	ConsumableSO	StarBrew	Star Brew
95f0d637-8f52-4f44-8f10-74c854dba89a	ChallengeSO	BalanceBigCrafts	Balance: Big Crafts
95fa39c8-5873-4a7c-ab7f-5d1a74a565e2	TimeRuneSO	TimeGlyphicScaling	Glyphic Scaling
9601ca60-6a5d-41ae-9b9b-dc5b6cac1731	AchievementSO	RuneRevolutionary	Rune Revolutionary
96065397-5f5b-4670-8a53-c64d831c8ff6	BoolVariable	ShowCompletedResearches
96074f46-91d3-4327-bac8-426d4611fad5	ChallengeSO	SpecializationMystic	Specialization: Mystic
9607f752-f1e5-41d6-9c7d-c8cc3ede5eb4	UpgradeSO	DiscoverSoulshards	Discover Soulshards
963deef7-78c1-44e8-b7c8-f13081fbf310	LocalizedStringSO	EquipmentType
9644849d-b7f8-44e8-887e-b7a2b95cd60d	ModifierListVariable	ConceptAdvTime
965ce715-1acf-4202-84b7-d24b72d35539	PlotNodeTypeSO	PlantNodeType	Plant
9691552e-4646-48fc-b883-1c04fceb1c24	UpgradeSO	DimensionalShaper	Dimensional Shaper
9693082a-9776-4e48-a20c-62de743fe7bc	AttributeGroupSO	LuckPenaltyGroup	Luck Penalty
96de6da2-a891-4830-bcb9-abd4217e80ba	AttributeSO	ObjectRandomizeOn	Turn Randomization On
96eab55e-b579-4d8c-9442-0183fe730342	AchievementSO	RestoreTheWorld	Restore the World
96f446af-0601-41de-bbef-383def25158c	UpgradeSO	PlanningThaumic	Planning, Thaumic
96fa030e-582a-4ab4-926f-eb63229572d3	ChallengeSO	BalanceBigAttributes	Balance: Big Attributes
97047076-396f-444b-9fdb-9da136740134	IntVariable	DruidryLevel	Druidry Lv
9707a8a8-bddf-4dee-83ab-0cfbfd197818	ResearchTypeSO	EnduringResearch	Enduring
970d90a0-f6b4-4881-8003-7572bea9ad91	CharacterActionSO	DeathAttack	Heavy Blast
9746b42e-1b57-4f98-8ba4-f64b4c34d8c1	ViewSO	ScreenMagic	Magic
97687848-f3be-44c8-ab41-8f026864828a	UpgradeSO	DruidicTalismanControl	Druidic Control
979b93de-e0de-4161-b344-3432b9e9ce62	RasteredThoughtListVariable	RecentRasteredThoughts
97b47249-3ddb-45c5-913f-5e146a9e644e	StructureSO	DruidicTalisman	Druidic Talisman
97cae730-8be9-4e8f-927b-f108bb0efb3a	UpgradeSO	ConstructionSigil	Sigil Crafting
97e81a9e-471e-4179-90de-2c777212b99a	AttributeSO	RatingCutoff	Multi-Proc Threshold
97ff402b-8d48-4454-b39a-cbd8b5b78c5f	ViewSO	PlayerStatsGroupAttr	Group Attr.
981c23bf-bb1f-403c-9cb0-bb045ba40d60	ResourceSO	DivineFragments	Divine Fragments
9824b152-2823-4229-946b-e9f8372c4b0b	ChallengeSO	FocusImprovedLuck	Focus: Improved Luck
9826c852-8fd0-4efe-a1fe-2caa00a3c1d3	AlchemyRecipeSO	BrewDeconstructorsSalve	Brew Deconstructor's Salve
9853d533-6fde-4373-91b2-948aa2017554	ResourceTypeSO	HexedResourceType	Hexed
9880d1f1-8511-4245-8989-75f1cc61fa36	UpgradeSO	ConstructionCognitiveDisk	Cognitive Disks
98b5a31f-3af1-4bdb-b957-b71ad782d474	RecipeBookSO	ExpansionRecipeBook	Expansion
98b5d720-8c39-4115-97ce-dab30c0da6d7	ScalingWeightSO	BrewingExp
98be3318-e27c-45e5-af37-338d34c7b416	ScalingWeightSO	AlchemyScaling
9959b506-4430-4278-a17c-210b6d5675cd	ChallengeSO	SpeedRituals	Speed: Rituals
998b74d7-c9f9-4abb-923f-b7950439bb20	ModifierListVariable	ResearchInvestmentExpert
99937e5e-37e7-44c1-ac51-3edc87735966	ResearchSO	TechBrainiac	Tech Brainiac
99a0da45-6a7d-44a7-ad32-4db8577ff2eb	UpgradeSO	ScribeScroll4	Scribism Scrolls IV
99c2047a-95a6-4039-9966-2c3ef22e5972	DiscoveryTreeSO	TimeRuneDiscoveryTree	Time Rune Discoveries
99d7942c-d767-4f68-ba6f-c3cbecb86647	PrerequisiteLinkSO	CraftingUnlocked
99d9b376-3b47-43eb-9e99-cbcbfea0ce86	SpellTypeSO	Charm	Charm
99ddb878-2ea8-4ee3-a9fd-8fe27b0a442e	ViewListVariable	AlchemistAlchemyViews
99eff5c0-f27c-4794-9b3c-d3eb7ec01798	ConsumableSO	LoadStone	Load Stone
9a1decb8-f569-48bb-ad94-23a633a16d21	StructureSO	GhostlyPresence	Ghostly Presence
9a5082d9-7328-41d0-be44-4b6b038644ce	DoubleVariable	EquipmentExperienceRate	Artifact Mastery Rate
9a99282a-e597-48cb-90d7-29139773952e	SpellRecipeSO	ExpandMagic	Expand Magic
9ab31b94-df24-43c0-9e92-dbad163ef76d	UpgradeSO	LearnRefinement	Learn Refinement
9ac43103-ce35-4469-976e-501594e19873	AdvancementSO	AdvBlitzBerry	Blitz'd Up!
9adcfce4-2190-4737-836d-28461e064595	EquipmentSO	AmuletOfAgility	Amulet of Agility
9b1d3e2d-3e13-41a0-bb96-7a720a033ebf	ScalingWeightSO	SpellAugEffectGreater
9b25629a-0cb7-4137-b5df-3fd0d3032e1c	AttributeSO	CancelResearch	Cancel Research
9b27c5ea-a8eb-4716-a7d9-16673d65287b	ResearchSO	ArtifactWeapons	Artifact: Weapons
9b3af688-ed2a-423a-a63b-c06c9d762b7e	CharacterAttributeSO	DamageReductionFlat	Flat Damage Reduction
9b687863-afa8-46cd-ac94-c54f8070bd54	AttributeGroupListVariable	AllAttributeGroups
9b6d780e-d78b-4211-a8a8-de550b408587	AlchemyRecipeSO	StudyMagic	Study Magic
9b6f1510-ab97-41a2-a85e-237b6711a937	ChallengeSO	WeakenedAlchemy	Weakened Alchemy
9bbd28ca-f182-4960-817d-49101a7aa886	AttributeSO	RitualSpeed	Ritual Speed
9bbe3608-b69e-4d61-9779-b104f8fdaa51	AdvancementSO	AdvFrugalFig	Frugal-itious!
9be4b78c-01e3-4ef4-ad77-a5ab735019d3	ViewSO	WorkshopStructures	Workshop
9c0a2b96-45fa-4aca-83ba-8efad8895608	CraftingRecipeSO	CraftScrollPower	Power
9c1f1a17-5a03-49e3-8d9f-a708a70b4426	EquipmentSO	AmuletOfLuck	Amulet Of Luck
9c22d05c-d6af-4d1f-8e6f-a33b7248467c	EquipmentSO	ArtificersRune	Artificer's Rune
9cabe820-71b9-4250-a7a0-3b9e00e03453	AttributeGroupSO	GlobalSpeedSpecialGroup	Special Speed
9ce9c858-2797-4abc-a5ec-ca91d185dc12	UpgradeSO	ScholarismConcepts1	Improved Concepts
9cfb2e96-ee2f-4001-8397-7c1680ab9573	ViewSO	ScreenRitual	Rituals
9cfbf7cd-f812-4c82-8163-8af86a579b58	AttributeSO	RecoverySize	Recovery Size
9d18cdb3-c9a1-4b1f-8010-24558a26567f	ResearchSO	ImprovedArtifacts	Improved Artifacts
9d2d6123-b883-4442-848b-45dd44bbfc47	PassiveAbilityTypeSO	ChargingPassiveType	Charging
9d35258a-6808-4300-9680-18f9d19bee06	TimeRuneSO	TimeMagicTempo	Magic Tempo
9d502f65-c1aa-4e11-9bae-a9b585340702	AnimationSO	SolarFlareAnim
9d59c875-bf08-43bf-b1ca-c666924ed1bd	LocalizedStringSO	ResearchDevelop
9d9379e8-5a41-44e4-8677-309bbe9085e5	ConsumableSO	ExtractionElixir	Extraction Elixir
9d9ead09-b272-4909-bcf4-70926307f457	StructureSO	SpiritStone	Spirit Stone
9dd2cfbf-2a9a-426a-ad89-41c868eac16b	ResourceSO	PointsEquipment	Artifact Upgrades
9deda581-40ce-4cc7-84b1-fa7e6aafdc4c	PlayerLoadoutListVariable	PlayerLoadouts
9df42ea2-dcfb-4383-84cf-b3dd795f860f	GlyphSO	Weapon	Weapon
9e0176b6-e4e1-4637-ab3f-4c9e4004de5a	DoubleVariable	TimeSinceLastSave	Last Saved
9e08e06e-5a40-4dd6-8ecb-b93f29212b1e	DoubleVariable	VolumeMusic
9e468d4d-e139-406d-88f0-2d7268666a26	HarvestElementSO	OrganicMaterial	Organic Material
9e52eb54-e62d-4992-9dfe-6c29c7ab08a2	TimeRuneSO	TimePersistBoost	Persist Boost
9e73dce0-19cf-462b-a2b4-f8b9c16afc93	UpgradeSO	WizardryArcane	Arcanism
9e82ab01-7709-434f-b8b8-f08e77c39633	TimeRuneSO	TimeGlyphicTempo	Glyphic Tempo
9ea5d6e1-739b-4dec-832b-f5f3ba3ad2ca	ViewSO	ScreenScholar	Scholar
9ea78fb7-5fbc-4022-8025-f0b413684761	DoubleVariable	TimePlayedThisReset	Time Played this Reset
9eaff5c8-ad10-462e-9437-b24f47acd9d4	ValueModifierVariable	ScalingWorkshopSpeed
9ebff8e7-296f-4104-b7c5-3b1cac31bf24	DoubleVariable	TimerRituals	Rituals Time
9ec73211-ddb3-4d68-80ac-fb4807b6d60a	AttributeSO	Quality	Quality
9ec75f9b-e074-44fc-b7be-05cf556847ad	AlchemyRecipeSO	AnalyzeBlooming	Analyze Blooming
9ed146c6-de61-4ed1-9654-3f0728f4e553	AttributeSO	StructureRank	Attribute Rank
9f068bad-f3a0-47de-84f4-407e67622fe1	EnchantmentSO	EnchantSpeed	Speed
9f11a047-5533-49d6-8031-456cb195deca	PlotNodeActionSO	PNAEmptyPlotPlantSeedling	Plant Seedling
9f18340c-ba34-4571-889d-ce4ce7b61f3c	AchievementSO	PerfectInventory	Perfect Inventory
9f3fa1ea-58df-4354-8ab6-daaac1ece536	AdvancementSO	AdvEnrichElementiaSpring	Enrich Elementia
9f59d7c1-57dc-4f53-8afc-2891b91bef98	GlyphSO	Enchant	Enchant
9f6fdb62-d7a5-4759-9bb7-a945496e4436	StructureSO	Forge	Forge
9f83e5ee-ed97-4b4d-b590-f7cc3f00594b	KeyBindingVariable	TabRight	Tab Right
9f9bede2-e2e2-4d01-b888-d8be9aaf3c0a	ResourceTypeSO	BuildingResourceType	Building
9fa34634-2aff-45c0-8a90-1cf77847618b	HarvestActionTypeSO	GatheringActionType	Gathering
a00d6926-6d9d-487e-bede-690de4984b15	StructureSO	MagicBotany	Magic Botany
a0104572-146e-44bb-8919-3f81912adfb5	EquipmentTypeSO	CloakEquipmentType	Cloak
a02fe3cd-06e6-479b-b2d2-c4adcf5c2b7b	IntVariable	MaxEquipmentSlots	Equipped Artifact Slots
a03ea979-3ec1-40fd-8383-4b86950a7bd8	UpgradeSO	BooksEctoplasm	Ectoplasmic Covers
a0462c4f-cb57-4221-9273-cbebafd71cc2	RuneStoneListVariable	AllRuneStones
a0524f14-63fd-40d4-9ea9-35a4722195b3	RitualSO	Growth	Growth
a05be025-a724-4806-8da4-0254ad4a24eb	AlchemyRecipeSO	AnalyzeHexed	Analyze Hexed
a08876ae-d70d-43f6-94ef-59fbcb84e888	ViewSO	RitualBench	Ritual Bench
a0a33307-0576-45b1-8b41-36ec464eb928	ResourceSO	BandwidthTempered	Tempered Capacity
a0ab9223-6905-47d7-8c2f-efb7ec803ad2	ResearchSO	RitualChaining	Ritual Chaining
a0ca2120-e4fa-4e5f-99c7-4eedb8227789	RecipeBookSO	BiologicRecipeBook	Biotic
a0d7fbff-a2cb-4c85-91d1-b7537de0aad4	UpgradeSO	GravityUrns	Gravity Urns
a0db7e00-3691-4a5a-9a60-5405beb071bb	StructureSO	Metabolism	Metabolism
a0ef70dc-80d6-4902-b055-5cc37973cbd6	AlchemyRecipeSO	RefineOcculticEssence	Refine Occultic
a106a9fc-dd1f-46ca-a005-4cec5d67a52d	UpgradeSO	DiscoverPropagation	Discover: Propagation
a11421b2-d11b-4661-9d62-c2908ff33009	ConsumableSO	ThreadsOfProtection	Threads of Protection
a1615742-d153-46ca-9ca2-8b4e624d4ee2	LocalizedStringSO	LThoughtAwakening
a16c0b44-a720-411b-ad53-4b8e407dce7f	TutorialSO	TutorialWorldAspect2
a171e253-e79e-45bf-900b-abe559df2087	ResearchSO	ConvertAbility	Convert Ability
a1799c52-f9ff-4556-b052-f577ac3e7270	ConsumableSO	ContinuousCoconut	Continuous Coconut
a1973ccd-ae36-4245-8ddb-81c72b99c7f9	DisplayTypeSO	Information	Information
a19ca626-bdc3-4565-a973-4c5441815591	ResearchSO	ResearchEnchantments	Alchemical Enchantments
a1a23472-56c4-4d94-815a-5358cd1e11c2	UpgradeSO	Conceptualization	Conceptualization
a1a9ffc2-c629-49dc-968f-db364fb99fbf	StructureListVariable	AllStructures
a1afb6eb-bc9b-4e93-8ad8-33d642c8056e	ViewSO	MagicSpellbookManage	Spells
a1c340c2-ab55-4a91-9f66-6bcdd7802ac3	EquipmentSO	ReplenishingCask	Replenishing Cask
a1c865ab-5fe3-47f3-9c71-0292d9f9cb7b	ResourceSO	BandwidthOccultic	Occultic Capacity
a2015dca-451f-43f6-af36-4d78c76e2765	AttributeSO	TimerSingle	Sequential
a205b198-a586-4a62-8790-22f84fa600e1	ChallengeTypeSO	BalanceChallengeType
a230689b-f9bd-40d2-bfdb-411e9ec64699	AlchemyRecipeSO	StudyTalent	Study Talent
a25a38da-862c-4715-a549-29943e5a04b4	ValueModifierVariable	StructureCostModBase
a25d8012-c319-4a88-96f5-946964b68667	AttributeSO	ObjectInspect	Inspect
a2628e10-6632-4957-9230-872f93ccdb10	ChallengeSO	BalanceBigItems	Balance: Big Items
a2688a45-91e5-4de2-8009-350734ffd1c0	ScalingWeightSO	FruitAdvScaling
a282e50a-5409-454e-8557-b2987d67d78f	TimeRuneTypeSO	RuneTypeMeta	Meta
a2973494-98a6-439b-99be-84de67cf04f7	PrerequisiteLinkSO	TimerWorkshop
a2c95017-f333-4ff9-9c57-6c6093f4f988	IntVariable	MaxDruidryLevel	Max Druidry Lv
a2ee8982-fe61-4738-a91f-7ceef9255942	AttributeSO	GenerationSplash	Splash
a30cb9c1-04ff-443f-b514-61963c90b2d3	PassiveAbilitySO	EssenceAmuletPassive	Essence Amulet
a3218912-ac8a-4589-a74a-9ab2c078cf19	AnimationEffectSO	ImpactClaw
a33a10b9-22eb-422a-9dab-83fea6100c74	AlchemyRecipeSO	StudyOccultic	Study Occultic
a36f6160-683b-47a8-8182-2507c18e2e87	ResourceSO	Amber	Amber
a370cd73-e0a2-4465-bc02-6c84b8d57081	ResearchSO	AscendDragon	Ascend Dragon
a3846a4c-994a-4c3f-b751-b724adab683a	AttributeSO	InsufficientAlchemyReqPenalty	Recipe Req Penalty
a3999d69-f04e-4c7d-8c03-38633366ee9a	AchievementSO	PerfectScribing	Perfect Scribing
a3b2379b-dae0-4eee-b46a-33e5e8d4d96e	GlyphListVariable	SelectedAugments	Selected Augments
a3b55525-a07b-41f9-aca9-1a77814fb179	AnimationEffectSO	RayLightningSmooth	Ray Lightning Smooth
a3bd700a-70cd-42ff-8ca9-6170c69b5ee0	AchievementSO	PerfectSoil	Perfect Soil
a3dc0e19-1a42-4174-99d6-cca27b6161f8	ConsumableSO	StablizationPotion	Stablization Salve
a3f9337d-070a-4579-a1d3-633a565c938b	AttributeSO	LoadoutEquipmentSelected	Equipment Included
a40ff2df-9ab0-4d0c-853e-eabcfa2d4ae6	DoubleVariable	ResourceOverflowLoss	Resource Overflow Loss
a4202642-48bb-4d76-8d82-849b52b62fe8	StructureSO	Reap	Reap
a42500e9-2fb4-4f73-a5ea-d9a47acbe1e9	TimeRuneSO	TimeUnderstandingPersist	Understanding Persist
a440b786-2175-40c6-98f7-d2c4f91c4138	UpgradeSO	ArtificerDarkThistle	Dark Thistle Artificer
a46f792c-b5b9-476f-abcc-5235519381d5	DoubleVariable	AlchemyXpRate	Alchemy Mastery Rate
a47814da-85ba-422a-be2e-71672c02d96b	EquipmentSO	Ambiator	Ambiator
a48ecd67-08af-4b50-a128-08c3fdcf1ebc	StructureSO	StormReserves	Storm Reserves
a4a02a8f-6573-411c-a30c-6d9bcee12605	CraftingRecipeSO	CraftScrollAdvancement	Advancement
a4b549aa-caee-49de-8bed-3fdab3bd2907	KeyBindingVariable	GoToManageSpells	Go To Manage Spells
a50895d9-5951-4273-a859-89809a82d115	AttributeSO	CraftingStartingLevel	Starting Level
a51ccef5-9806-41cf-b0e7-348b970a840e	RitualSO	Spirit	Spirit
a524dc74-c33b-42e8-bb2f-52da26ec4cdf	CharacterActionSO	SummonBlaster	Summon Blaster
a55542cc-2914-4d3f-9ed5-f3170ee1f672	UpgradeSO	DiscoverHexsteel	Discover Hexsteel
a565a048-a875-433f-b27f-c780ef5b9907	PassiveAbilitySO	EmblemOfFormationPassive	Emblem Of Formation
a5673dc0-a0e4-434a-8b44-229775fbadd1	AlchemyRecipeSO	BrewPowerPotion	Brew Power Potion
a56d09c7-5684-4ee9-a03f-960680b6ac75	IntVariable	RitualMaxChain	Ritual Max Chain
a570e255-5f20-4a4a-99be-e241e87229f7	TimeRuneSO	TimeElementalPersist	Elemental Persist
a59728c5-cd5a-4037-8163-df4c0079d3af	ResearchSO	SuperCasting	Super Casting
a5b4d251-1704-465b-beca-832bb0ecca5d	UpgradeSO	ScholarsBookNatural	Natural Holding
a5cacc78-78d8-46da-9616-5f2ced37c2d9	UpgradeSO	ConstructionBookAlch	Alchemical Bookcases
a5cf4748-27c8-4d59-9013-cc11331e8e56	ValueModifierVariable	ScalingWorkshopAura
a5d39f13-831c-44d8-9f84-663fa276933b	ChallengeSO	SpecializationDruidry	Specialization: Druidry
a5ebcbeb-d5e3-4fcd-9a64-3274f4a48336	DoubleVariable	GlobalStructureCost	Attribute Cost
a5ec469e-43ea-49c1-91cb-d058786875c2	GlyphListVariable	AugmentSpellGlyphs
a6188355-5b06-4787-82db-8d07f2800b5a	AttributeSO	DiscoveryTreeSpellcraft	Spellcraft
a637322d-a1ec-47f4-ac57-ebfaaf22b8d9	AttributeSO	AlchemyMasteryLevel	Recipe Mastery
a63d38a1-016e-46fb-b9f7-4702f76573b3	ModifierListVariable	ResearchInvestment
a66f6e75-cd97-45ef-a477-7d42c29cec4c	AdvancementSO	AdvTimeAbility	Ability Boost
a67516a5-05b8-4f7b-bc4d-ba25f1a996d7	CharacterActionSO	StunAttack	Stun Attack
a67aa652-8071-457b-8b34-c0bc2adc4c5e	AttributeGroupSO	AlchemyDrainGroup	Alchemy Drain Cost
a693d5d0-a7a4-4952-9e70-8985fe919718	HarvestElementSO	ForceTree	Force Tree
a6abd55a-ae21-49d0-b87c-e6fac455db4c	DoubleVariable	DiscoveryRarityRatingLimit	Rarity Rating Limit
a6def858-9b59-448a-8aa8-514a503c11f4	KeyBindingVariable	InspectTooltip	Inspect Tooltip
a6e48100-dc73-419e-884c-51f02d304f83	UpgradeSO	LearnRunic	Learn Runic
a7104599-ac25-4ccc-9fc8-07d6fc0fcadc	TimeRuneSO	TimeCapacityPersist	Capacity Persist
a727b422-34f7-4a57-9f5b-3d9334d7df75	SpellRecipeSO	BrainBiscuit	Brain Biscuit
a743549e-4deb-4072-94b5-46387497e9b2	AttributeGroupSO	LuckGroup	All Luck
a7482661-2543-4a35-9ac3-3749a31a9f52	GlyphSO	Small	Small
a772aa83-e66d-421f-a0be-c80b556287cf	AlchemyTypeListVariable	AllAlchemyTypes
a7856432-af25-484f-84e5-cb7b3e86c867	ChallengeSO	BalanceQuickStart	Balance: Quick Start
a79918f3-d099-47c7-ad97-45c8a4ddf3a9	StructureTypeSO	DimensionalStructures	Dimensional
a79ac548-f679-4396-bcda-d1e9789822fb	SpellRecipeSO	Scry	Scry
a7d5688e-b2ec-431f-a0c7-6d52c8731245	ViewSO	MagicAugmentGlyphs
a7f6db27-ab22-45f1-bce3-a208acd7823d	StructureSO	AlchemicNotes	Alchemic Notes
a8022530-5907-459d-9b10-7feb46be07b0	AttributeSO	SpellUpgradeLevel	Upgrade Lv
a80e03c1-6da1-4b2c-9b2a-0ae287653ddf	StructureTypeSO	FlameweaverStructures	Flameweaver
a80e7e0d-9bd5-481d-88fd-27fd2033d4f4	ScalingWeightSO	ResearchScaling
a86c1877-5734-46f4-860d-ab6e121fc640	CharacterListVariable	EnemyFrontLine
a88fadb5-d0d6-4029-a08f-27b800d1dbb9	TimeRuneSO	TimePhysicalScaling	Physical Scaling
a8969346-8df0-44e6-853f-b9660b482808	AlchemyRecipeSO	LearningEnergized	Energized Learning
a8c6732f-3794-4a72-971f-4e5b40931771	UpgradeSO	LearnBrewing	Learn Brewing
a8cbd47d-d5a9-4097-9111-5fda9a47fd00	PlotNodeActionSO	PNAOakTreeEnrich	Enrich
a8cde266-8795-45f9-a41a-392cd55ce98b	DoubleVariable	SpellCost	Spell Cost
a9257067-f509-485f-af0e-c27c98037f6a	AttributeSO	SpellCastSpeed	Casting Speed
a92ffdce-9d51-47b7-9709-367c7787002b	ResearchSO	AugmentMastery	Augment Mastery
a97fc096-6654-45fd-b272-a84b597367e4	EquipmentSO	ReapersHatchet	Reaper's Hatchet
a985f275-90cc-4644-89cc-6553519e72b7	PassiveAbilitySO	ExplosiveElixirPassive	Explosive Elixir
a98e5e7d-3bf5-46cf-a6df-73747ed57797	TimeRuneSO	TimeAbilityPersist	Ability Persist
a9a4dd71-53cf-405c-b9c3-6d252308fe9b	RecipeBookSO	InsightRecipeBook	Insight
a9a9e275-8fe2-4cbf-9bbc-74dcecfce582	PlotNodeActionSO	PNAVoidMossDreamberry	Create Dreamberry
a9ad060e-a2eb-4120-8b01-fe86a2acf13d	IntVariable	SaveSlotSelected	Save Slot
a9b3cd6e-4991-404b-9877-1b2f3910e0b2	ResearchListVariable	TechResearches
a9e4e298-c96f-4ac2-bf4a-d7e61c2807e6	ModifierListVariable	SpellTypeXpPerLevel
a9eb8449-d9e1-43d1-8906-7c40a1be1197	AlchemyRecipeSO	AnalyzeElemental	Analyze Elemental
aa00cc47-69e3-4a7e-8ca8-581c3c393e16	SpellRecipeSO	Disintegration	Disintegration
aa14168d-66ba-4738-98c3-4d1c03762b79	AchievementSO	PerfectAuras	Perfect Auras
aa66db2e-8dfa-414d-b2cf-39be9a894ce7	UpgradeSO	ChannelSparkSpeed	Channel Spark Speed
aa6e6de4-6e61-4917-9cd8-c827d66e83c4	PrerequisiteLinkSO	AgromancyTiers
aa7b6617-c1ae-48aa-bd01-75634c38b801	StructureSO	ForceTotem	Force Totem
aaa38a97-4ea1-4ee1-afd8-bdd1193704fe	ModifierListVariable	ScalingLight
aaa8fae8-9e12-4a4c-895c-eb6037753f74	StructureSO	Engineering	Engineering
aabf95d1-cbdf-4065-9426-56e01e564022	StructureSO	InfusionHeated	Infuse Blaze
ab18e539-4f90-4b90-98af-37a8c5113d24	EquipmentSO	SpecialtyGloves	Specialty Gloves
ab1ca343-0494-4854-85b0-f6611c957e8f	StructureSO	DruidicAttunement	Druidic Attunement
ab377263-0e7f-4d10-b01b-2ad47f743744	ChallengeSO	BalanceImSpecial	Balance: I am Special
ab4397c2-8247-49fe-af15-8121836da886	AnimationEffectSO	RayMagicParticle	Ray Magic Particle
ab7f06df-4703-4496-9ee6-a7e8d79d006a	ModifierListVariable	RitualWeightWave
abc35d84-e367-4cbb-a5d3-d5892b44fa31	EquipmentSO	AnkhOfSummoning	Ankh of Summoning
abd7837a-415e-42a0-98ae-16d0c6e3a186	EquipmentSO	DarkRage	Dark Rage
ac41a7c3-497e-4726-9be8-f7ef43fab480	SpellTypeSO	Druidic	Druidic
ac6370f3-a586-4567-b37f-93ed652beec5	DoubleVariable	RitualCriticalRating	Ritual Crit Rating
aca35250-c746-46fc-bc68-2674bf1cee1c	StructureSO	Dowsing	Dowsing
acba511b-f079-4ea8-9ad7-3d1f34af5346	PlotNodeSO	PlotCraggySpire	Craggy Spire
acca6fce-f198-49c0-8506-54d1be23f73a	ResearchSO	GreaterBrewing	Greater Brewing
accf9abb-d916-4fdf-96d7-1b1d5fdd548c	ViewSO	MagicSpellbookLoadout	Loadout
ad06ec04-971a-42b2-a87a-79a1a679161b	UpgradeSO	DiscoverProtectionPotion	Discover Protection Potion
ad490ed1-804a-4d42-8f00-2e61b4871dd1	UpgradeSO	CreateWorldPillar	Create World Pillar
ad5fedf6-9208-4058-84bc-ecee8adb9104	UpgradeSO	ScribeScroll2	Scribism Scrolls II
ad826e3d-be4e-407f-a7dd-1658d14f9f5d	AlchemyRecipeSO	TransmuteArcanum	Transmute Arcanum
ad831152-e758-455b-8741-5fefc8c8e3d9	EquipmentSO	ProtectorsBrace	Protector's Brace
ad896268-9998-4029-8ad5-26489a01040c	SpellTypeSO	Expansion	Expansion
adbfb892-bc21-44dc-8074-726bfc681448	AchievementSO	PerfectTransmutations	Perfect Transmutations
ae0299f5-2713-46c8-9033-1aca449a02eb	FilterVariable	SpellRecipeFilter
ae722ceb-75fd-4177-9ef4-08bb710cf27b	ValueModifierVariable	ScalingXpBoosted
ae77ae1f-9485-437f-8376-15711c373398	TimeRuneSO	TimeResourceTempo	Resource Tempo
ae8ba694-7f64-4f30-8a7e-dd609fb2c280	CharacterListVariable	PlayerSummons
ae9f0f9c-e5ac-4857-841c-46343fc78443	UpgradeSO	Wizardry	Wizardry
aeb24e2e-60ef-4da1-8bf8-66412b61dc4e	TimeRuneSO	TimeUnderstandingTempo	Understanding Tempo
aedca5b3-f591-4758-b7af-973b5d12f1b3	StructureSO	Communion	Communion
af01f2b0-097d-45dc-a9c3-a2d7ab93f107	AttributeSO	ConsumableBonusLevels	Bonus Levels
af2b57d1-f191-45c2-8ee8-4e589c2858a2	PlotNodeActionSO	PNADarkThistleGather	Gather Dark Thistle
af329fdb-7389-449b-a3b8-b6ecc4384b5f	StructureTypeSO	ArcanistStructures	Arcanist
af40da52-4a75-420c-a88d-008c3f5fc443	HarvestActionSO	MiningHarvestAction	Mining
af5be316-846c-4b69-9bfa-1ff63ff7c2d2	ConsumableSO	DivineStone	Divine Stone
af65bc96-d77c-4f76-843d-d933e23ccbd4	ResourceTypeSO	MetalResourceType	Metal
af661273-3770-4e50-bf9f-13998b012422	AttributeSO	CreateArtifact	Create Artifact
af77a3ea-f2f7-41f9-9b63-a118a6073a76	RecipeBookSO	ArcaneRecipeBook	Arcane
af88a1f9-9880-44f8-81f7-2d776586ac7f	GlyphListVariable	AllGlyphs	Known Glyphs
afa55b4b-2ab7-4a1a-824d-e3a009f15fbc	ConsumableSO	ManaPotion	Mana Potion
afabf1ff-84b2-4282-8bd3-8cb83d863d7a	InstanceScalingSO	EquipmentExpInstanceScaling
aff0170a-1d3e-4117-a62f-cd37f5bac4a8	PrerequisiteLinkSO	AutoBuyerUnlocked
aff4657b-1499-4cdf-9902-f28e29925622	CombatTargetSO	TargetEnemy
b00dee3d-5095-484e-9226-439d9ed7d2d1	CombatStatusSO	Slowed	Slowed
b01f50d6-8e24-4a55-98a7-43c32baff8e4	StructureSO	Clearcutting	Clearcutting
b0294c2d-cd4d-4251-a395-b202fab079a4	ConsumableSO	ManaGem	Mana Gem
b0387ddd-2bd8-4799-8cd0-f8c624458930	GlyphSO	Magnified	Magnified
b03e7e6e-399e-4afd-b5c1-01e4b12cb6db	AttributeSO	ReverberateTime	Reverberation Time
b0406c07-0717-409c-9e07-61631157e507	StructureSO	InfusionEnergetic	Infuse Spark
b055a3db-639f-455a-ae21-c81e6ccf95aa	EquipmentTypeSO	SearingEquipmentType	Searing
b06412ca-0902-4e64-8f60-b47b95417dd4	AttributeSO	AttributeAutoBuyerOff	Auto Buy Off
b06cf01e-8d4d-49f4-9486-2602c7819b35	ConsumableSO	MagicMango	Magic Mango
b096ccd2-7ff4-4ac2-8cc8-da215677e299	AttributeGroupSO	AllDurationGroup	All Duration
b0b05d7d-3dca-41e4-a4fd-6ac31a9c324f	AdvancementSO	AdvLoadStone	Loaded
b0cfb7ad-2fc1-45ca-ad7d-d14b2fd359fc	AlchemyRecipeSO	LearningCharged	Learning Charged
b0ea7971-7b35-432a-b267-c06948af351e	AchievementSO	PerfectTools	Perfect Tools
b11072bf-7980-4e23-bc6c-8034ba09b925	ResourceSO	Mana	Mana
b1258385-6b8c-4dce-98dc-fc90bfe05d7f	AchievementSO	BountyBoard	Bounty Board
b13673fd-2ac6-488e-8a4a-410586b3e3ab	AlchemyRecipeSO	EnchantEssence	Enchant Essence
b14b178d-3f7f-462a-9069-a4016d97760e	MusicTrackSO	BreakingThrough	Breaking Through
b15569e4-f850-4f60-a3ef-f04b0f0ef58f	EquipmentSO	HeavenlyRobes	Heavenly Robes
b15690ab-828c-42b9-ad69-70f169a45961	CraftingRecipeSO	CraftScrollDevelopment	Development
b17fe5f9-826a-43ee-a903-d366f5c9da03	LocalizedStringSO	EquipmentText
b1a73a69-9735-4720-96fe-9e304ad0b949	StructureSO	ScribicAura	Scribic Aura
b1a75fad-050d-4ac5-b47f-f12b696d53c1	SpellTypeSO	Divination	Divining
b1b7d331-587a-4b4c-87cf-4a8f57c8256b	CraftingRecipeSO	CraftSigils	Sigil
b1cc592c-b923-4a3b-b107-28fcfd8cffcf	AttributeSO	ArtifactLevel	Artifact Level
b1cf414e-ae5a-425d-8a0e-4ce11b79017a	StructureSO	AlchemicAbility	Alchemic Ability
b1dba771-bbad-481c-978b-b0a899cdfbfb	ScalingWeightSO	GlyphOnCastToken
b1f57c7c-0da2-4941-be3d-2d8c451d400b	ConsumableSO	ProtectionPotion	Protection Potion
b2232a7d-5c97-44c9-9520-686e99fa8293	ConsumableSO	ScrollSpeed	Scroll of Speed
b24ed4bc-875e-464e-aaa3-0f0b38333c06	GuidVariable	SelectedEnemy
b254b829-6e5a-4ef6-941e-ff86e7779eda	AttributeSO	HarvestErraticQuantity	Naturally Occuring
b2619f9b-e204-4475-a55f-0cfdac39b86a	TimeRuneSO	TimeUnderstandingScaling	Understanding Scaling
b2622216-cb08-4f1a-93d1-b14250f4a8e5	UpgradeSO	ScholarsBookEssence	Scholaric Essence
b26aad49-ca38-412d-84cb-41eaad9302b3	StructureSO	ReservesCore	Reserves Core
b29d5ed3-aca9-4546-80bd-de153840ca14	UpgradeSO	LearnConductors	Learn Conductors
b2b0f774-2393-4340-b45d-3b65ec14d4bf	ResourceSO	PointsCognitive	Cognitive Advancement
b2c274cf-af32-480a-82a0-1a2c3f79a817	ViewSO	PlayerLoadoutSpells	Spells
b2e50fd7-d7a7-4007-9d8b-61a7e088f0a4	TimeRuneSO	TimePassiveScaling	Passive Scaling
b2ffe3d8-fe82-4dc7-aea8-d6e65ace9d36	IntVariable	MaxLoadoutSlots	Max Spell Loadout Slots
b32c71ff-87de-4b3e-8198-8f9469af773b	ScalingWeightSO	AutoAttackRepeatScaling
b32ffd90-9ec2-4de6-9a66-6b98933e3b3b	SpellRecipeSO	Meditation	Meditation
b335239d-b7b9-4ada-adf5-347c09e3e28c	ResearchSO	GreaterPsionics	Greater Psionics
b351bf2a-71b0-43ae-a464-ca850a880344	CharacterActionSO	ZapHeal	Zap Heal
b3534726-510b-4a43-a62d-aac77c5f8d00	AttributeSO	ButtonToggleOff	Off
b3629370-1e32-4fe2-a4e0-8fbb2bf2845b	ResearchSO	AscendDruid	Ascend Druidry
b3ab80f0-80c7-41d4-b4c7-f34c3e909104	TreasurePoolSO	FruitTreasurePool	Random Fruit
b3c4e004-fc8d-4d40-9add-2ee54ab23155	TutorialSO	TutorialWorldAspect3
b3dac32f-fe13-4e86-834d-b1837a9fe182	ResearchSO	DazzlingWorkshop	Dazzling Workshop
b3dbf50d-15c5-4d52-8380-8366842151c4	UpgradeSO	ConstructionBook	Bookcases
b3f0ebb3-bf22-4ce3-a483-88519ccbe3d3	ChallengeSO	BalanceBigAugments	Balance: Big Augments
b3f34fda-feff-4d4a-87db-740b8f772082	InstanceScalingSO	AlchemyInstanceScaling
b408f1fd-74ad-4dfc-a51b-11e4a7b65060	AttributeSO	InsufficientEquipmentReqPenalty	Artifact Req Penalty
b42c6192-7d9b-40d0-aa40-3d46a9348e52	AlchemyTypeSO	Transmutation	Transmute
b43b1b78-42b8-49ab-92a1-8cc4b4a85daf	StructureListVariable	MysticStructures
b4505524-ad2f-4a5a-9d28-df0c30937748	PrerequisiteLinkSO	InventoryUnlocked
b4880870-a9d8-4999-86a8-fe3b508f05d8	AlchemyRecipeSO	BrewSparkPotion	Brew Spark Potion
b4d22a59-30d6-4de3-8437-f3ea8cbc3c12	AlchemyRecipeSO	AnalyzeBuilding	Analyze Building
b4ea15fb-8933-4095-8d8c-84e0bcb13cec	AchievementSO	PerfectSanctuary	Perfect Sanctuary
b4f5923d-cde5-432a-8c6c-1b61c541929c	TutorialSO	TutorialDreamberry
b4f61a61-0e0b-4e3d-9fc6-f17a81024cf0	ConsumableTypeSO	PotionAugment	Modification
b4fbec0e-2cfe-4101-876b-11d38c86cbce	ResearchSO	AugmentResonance	Augment Resonance
b5096677-1e3d-4a17-9330-fb584402f286	StructureSO	ScholarAura	Scholar's Aura
b516b375-c5a7-42c5-af36-768289ff401f	StructureSO	Magnificence	Magnificence
b51a524a-c326-4cae-be06-1f78bbc4a4da	ValueModifierVariable	ScalingMaxQuantityMajor
b535cd44-3314-429c-8ed8-e3ac57de87ae	AlchemyRecipeSO	TransmuteParchment	Transmute Parchment
b5509de2-4c96-4e66-9a20-b4eb1557a912	PrerequisiteLinkSO	PotionsUnlocked
b557060a-e109-40de-9a7d-f2b02bc9766d	CraftingInstanceListVariable	ActiveScribeInstances
b5750bba-18a0-454d-a963-49869d196e21	MusicTrackSO	ConjuringTheElements	Conjuring the Elements
b576cc03-2bb7-486b-8c0a-c9417b54f6e9	StructureSO	PurifiedLightning	Purified Lightning
b58ae7b3-e4ce-4b6c-9e8a-84cae8268178	ResourceSO	ExpMystic	Mystic Xp
b5978822-39b1-471e-b4a2-8223a2f66ec5	ChallengeSO	FocusImprovedCasting	Focus: Improved Casting
b5a19071-8156-494b-8986-b3c42f37b73e	ResourceTypeSO	GlobalCappedResourceType	All Capped
b5c27a3c-310f-496a-ab6c-ddd09c2ff85e	GlyphSO	Helm	Helm
b5efd19a-9655-4359-ad27-f391bb86c2e4	UpgradeSO	UnlockLevelAllSpells	Unlock Level All Spells
b5fe7176-901e-4ec3-9982-23e7270a282d	EquipmentTypeSO	CerebralEquipmentType	Cerebral
b6079b18-b962-4cc1-a3e5-62eafaacf4b8	ResourceListVariable	MaterialResources
b62a347c-408a-4267-a1f0-39df4f4ad57b	ConsumableSO	ExperienceElixir	Experience Elixir
b63f136d-f84e-466e-8731-f2a3dc5f6297	PassiveAbilitySO	LingeringBarrierTokenPassive	Lingering Protection
b64e9b9e-6c4b-47b8-be5c-9573c413a77e	UpgradeSO	RaiseMaxReserveLevel	Raise Reserve Lv
b660d2ae-37e0-484f-be94-7dcb9c9237ed	AttributeSO	InstanceScaling	Instance Scaling
b6852547-e120-475b-8146-a31f9e576eff	AdvancementSO	AdvVoidStone	Voided
b6c86494-b566-48c9-b539-798af78ff417	AttributeSO	GenerationMaxPercent	% Capacity Generation
b6e31c54-f9a9-4697-a2f8-be311c49bf0c	ChallengeSO	WeakenedTimeRunes	Weakened Time Runes
b6fe6f22-932c-4580-8861-9583a39d108c	ModifierListVariable	AlchemyCost
b7033a1a-349f-4ebd-aae6-ba847cc9a109	HarvestActionSO	WoodcuttingHarvestAction	Woodcutting
b7174f6c-cd8b-44d9-9175-44d6486337d6	PassiveAbilitySO	FlamesBanePassive	Flame's Bane
b71bf76d-901a-4b57-a193-ce23fd16e48d	AlchemyRecipeSO	LearningNatural	Natural Learning
b71f850b-b365-40d2-805b-3d1d66ab6a6e	RitualSO	Introspection	Introspection
b73fb0df-3985-4eac-a072-b6c5ef16190c	AdvancementSO	AdvEnrichForceTree	Enrich Force Tree
b7485d50-bd13-42d7-aa7a-e9d4723fb9fa	ResourceTypeSO	EnergyResourceType	Energetic
b74c2058-4113-4b6c-b11e-1c97304d236c	EnchantmentSO	EnchantLearning	Learning
b761a31c-b7dd-43bf-b65a-197ecaa32340	ConsumableSO	SorcerersSalve	Sorcerer's Salve
b783b630-edc8-4d69-b0cd-40c9e0419833	RecipeBookSO	FormationRecipeBook	Formation
b788a3bd-d785-4481-9af9-3ed41857845e	ValueModifierVariable	ScalingSpeed
b7a2af3b-16d2-49e4-a3f4-1e0922f12c4a	StructureTypeSO	InnateStructures	Innate
b7a7a33f-2116-4f35-ba71-68b715a5c916	ViewSO	SettingsMain	Main
b80e1583-0be9-489a-a7a2-70a7aeec5325	AnimationSO	BasicRayAnim	Basic Ray
b81ef4c6-f37d-4dd6-b296-1ba0ba3e1d29	StructureSO	Analysis	Analysis
b82bf5cd-6d21-4ea6-b816-5178c54d5abb	ModifierListVariable	AgromancyAdvancement
b82f9b6c-5869-4ff7-b693-f476e10ad2df	StructureSO	BloomingMastery	Blooming Mastery
b8377b33-5a4f-4e5c-9fe4-218e8535f2f3	PassiveAbilitySO	FuryTokenPassive	Fury
b87995ae-27ef-40bc-9705-13c6d75273a9	ConsumableSO	ElementalPotion	Elemental Brew
b8985b4f-fe4a-42cb-808d-98f13eb2fccb	AlchemyRecipeSO	EnchantTransmutations	Enchant Transmutations
b8a35dc6-6327-488c-84c0-0697f664e9ad	CharacterAttributeSO	HitRate	Hit Rate
b8b2925f-465d-4c65-84a4-c9ce097ecd51	IntVariable	MaxAlchemyLevel	Max Alchemy Level
b8b68629-0011-40b6-9db4-6a4060cc0c6e	PassiveAbilitySO	HastedTokenPassive	Hasted
b8c3d38e-d14d-499a-b565-863812f16575	StructureSO	PaperMill	Paper Mill
b8caa25d-9332-41d9-a223-5cb33875a172	CharacterSO	HealingApparation	Healer
b8d8dafc-9bc6-48f1-b775-75caa3f56bf1	CharacterActionSO	SummonBasic	Summon Basic
b8ebce37-ba04-42bc-b36d-63f7a7766a21	ViewSO	WorkshopArtificer	Artificer
b90ff48c-8fc5-4e6f-85a5-0f7c5e377329	AlchemyRecipeSO	DismantleWood	Extract Wood
b934d8b3-f169-4475-a169-5f68381514f3	ResourceSO	WeightRunic	Runic Capacity
b93f2630-3e9b-45ad-85c1-238f9e542da2	UpgradeSO	UpgradeSpellBookLoadout4	Duplicate Spellbook IV
b978fbe3-c6f2-497f-af4a-0ca1243f0147	EquipmentSO	CeremonialDagger	Ceremonial Dagger
b97e5ba4-dafd-4867-9945-05991f480bdb	ResearchSO	AscendAlchemy	Ascend Alchemy
b9a8e687-95ad-4fd5-9971-9ca1f794d4b3	EquipmentSO	AugmythStone	Augmyth Stone
b9b854b3-901d-452b-9b3a-86e0f05c4130	ResearchSO	ResearchArcane	Arcane Glyph
b9ba0882-bfee-4e8d-be5f-e3a9a78acfd8	ModifierListVariable	Upgrade_SparkChaos
b9bd6d0b-8390-4d9c-b2de-af1589a58169	AlchemyRecipeSO	EnchantMaterials	Enchant Materials
b9d43d41-a64b-4736-ae12-d2351c048348	StructureSO	PrimevalPrinter	Primeval Printer
b9d5f0f7-43fd-4bad-a8e2-8a73f2f1d1d6	EnchantmentSO	EnchantPower	Power
b9eb7ec1-a38b-4900-b940-f8f1d1345669	CharacterSO	BarrierApparition	Barrier
b9edbafa-7c76-40b9-adae-c5d3cb2566a6	StructureSO	InnerFlame	Inner Flame
b9f52238-7588-4233-bcc0-5d1405609de3	UpgradeSO	MysticDivineFragments	Divine Mystic
b9f6ca6c-8d4d-4d16-9758-92ea9e7e4b05	IntVariable	BackgroundScrollMode	BackgroundScroll
b9ffcab8-fc13-4c85-8439-4559ac0afaf6	ResearchSO	MagnifiedEchos	Magnified Echoes
ba4a24bb-294f-412a-8011-87c483afb9cc	AttributeSO	ChallengePreferences	Challenge Preferences
ba6ccf78-7969-4c51-befa-8e00ff5acbe2	AttributeSO	RitualActivate	Activate
ba7c5a6a-cb2f-4ad5-ab4b-caf668495d49	UpgradeSO	ArtificerExtraction	Artifice Extraction
bab47931-4d32-4d91-b5d9-ee1a140522d9	GuidVariable	SelectedResourceNode
bab5aa00-b0e9-4886-9849-6531f0cb8639	ViewSO	AlchAlchemyLoadout	Loadout
bac1d489-6b7c-41a2-b00e-f1502e5e3ed0	PlotNodeActionSO	PNAForceTreePeel	Peel Bark
baea7206-b5ea-4679-a0a4-d1341a485a80	ScalingWeightSO	EquipmentTypeLevelScaling
bafc573f-8eba-4251-a3fd-d91907b7f6a8	BoolVariable	IsInGame
bb32c9f5-02b1-40f8-8dca-b126e1f54c47	DoubleVariable	ReplenishItemRating	Replenish Item Rating
bb3bc654-5d41-4408-b2f7-9cbabbe35194	ResearchSO	ImprovedCombat	Improved Combat
bb3cd428-054a-4e36-9f5e-7e83cbd9c5bb	AttributeSO	Cost	Cost
bb3ddd38-d1a9-4404-b965-b8f9f547d175	ConsumableSO	PowerPotion	Power Potion
bb6a1f2e-e676-48e5-b3c6-3c373004d16a	AnimationSO	LightningSpear
bb866f09-3ce1-4067-a05a-a4bb94784961	StructureSO	MentalistsBook	Mentalist's Book
bb8c6b62-1aac-4305-b4d6-daf58b85c695	ConsumableSO	DeconstructorsSalve	Deconstructor's Salve
bba5d70c-02a9-4f77-b418-47b3cc6dc524	StructureSO	RitualEndurance	Endurance
bbab7750-eb7c-4b5e-92ad-a2d49a5ac22d	AttributeSO	ResourceRallyMod	Rally Mod
bbb6037a-6769-4bfa-a6bf-c8bbc3a05872	StructureSO	Aptitude	Aptitude
bbd3dda0-7cde-41f2-a667-6f826a238b67	TimeRuneSO	TimeConstructionPersist	Construction Persist
bbd686af-161b-4dd6-be97-fdc9da66870c	LocalizedStringSO	CraftingRecipeType
bc010c32-56dc-4179-b6d7-561959d929f4	AttributeSO	MaxStacks	Max Stacks
bc720665-aac0-4d02-a9fd-4640d4bcde50	ViewSO	AlchMaterials	Materials
bcad6407-3152-408e-908c-33631a28415f	AttributeSO	EnhancementTimeRune	Superior
bcada4ed-9433-4430-891f-bae9f1ffa265	TutorialSO	TutorialNoviceSpells
bcbfee77-766c-4d09-b811-49ba2ee74392	GlyphListVariable	SelectedAlchemyGlyphs	Selected Alchemy Glyphs
bcfc9f02-a723-4d64-9f10-8a9db98c6af0	SpellTypeSO	Arcane	Arcane
bd06956c-72d8-4e76-aaa8-005f98ccfed9	BoolVariable	HasSaveFile
bd1cd17c-c3e7-4a1c-9384-ea1bac68f55e	EquipmentSO	RhythmRod	Rhythm Rod
bd233f65-b51e-4d73-94c9-aad3d3b119d2	UpgradeSO	Scholarism1	Novice Study
bd65fefa-6af5-4e9a-a3b0-9727b9d38929	SpellRecipeSO	Haste	Haste
bd6b09ee-dfb3-472a-b48b-209848376519	PassiveAbilitySO	CogntiveCordPassive	Cogntive Cord
bd6b27e2-e026-44bd-b9c7-8cb2abd74c32	TreasurePoolSO	RelicTreasurePool	Random Relic
bda4691e-5edd-4955-9083-c4c7cb6d6a34	UpgradeSO	UpgradeSpellBookLoadout3	Duplicate Spellbook III
bdb2ddb9-3201-4502-88be-05c01f691ea6	AttributeSO	RitualCritPower	Ritual Crit Power
bdbbccd2-1586-464f-8ed9-815bad7d55ce	ChallengeSO	SpecializationAugments	Specialization: Augments
bdcc0091-ac4c-47c9-af7d-687a2d2bd6d2	ResearchTypeSO	BindingResearch	Binding
bdcda6ab-b062-4041-8d43-102c8de5d7ee	AlchemyRecipeSO	AnalyzeMental	Analyze Mental
bdd9cea4-6e43-45e8-af53-3fd36dc56198	StructureSO	SculptingStation	Sculpting Station
bdd9fdd4-efd0-4284-b6d9-01849f7d27a2	ChallengeSO	BoonLuck	Boon: Luck
bddeccb0-3da3-4e27-b641-0a86babe75ec	AnimationSO	FireballAnim	Fireball
bdea621a-3bfe-4e52-ab86-61449a35834a	EquipmentTypeSO	ToolEquipmentType	Tool
bdf02327-76e5-4ddb-9836-7b9b7a415226	CharacterSO	ColdRepeaterApparition	Cold Repeater
be00627b-9a58-4100-bc72-7f778dcc2a6b	DoubleVariable	PowerBuildRating	Power Build Rating
be24e8dd-2af1-4fcf-a17a-5121ad9fc549	PassiveAbilitySO	AmassedTokenPassive	Amassed
be446180-242f-40d2-910e-91e735fc20ad	ScalingWeightSO	SpecialScaling
be447ddf-0af4-48f4-8049-b3634bd0bf28	AchievementSO	TechnologyTycoon	Technology Tycoon
be508128-1ed3-49a5-baa7-d4eb2d82dbfd	ValueModifierVariable	ScalingAuraBoosted
be6fd214-03b2-4f64-9a2a-60b910d3ccfd	KeyBindingVariable	GoToReset	Go To World Reset
be7609c8-35d8-4c2b-91ed-43135529298e	DoubleVariable	SpellSpecial	Spell Special Effect
be8d18bd-f928-4d76-9e3f-5bf91571c61a	CharacterSO	SmallApparition	Small
bebc189a-8811-41bc-92d6-82026eb9b0e6	PrerequisiteLinkSO	FlameweaverTiers
bec0cf63-467a-4ab3-8811-dadb105b1896	ResourceTypeSO	ElementalResourceType	Elemental
becde85b-c2b1-4bea-9949-037a1c47a589	ValueModifierVariable	Scaling_Beacon
beec818e-91d1-4781-9523-113187377904	ResourceSO	Paper	Paper
bf009616-7c2a-4766-a0df-7e44f9e72dbe	IntVariable	MaxAlchemyGlyphSlots	Max Alchemy Glyph Slot
bf3b97ee-5c9d-4bc6-8bd5-e10586d75c5c	StructureSO	Visionary	Visionary
bf4e596c-3ee0-4194-b0c2-d4a7af1a85f6	StructureSO	Concentration	Concentration
bf57af7b-8de0-41fb-8c93-77e8b280d38d	ResearchSO	ExpertAugments	Expert Augments
bf5ebbe3-817b-4464-97ad-57abfb1eb4a1	ResearchSO	ParallelTransmutations	Parallel Transmutations
bf6d5c5d-9874-42e2-9633-81ad53dbb88f	AttributeSO	DiscoveryTreeConceptCraft	Contemplate
bf806d41-a2e9-4594-adce-b3162e6897d1	PlotNodeTypeSO	HerbNodeType	Herb
bfed13da-c722-416b-a2fa-a0366a49d156	AttributeGroupSO	AllSpecialsGroup	All Special
bfef171c-1a90-466d-a8b6-d73519d95048	AttributeGroupSO	LuckLimitGroup	All Luck Limit
bff4ae39-8eb1-4181-9c53-8b484ce39388	ModifierListVariable	DiscoveryTree_Glyphs
c03f00d7-ccc9-462f-9be2-7928a1afdc77	ScalingWeightSO	EnchantmentScalingMicro
c05f7ed8-1d2c-41fb-8774-31d65dc2fa1e	UpgradeSO	Wizardry2	Improved Wizardry
c062b625-27d7-4916-9c46-62f362f8f85e	AnimationEffectSO	ImpactEffectImmediate
c064c0eb-df61-450a-8e1e-ed11c639e085	ResearchSO	ChaoticMind	Chaotic Mind
c0ba3938-0f11-468f-adf6-9c5d57dd9bbf	UpgradeSO	Mystic	Mystic
c0e51a7d-e5ed-4a41-a445-83a99a780d4f	AttributeSO	EnhancementSpell	Superior
c0fb08cc-3ee0-42b4-b965-10e871e0fd8f	ViewSO	MagicSpellOutputLevel
c13b6286-6afa-42d1-b887-05b2f79ca973	AttributeSO	Cooldown	Cooldown
c14146eb-0544-4fed-bf9a-3544f6b05d1a	AttributeSO	AlertCastingUpgrade	Casting Upgrade Available
c16ec79e-c8f6-45d2-b4da-fb724fdde21e	DoubleVariable	AutoAttackSpeed	Auto Attack Speed
c1771767-5592-450e-820d-200b4ff1ce61	UpgradeSO	LearnTempered	Learn Tempered
c179c0f9-d39b-42da-9075-4c2bd423ed97	AlchemyRecipeSO	StudyTransformation	Study Transformation
c1a494b3-1d72-4c2f-a91d-e28cea6c7c1e	RitualListVariable	AllRituals
c1ab8ada-5be1-4cb2-aa32-ef1b53f06944	UpgradeSO	Wizardry3	Advanced Wizardry
c1d40c8e-2a82-4043-a9ff-f73d571280fd	UpgradeSO	ReserveOrb	Reserve Orb
c1d6dcfe-714c-49c4-8eff-18d283ac6646	TimeRuneSO	TimeMaterialPersist	Material Persist
c1e26046-3cc6-4c1d-839d-8b28278f8481	AttributeSO	PlotNodeAvailableActions	Available Actions
c1e39da2-dde6-4bc4-8d8c-381fdb17eb31	StructureSO	Discipline	Discipline
c1f9185f-abcf-48a2-b259-89c1d304f73d	CharacterSO	RegenerationApparition	Regeneration
c1fe39ef-ed5f-484d-8549-a569c7db95f8	AnimationEffectSO	GenerateResources	Generate Resources
c2090beb-ede9-4c06-97b0-5cba6784e7a2	ResearchSO	ExpertDruid	Expert Druidry
c20be4af-d6cd-4def-b9a0-dde2750d24b0	UpgradeSO	AlchemyElementia	Elemental Alchemy
c216c415-b0f8-43a8-8777-1c723d60b4ce	RitualSO	Steel	Steel
c21a6f9a-8eb7-44bd-8cfc-c281f211a6d2	EquipmentSO	BrewingRod	Brewing Rod
c2254c04-230f-444b-9ec9-2122b3e30872	TutorialSO	TutorialAugmentGlyphs
c257db26-0f83-4471-ac4a-dce55f421f27	AlchemyRecipeSO	BrewBlazePotion	Brew Blaze Potion
c26215c0-0556-48e0-8ce5-5efea5507dae	ViewSO	RitualsMystic	Mysticism
c27237ef-165a-49d6-9e90-d3fb64345a33	StructureTypeSO	MysticismStructures	Mystic
c27bbf7e-6d41-4408-8125-b90cb13dc324	AttributeSO	ObjectDiscard	Discard
c2c829fd-f0eb-4924-9a22-d74787211810	AnimationEffectSO	OrbAnim2Smalll
c2f92c9c-c355-40c5-b402-54fbcb6bc7fe	DoubleVariable	AutoAttackPower	Auto Attack Power
c31bbf19-0f6c-4832-881e-2bfbc35609ab	ResearchSO	CastingMastery	Casting Mastery
c31c0965-6bca-4b95-ab25-fda327aab886	TimeRuneListVariable	AllTimeRunes
c334478e-28df-49f5-b0ce-4efc0f9a0d28	DisplayTypeSO	Action	Action
c3748057-198a-4a19-a047-321fdb40578c	CharacterAttributeSO	HealthRegeneration	Health Regen
c37ed75a-1442-4102-942c-ba2191015530	AchievementSO	PerfectGenerators	Perfect Generators
c3948243-ee22-4031-8d86-fd520ff0da51	AdvancementSO	AdvTimeMagic	Magic Boost
c3bf4972-2cb2-4db1-84d6-3e9d2d08695c	ModifierListVariable	AlchemyCostNoSpeed
c3f7346d-31ed-4d5f-aec5-b3471a20c857	ResourceListVariable	LiquidResources
c4104148-b464-4123-acd0-db63d34d9a2c	RecipeBookSO	BrewRecipeBook	Brew
c42ebcfb-c3f5-4835-b097-7b003ce855f5	UpgradeSO	WizardryBlaze2	Flameweaver II
c432a8d5-0c91-4389-929d-8cc2e9b4d45a	PassiveAbilitySO	BrilliancePassive	Brilliance
c4465496-a605-446c-beaa-0ffb0cc3e458	DisplayEffectSO	SpeedChallenge
c45a2852-3c96-4eff-a997-c1a7d9cbcb41	ResourceSO	ExpRitual	Ritual Xp
c473a9b1-75de-479c-a3b4-e16e3b6297d4	ResearchSO	AgromancyTreasureTrees	Treasure Trees
c475e8e8-b5f7-4b2f-bb24-d3dad2b5aa6b	EquipmentTypeSO	CracklingEquipmentType	Crackling
c483bc41-cb60-45bb-8c39-27a6189e6110	DoubleVariable	SpellDrainCost	Spell Drain Cost
c4925287-b91d-4bc0-bd52-816426793cae	ResearchSO	GreaterSpace	Greater Space
c49dec39-0292-47f4-976a-6d5fa3dc3b29	AlchemyRecipeVariable	SelectedAlchemyRecipe
c4ab069d-8a18-40ee-ac6f-f348dc4fccf8	AttributeSO	InsufficientSpellReqPenalty	Spell Req Penalty
c4becc1c-1e6c-458a-acf7-d8137b0085d3	AchievementSO	PerfectDurations	Perfect Durations
c4dec7ec-d8f4-47cd-8b66-7401cb15746e	RitualSO	Unknown	Unknown
c4e154dc-5606-451e-bfde-81a5b0d5323d	RecipeBookListVariable	ConceptRecipeBooks
c4f28ff4-0fd3-4c12-8992-2de6bc0ced30	ViewSO	WorkshopCraftingManual	Manual
c5069478-3b89-48bc-a03d-a3e52d44a726	DoubleVariable	SpellEchoEffect	Echo Cast Effect
c508d6a2-d569-4b22-927a-050edad2dad0	UpgradeSO	AlchemyBeacon	Shining Alchemy
c51b7667-ebe5-4145-aabb-062cd7fd917d	KeyBindingVariable	GoToArtificer	Go To Artificer
c5492ddd-3c50-4df5-8036-f72f2bbef649	PassiveAbilitySO	BlastStaffPassive	Blast Wand
c553bf74-8d7a-4868-b538-be99b99e0302	DoubleVariable	DiscoveryRarityRating	Discovery Rarity Rating
c558a8bb-eb3d-40ff-b9f4-8a4ccbee3287	ResearchSO	TechMaestro	Tech Maestro
c5d95f12-2a18-4285-bcd6-34f8c432fec4	StructureSO	Compartmentalization	Compartmentalization
c5f53567-7c5e-4c27-9d06-e20c266c90e5	ViewSO	Hotbar
c5fccdef-0e64-4324-8287-71d4bcbfa76f	GlyphSO	Transmute	Transmute
c6037fb1-eaa9-45a5-a553-ab7b7a0f94e7	DamageTypeSO	AreaDamage	Area
c608e1c8-e5f5-4de3-becc-87f3174987d3	DamageTypeSO	FireDamage	Fire
c6220064-6e68-45fa-8485-ec90b2d48f67	TutorialSO	TutorialForceTree
c625b07a-ac5e-463a-a047-b101a73e41c5	CombatStatusSO	Blind	Blind
c6583ffe-2eac-4818-932f-c8e94ef73fd4	AdvancementSO	AdvEnrichCraggySpire	Enrich Craggy Spires
c65f0991-5359-483b-a6b4-7aaeebdc85ba	MusicTrackSO	TheVoid	The Void
c662d72a-2211-4cd6-b9d2-104071a5e6e9	ViewSO	ScreenWorkshop	Workshop
c677fec8-6ffc-470e-af70-2a90810c16aa	UpgradeSO	BulkDevelopment	Bulk Development
c6b21b6f-0918-4412-99f2-4c383fd166fc	SpellRecipeSO	ManaShield	Mana Shield
c6c3457a-07ce-47ba-821c-48d603261620	AttributeSO	Rest	Resting Rate
c6d58acd-0ec6-4243-9eda-c4a49e4484d9	RecipeBookSO	FlowRecipeBook	Flow
c6f1ce5f-1b87-4302-b269-075349b3667b	ResourceSO	PointsMaterial	Materials Upgrade
c7159fc0-d2e2-4efd-8cc3-3a7e752d38df	KeyBindingListVariable	ViewKeyBindings
c735079a-4047-49f2-85c2-a4777c619da8	ResourceSO	ExpWizardry	Wizardry Xp
c735a31f-cfae-44da-a0d1-2b1c497f7b71	EquipmentSO	StormshapersRune	Stormshaper's Rune
c73950c8-cc56-44d8-955e-bd279df47b97	UpgradeSO	ArtificerArtifactsUpgrade	Upgrade Artifacts
c7413238-4c58-49e0-b464-d03832226682	DamageTypeSO	LightningDamage	Shock
c748c7bc-998e-4dec-8c5d-da3254b1c15a	AlchemyRecipeSO	LearningRestorative	Restorative Learning
c77a075f-c2d5-4d0f-8b0f-cb5ac43c8d86	ResearchListVariable	ScholarResearches
c7962e6c-a21e-4580-ad0a-26eba83856be	GlyphSO	Repeating	Repeating
c79eead9-fe1d-4e2a-9c17-eb8eed9001a3	TimeRuneSO	TimeGeneralistTempo	Generalist Tempo
c7ab3f50-2676-475f-8294-421894d81138	AlchemyRecipeSO	StudyAura	Study Auras
c7c99956-f24b-4bed-a9ed-0e05cdb21fa0	PrerequisiteLinkSO	ArcanistTiers
c7f09fdf-f27e-4f50-9a21-89fcf7fe6f21	StructureSO	Containment	Containment
c7f39719-5208-4f85-9450-3616b1007a97	AttributeSO	StructureRankMod	Attribute Rank Effect
c7f7afc9-b698-446f-bfb9-cd0121dab86f	ViewSO	WorldPanel
c8105d4f-22f8-40ab-ad4f-b1b4ccb2aad3	ResearchSO	ImprovedDurations	Improved Durations
c821f3fd-927f-475e-ab70-365729f410dd	ViewSO	AutoAttackView	Auto Attack View
c82b81f9-facd-4c37-b2c0-21343f16f770	ResearchSO	AutomatedScribing	Automated Scribing
c82f4715-d469-4e19-ad40-a1edbcfe2983	IntVariable	CeremonialLevel	Ceremonial Level
c83107c3-582f-4294-8c69-be93f3a7dd42	UpgradeSO	ArtificerSpeed	Rapid Construction
c8554a0d-9046-48b7-bc3e-95d78f5c1761	FilterVariable	EquipmentFilter
c86a5f9e-5ed9-4a1d-baf1-b9595d504b15	ResearchSO	AscendArtificer	Ascend Artificer
c86d4cde-740e-41a2-a370-26ef4e95b48b	CombatTargetSO	AllEnemies
c8ca2ba1-263f-48b0-a58f-2fdcff19da86	ResourceSO	Ironwood	Ironwood
c8f0c454-0b5d-4c5d-b91a-e4c0920a72c9	AttributeSO	CombatDamage	Combat Damage
c8f9e0c8-2b5d-48f6-9ead-27b3eb7389d4	ResourceTypeSO	GlobalResourceType	All
c8fc44b9-ec72-414d-97c3-44278652dda7	StructureListVariable	DimensionalStructures	World
c8ff8e01-c042-49c2-86a2-e374f82c280c	AlchemyRecipeListVariable	ConceptRecipes
c90b354d-6dd5-46a3-99b4-76e7c1f4d9e8	AttributeSO	RitualEnemyLoot	Loot
c90e1ad2-2117-4d5f-b52f-a4abebbc79a4	DiscoveryTreeSO	AlchemyDiscoveryTree	Alchemy Discoveries
c93a58c9-e88f-461b-8686-c46554d27b64	PlotNodeActionSO	PNAIronwoodTreeHarvest	Chop Down Ironwood
c943abeb-a8bb-4e12-a999-c03bd30453d5	DoubleVariable	PowerBuildLimit	Power Build Limit
c9734142-d53e-4759-bb24-fdff1d3b2372	AdvancementSO	AdvTimeGeneralist	Generalist Boost
c98854f4-439e-4ee7-b29b-684204a676bc	PlotNodeActionSO	PNAFruitTreeEnrich	Enrich
c9b8a420-606a-4439-884e-720f1c4473c8	GlyphSO	Herbalize	Herbalize
c9f458c4-b8f7-4847-b026-3438e83a5d2b	ScalingWeightSO	AlchemyDismantleScaling
ca0f2de8-c102-4c47-b28a-48ee450da0b5	ChallengeSO	WeakenedRefinement	Weakened Refinement
ca1958fe-d168-424b-96fb-ebf889b28e64	ResearchSO	ImprovedTransmutations	Improved Transmutations
ca1e34c4-3f93-4d2b-8e30-3823162e8bd6	StructureSO	Infusion	Infuse Mana
ca292806-d127-4294-a67b-1d22ede35343	AnimationEffectSO	OrbAnimBubbles
ca3b7706-33f5-4986-a3fc-f88c6c918e6f	StructureTypeSO	ReinforcedStructures	Reinforced
ca7087e8-23b0-44de-93f4-15478d6af6c5	ResourceListVariable	ConceptBandwidthResources
ca7efd1b-10e1-41d6-b197-3e03998ecd35	ViewSO	MagicSpellbookLearnRecipes
ca934900-0253-4f71-93e9-733fb91132b7	ViewSO	MagicSpellbook	Spellbook
ca988a97-b7aa-4782-a5de-c3e52e6386a6	AttributeSO	SpellLevel	Spell Lv
caab357b-a7df-43a7-88d4-e65724dd2a2b	ResourceSO	Blaze	Blaze
cab97c97-cd14-47ee-81b0-63ff1911ff21	UpgradeSO	PsychicBlastPower	Psionic Power
cacddad7-a5ce-4742-bdfb-2f56fefb2b30	ViewListVariable	SettingViews
cb0dbb1d-6a4e-4c61-a500-eda9975b7f73	UpgradeSO	ExpertAdvancements	Expert Advancements
cb29889f-37e5-4e92-89cd-f76911a0ebe8	PassiveAbilitySO	VesselTokenPassive	Vessel
cb354ece-fd8c-4ffc-a67e-b24cc3fe5fa5	EnchantmentSO	EnchantDevelopment	Development
cb3b0869-33f4-45e2-a820-65730fd06e06	BoolVariable	EnableMousePopups
cb4de90f-2dfc-4afc-9aad-c0a2ee0e7388	RitualTypeSO	UpgradeRitual	Upgrade
cb8088a2-cd7c-49a7-ae3e-52c2249be18c	ViewSO	TimeReset	Reset
cb8c5c35-a253-49f5-a759-c9b20b44fe44	ResearchSO	ImprovedLaboratory	Improved Laboratory
cb982440-a2a9-488d-a5a5-865d2f2f07a6	KeyBindingVariable	GoToArtifacts	Go To Artifacts
cbc36142-1138-4630-9c2d-73e63e3743f2	RecipeBookSO	ElectricRecipeBook	Electric
cc181b2b-7597-484d-b899-033a64d514c8	AdvancementSO	AdvEnrichOakTree	Enrich Oak
cc1cb602-2427-41c3-a2f4-421b4eef2ab4	GlyphSO	Accursed	Accursed
cc2120f0-0f27-4e29-af09-670f88807233	ResearchSO	SuperRunes	Super Runes
cc4f8a0f-0081-4702-bd30-134070e09a4f	ResourceSO	Spark	Spark
cc580cea-b25c-41e5-874e-688835c1ff54	SpellTypeSO	Flow	Flow
cc94b8bf-2847-4bb1-90b8-3f73e3369abd	ResearchSO	AutomatedCrafting	Automated Crafting
ccc333dd-fe19-4db8-9717-57346682a623	ChallengeTypeSO	WeakeningChallengeType
ccceab4e-4c8e-4179-8dd5-dc036eb2ccce	ResourceSO	PointsGlyphFree	Free Glyph Upgrades
cce023a0-85a2-4d93-9fb1-66c03e5a74a9	ResourceListVariable	SelectableResources
ccebc458-9868-4f3c-ba4a-100dfc05c47d	PrerequisiteLinkSO	ExpertTiers
ccf7a7f9-bbea-469c-90cc-41ccb81f7206	AttributeSO	Level	Level
cd04ca98-4fe8-43e1-b59b-f5a54fc18e7c	ConsumableSO	BrainBerry	Brain Berry
cd2665dc-3ca5-443e-8672-41cf489feccb	UpgradeSO	PhysicalCoreExpand	Expand Physical.
cd38cfe0-14d9-44be-9621-de4b6874449b	GlyphSO	Dragon	Dragon
cd5465e3-3e0d-48ca-815e-80f795aa58ce	UpgradeSO	InfuseOrb	Infuse Orb
cd79034d-f5f7-46e7-b8c8-e7055a3a6f1e	PassiveAbilitySO	AmbiatorPassive	Ambiator
cd8e6408-da1c-4247-8311-367edf38d17d	AchievementSO	PerfectCasting	Perfect Casting
cdaffbdb-dcf8-48f4-85cf-2bcdcdebe445	ResearchSO	AscendArcane	Ascend Arcane
cdea3761-b871-48c1-9ff2-de419b8a5ec3	AttributeSO	MasteryExperience	Mastery Experience
cdeef71f-844e-4bd5-be9c-33f58b0c9c4f	SpellRecipeSO	Propagation	Propagation
cdeff67a-a025-4086-b883-4e6078841557	AdvancementSO	AdvEnrichMagebloom	Enrich Magebloom
cdf5c8d0-c9a3-4284-ac53-89cff39d7105	ChallengeSO	FocusImprovedSpeed	Focus: Improved Speed
cdfbbee5-7fa2-41fe-a6aa-903beb692fb2	ViewSO	MagicSpellbookLearn	Unlock
ce0c058c-b674-49ca-bc18-0d48fafae8c3	KeyBindingVariable	GoToMaterials	Go To Materials
ce207aba-b835-4455-a1b7-e10e18db9ce2	ViewSO	WorldAspects	Aspects
ce554d2b-5730-422b-94e2-fdcd18331a1c	LocalizedStringSO	PassiveAbility
ce6044da-15dd-408e-9524-14e163314f19	ViewSO	ScreenTime	Time
ce74853b-9cba-444a-a022-66ed260a68b2	ResourceTypeSO	MagicResourceType	Magic
ce8bcfbe-750b-471b-91bc-05d76895a99b	StructureSO	Academic	Academic
ce8f1a13-1a64-4c96-8c95-f19e3a9e4974	PlotNodeActionSO	PNAOakTreeGrowFruit	Grow Fruit
ce9c74f3-8d77-44a2-9ccb-dfd0f3a9d908	DoubleVariable	RitualPower	Ritual Power
cea9d85f-167a-4750-b6b4-56a37224a4dd	DoubleVariable	InactiveCooldownSpeed	Inactive Cooldown Speed
ceb8fd0c-dc70-4c09-bb39-04c01d57bfde	MusicTrackListVariable	CoreTracks
cebafbfb-6416-467e-9d1a-fd239fcc5ed7	ChallengeSO	WeakenedAuras	Weakened Auras
ced36742-98fa-4a13-812a-14b803375235	EquipmentSO	CloakOfCasting	Cloak of Casting
ced4f09d-781b-4368-9c2b-a4eb4789a1f7	ConsumableSO	LightningTonic	Lightning Tonic
cf122f68-5fbb-4f4c-9093-e7984b9de179	ScalingWeightSO	ChallengeBoonEffect
cf133099-05e6-4fe0-9f3c-098dd4803eb8	AchievementSO	PerfectCombat	Perfect Combat
cf4252da-e26e-4101-870a-1d5100b38558	ResourceSO	WeightGathering	Gathering Capcity
cf542d46-519f-4eb8-b4b6-4d3fd463da2f	StructureListVariable	AlchemistStructures
cf57a1e0-797f-4201-9b8d-b4975dabbec3	AlchemyRecipeSO	TransmuteAmber	Transmute Amber
cf59166c-a40e-44f9-898b-9735cfedcdfe	ScalingWeightSO	ResearchSpecialScaling
cf641a01-2582-48e9-be3e-442a2e9c0ebf	LocalizedStringSO	CraftingStructure
cf6ca81a-2311-4cb2-afb2-65771b8d44d9	CharacterSO	RepeaterApparition	Repeater
cf70ab3d-21f0-4899-8da5-46baa2773709	AdvancementSO	AdvTimeUnderstandingBoost	Understanding Boost
cf8b005b-5717-4bee-8eb0-363b7e93071f	StructureSO	BeaconBarrier	Beacon Barrier
cf940f0a-b445-4b5d-8b0d-e951bf24645e	AlchemyRecipeSO	StudyMachines	Study Machines
cf97bfda-80b1-41d1-85b6-58836ba81140	StructureSO	Spirality	Spirality
cf9a36e7-9f10-4f1e-b4d1-3e1b56ba4370	IntVariable	TimePersistValue	Starting Time Advancements
cfa7f40d-6417-457f-bbf9-30ac9d16484e	ResearchSO	AscendExpansion	Ascend Expansion
d016f5d9-e848-4827-a8d3-f8b9aac4a20f	AlchemyRecipeSO	AnalyzeEnergetic	Analyze Energetic
d037d4db-b0f7-4df9-8c64-d3916839c5b7	EquipmentSO	EnergizedCloak	Energized Cloak
d04c3997-f9f0-4a2f-883d-f94a9b56c679	AttributeSO	ResourceRallyThreshold	Rally Threshold
d057eb7e-9e20-4f98-b35d-3ae03b197897	ResearchSO	ExpertStorm	Expert Storm
d059582a-ec2e-4be9-93eb-e86b63256568	PassiveAbilitySO	ReflectiveRestorativeLearning	Restorative Learning
d07d202e-28f4-4649-87d8-54c44fd7c4b3	PlotNodeTypeListVariable	AllPlotNodeTypes
d082675b-556e-4dde-9e1e-133fe9837fb3	ConsumableSO	DimensionalSalve	Dimensional Salve
d0f87730-1fb2-47b0-bf96-232057179b69	StructureSO	Spellcraft	Spellcraft
d0ff8d20-b175-4655-966d-c2505c1ad7a8	ResearchSO	RestNatural	Natural Rest
d104fef1-32be-46ed-a18e-7a7cfd1fbc13	StructureTypeListVariable	AllStructureTypes
d119cecd-077a-4546-ba72-bc71e381d3d5	ChallengeTypeSO	UniqueChallengeType
d121a3de-3e40-436c-8bf7-c8245f2f6ab8	EquipmentSO	CognitiveCord	Cognitive Cord
d1228d1a-d8ad-4971-bf0a-d1ddfeec90fc	AdvancementSO	AdvManaGem	Gem-fused
d12dd94e-e5f4-4909-a10c-ca727de22b6c	TimeRuneSO	TimeTechnologicalTempo	Technological Tempo
d14207e6-8c90-4fa4-9d48-f97e75d46d5c	ResearchSO	GreaterStockedCasts	Greater Stocked Casts
d168de6a-6141-42c1-a2dd-49580bf05174	AttributeGroupSO	AllAlchemicCapacities	All Alchemic Capacity
d17ea5ff-8118-48e9-8a52-b369460874e4	ViewSO	PinnedBarView
d1841dc2-a7c8-45fd-8aca-e89663b5df89	UpgradeSO	ScribeScroll5	Scribism Scrolls V
d18a00f8-d5fb-4749-bf8f-9c8e47e05d49	AttributeSO	FunctionalCapacity	Functional Capacity
d18b47da-a5d2-4e78-9ce5-50208d24524e	ChallengeSO	BoonDuration	Boon: Duration
d1939c81-6d1f-41e4-bdef-6d53793df086	ResearchSO	ConvertTechnology	Convert Technology
d1a2ca8b-af56-43db-98eb-bba192173a76	PassiveAbilitySO	KineticMindSpellsPassive	Kinetic Mind, Spells
d1c9d609-883c-4952-960e-5a7c128e86fb	ChallengeSO	WeakenedScholar	Weakened Scholar
d1e9baab-9298-4c6a-8264-26e803467808	CharacterSO	HotRepeaterApparition	Hot Repeater
d1fbabb0-b3e8-425e-adef-2a6a6fb66940	UpgradeSO	UpgradeRoutine	Improved Routine
d233d67e-9e3f-4982-8964-124df32706a0	PassiveAbilitySO	SpacialAffinityTokenPassive	Spacial Affinity
d2947f69-d989-465d-8159-204285ed57be	AlchemyTypeSO	Brewing	Brewing
d29ef010-743c-4785-9d13-178e3aed7325	AttributeSO	ResourceRateLifetimePercent	Lifetime Rate
d2a01aa0-fd4e-49ec-823c-7720f257971b	StructureSO	MechanicalLubricant	Mechanical Lubricant
d2a03f7a-f111-49ad-803c-1b9e5e1440cf	StructureSO	HolyRelic	Holy Relic
d2ada00c-084b-4d01-a5b0-c707ed3fdfaf	TimeRuneSO	TimeGeneralistPersist	Generalist Persist
d2b10420-aa5b-479d-945b-de82a00a5647	DoubleVariable	AllSpellTypeXpMod	All Spell Types Xp
d2cc2da4-4384-4d6c-8c5b-ac55da10b12e	ModifierListVariable	Upgrade_InfuseOrb
d2e4ef70-bc89-43e1-a156-e97a30fa46f2	TutorialSO	TutorialSpellLoadout
d2eee684-c13d-4110-bc4d-f00c288a8262	AlchemyRecipeSO	LearningBuilding	Built Learning
d2f9aa1a-e7fb-406f-970b-ff574b66f625	UpgradeSO	WizardrySchools	Schools of Wizardry
d2fe9554-3ab8-419c-b1d3-9177606d111c	AlchemyRecipeSO	EnchantNatural	Enchant Natural
d326695d-fc76-40c3-a1aa-65e31cf04c4d	DisplayTypeSO	Statistic	Statistic
d39d6854-caa4-4765-8706-507cc3227db8	GlyphSO	Resourceful	Resourceful
d3a5536f-ecae-4e5e-a6f3-51188f250a27	EquipmentSO	HellishReaver	Hellish Reaver
d3aa564a-135a-4d57-8b67-af527c03c15d	ViewListVariable	TimeChallengesViewList
d3b7b8bd-468d-48ab-b552-b583eae2429a	AdvancementSO	AdvTimeElemental	Elemental Boost
d3b7f764-7c14-4159-b30a-ffd1b631bd0d	RecipeBookSO	CompulsionStoneRecipeBook	Compulsion
d3d66922-067e-4d80-9046-d253e82d8dfd	AnimationEffectSO	ShineAnim1
d3de4539-ac93-452a-b56c-af18e14e80a0	RitualSO	Surrender	Surrender
d41a6a4f-d371-479e-9609-d24caa04de2a	StructureSO	Magicianry	Magicianry
d426666d-a0c4-45c3-9ac9-1fedd1beecf8	EquipmentSO	ConstructorsHammer	Constructor's Hammer
d4346f75-3b1f-44cc-b031-f08c62b1187f	ResearchSO	ExpertDragon	Expert Dragon
d46e2bf3-7930-41bd-b2aa-4810c23f1acc	ViewSO	WorldDruidry	Druidry
d4a9711d-e1f8-4951-999c-11e1026e586b	UpgradeSO	AlchemyImproved	Improved Alchemy
d4a991c8-c60c-48d9-87bd-cc9c8d3ccfe8	ResearchSO	GreaterLaboratory	Greater Laboratory
d4b73913-68ff-44e9-84c1-329cdbf9eca1	LocalizedStringSO	ImportExportText
d4b96642-545c-4e00-aace-b55259c071fe	AttributeSO	ResearchHideCompleted	Hide Completed
d4ca295f-4795-4b0f-a9e4-13a3decc438a	KeyBindingVariable	MaxBuy	Max Buy
d50af282-9b93-41b2-9b1f-773ed82d8ad9	ViewSO	CraftPageManual	Manual
d50ea5ec-a02c-47cb-b30f-50fa10157cca	ViewSO	MagicSpellBookAvailable
d51ffa89-fc3a-48ed-bb08-e92450aee01f	PlotNodeTypeSO	GlobalNodeType	All Plot
d562de9d-0218-489e-8b7c-d2e116428bf2	ResearchSO	ImprovedLearning	Improved Learning
d5b8bf7e-bda8-4c9c-8dd6-abdac6e4c79a	PlotNodeActionSO	PNAOakTreeEnergize	Energize
d5d3102d-9113-4209-9a1f-b9a02c2e5915	CraftingRecipeTypeSO	ArtificeCrafting	Crafting
d5ef8e3d-9dc9-4eea-b239-be8e667c07df	PlotNodeActionSO	PNAVoidMossHarvest	Extract Void Moss
d60f57df-9e8b-44e8-9acd-9cc178f3c340	LocalizedStringSO	RitualType
d620fe56-556c-41f7-b4d4-0826911e1e01	IntVariable	MaxSpellOutputLevel	Max Output Lv
d662b747-e0f6-455d-b72b-e807f455a392	AchievementSO	ScalingSchemer	Scaling Schemer
d682a693-0ea1-4711-938b-c5405e2cebfa	GlyphSO	Scholar	Scholar
d6b8e619-0d12-48bf-a95d-db8f47b36ad9	AchievementSO	MasterExpansion	Master Expansion
d6e2b17d-6f21-45e6-b55b-1bf59d503432	UpgradeSO	ScholarismAlchemy	Scholarism, Alchemy
d712a61d-c7fe-41e3-bbea-c4f8c1f7b861	LocalizedStringSO	CharacterType
d721d918-12a6-4752-b19e-d871e23f8ff3	AlchemyRecipeSO	BrewElementalPotion	Brew Elemental Potion
d76565b1-8e2b-44fe-9cf3-995d6f666305	CraftingStructureSO	BrewingStation
d76af0b3-cc2d-4817-895e-f1897f810907	AlchemyRecipeSO	TransmuteSpace	Transmute Space
d7ad599c-8203-496a-aa0a-b684063c8bf4	StructureSO	DarkInfusion	Dark Infusion
d7b9808b-a1ff-494b-9cc9-02e1492698b9	AttributeSO	RelatedComponents	Related
d7c110bc-a479-4c6e-b687-186283276ee1	CharacterSO	DisruptorApparition	Disruptor
d7e73440-19b7-40a2-aa92-a0bade79bcb8	AlchemyRecipeSO	BrewMentalistsSalve	Brew Mentalist's Salve
d7f1772e-1648-4f11-8ad8-1b41898496b2	ResearchSO	SuperZeal	Super Zeal
d80459d2-af50-4118-9670-12929b7e20e8	ChallengeSO	WeakenedItems	Weakened Items
d81093b1-4e09-455c-a943-2f0f0a759cb1	ChallengeSO	SpeedScholar	Speed: Scholar
d82388e8-d517-41d0-9cd9-36b61856d572	RecipeBookListVariable	SpellRecipeBooks
d8405e2e-dd8c-4069-8b4c-c235472583a3	AlchemyRecipeSO	BrewWitchesBrew	Brew Witch's Brew
d84b61bf-72b4-42bf-9fd0-c4ba6c8f988d	AnimationSO	LightningRayAnim	Lightning Ray Anim
d854b177-865f-45ee-97a3-23d904df1ba1	EnchantmentSO	EnchantEcho	Echoing
d857271f-c9df-4eb1-84ac-809e1eb57ee1	ValueModifierVariable	ScalingXp
d877712d-d606-4c7e-8689-2d51292fffaa	SpellRecipeSO	AvatarOfEvocation	Avatar of Evocation
d887f3a6-c261-4539-b834-f92a6aa7e6c0	TimeRuneSO	TimeSkillTempo	Skill Tempo
d88aa06b-7a71-4db4-a293-d27ab21befd8	DiscoveryTreeSO	GlyphDiscoveryTree	Glyph Discoveries
d8afa4f2-4326-49ce-a08c-743170abea75	ResearchSO	ImprovedScribing	Improved Scribing
d90930ae-190d-413d-a302-c452acbca53c	DamageTypeSO	PhysicalDamage	Physical
d97f1677-71e2-4ff3-b627-e360726c43a6	SpellRecipeSO	Brainstorm	Brainstorm
d9a589e7-e005-4425-8fab-80f03697b5d1	RecipeBookSO	GlovesRecipeBook	Gloves
d9c6651d-7e61-4b7b-889a-fa1236d93512	CharacterSO	ColdApparition	Cold
d9cbbc6b-b8c6-4fa6-9bea-3551a2107eae	UpgradeListVariable	WorldScreenUpgrades
d9f0ec7a-357c-4cdf-a3ce-707caa5641dd	ResourceSO	Ore	Ore
d9f1a5c3-d7de-4819-b234-a15781190650	UpgradeSO	AspectWorkshop	Aspect: Workshop
d9fe4089-20d8-444f-873a-9c32f46117b2	UpgradeSO	LearnTransmute	Learn Transmute
da07b919-c5ad-46d1-8b46-ad5d95afc3e2	AlchemyRecipeSO	AnalyzeSpirit	Analyze Spirit
da18dd91-9e10-4035-bff4-5949c98af41a	AlchemyRecipeSO	TransmuteThaumaturgy	Transmute Magic
da5eab6d-ab4c-4b32-aca1-2e83b6d3a64b	ConsumableSO	ScrollInvestment	Scroll of Investment
da6a37ec-9be7-4434-abd1-c2e3ddab80ee	ModifierListVariable	SpellMasteryXpScaling
da6a7e36-f8f6-438e-95ed-8aaa769a6cbb	EquipmentSO	GrowthShard	Growth Shard
da758fa1-e1a2-4210-93b8-8651e4efdc04	DisplayEffectSO	PowerfulUpgrade
da8a2593-88f1-4ce1-8cf9-1b073a7de537	ChallengeSO	BoonTechBoost	Boon: Tech Boost
da8aa81f-14a7-42df-bde0-c33cf4c4f967	IntVariable	TotalEquipmentDiscovered	Total Equipment Discovered
dabfb0b5-e35b-4682-b176-245acfdfc1e2	ModifierListVariable	RitualWeightLevel
dad34e22-875c-4ad0-8144-165e0a063b07	InstanceScalingSO	ConceptInstanceScaling
dad5d412-662f-4d62-9a0a-5352f2caa28f	ResearchSO	OverchargeTechnology	Overcharge Technology
dafb5a1e-6da7-47bd-a00d-c9e18c96108a	TimeRuneTypeSO	RuneTypeUnique	Unique
db0694f1-82bf-4ecf-a139-1341efee2bb8	SpellRecipeSO	Firebolt	Firebolt
db55a0e6-905c-4c0f-81b2-f2577705eefc	StructureTypeSO	LunarStructures	Lunar
db61aedb-0143-402f-bdf9-de50b2d59203	ResourceSO	Zeal	Zeal
db622a44-7a63-41c4-aabf-6ed8d633151e	GlyphSO	Tool	Tool
db8d3afc-bde7-45c3-96d4-53f98719dc40	ChallengeSO	WeakenedWizardry	Weakened Wizardry
dbb5b3cd-8c4e-4de3-8a15-4329347b2c1d	RitualSO	Destiny	Destiny
dbb7a852-5fe2-4148-961d-2b028b21b09d	ResearchSO	ArtifactTools	Artifact: Tools
dbcfd577-c34f-4fbe-ab68-f8369f9e3cb1	EquipmentSO	ScholarsRune	Scholar's Rune
dbe530e3-1f59-4e6b-b9a5-9202a55e8728	ModifierListVariable	SpellCost
dbfe15e8-0938-4fa2-82fd-97fc727247a7	UpgradeSO	WizardrySparkElementia	Storm Elementia
dbff5f22-83b9-4a00-b523-32e6987a8c2b	TutorialSO	TutorialOrganicEssence
dc38c4bd-7f08-4138-a643-72f55b925f5b	StructureSO	Conjurator	Conjurator
dc4ca65c-444e-4e7e-bb45-a009db9ecb89	AdvancementSO	AdvTimePersistPersist	Persist Persist
dc551c55-ead6-4093-a72a-38a3ef6db8b1	MusicTrackSO	AmbienceTrack3	Ambience 3
dc619b9f-0530-4c7d-96b2-5a73fc0f49bb	AttributeSO	GainRate	Gain Rate
dc6b2843-c64f-4804-af77-dcce29088f18	IntVariable	MaxParallelActionables	Parallel Attribute Development
dc6cb0b5-92b6-4017-9327-39e0e37eae8c	AdvancementSO	AdvExperienceGem	Experiential
dc7234dc-1461-4fb9-9ccd-5e6c0bdb6f0f	ViewSO	LoadoutChangersVisible
dc79db51-9253-4e19-a1ad-9b9bae476574	ResourceTypeSO	CelestialResourceType	Celestial
dc8fa545-c929-49bd-99f3-b06cc74b6f22	KeyBindingVariable	UseConsumable1	Consumable 1
dca63d1d-ca3f-418c-924d-12b24d96a45e	EquipmentTypeSO	BagEquipmentType	Bag
dcaa65ff-ca70-4a09-a44e-fb6447d51cb2	KeyBindingVariable	GoToWizardry	Go To Wizardry
dcabdc8a-3e8f-4991-88f2-9374279b694b	BoolVariable	PersistenceHasCompletedWorld
dcb18de5-90fe-4a6d-ad22-b28c50cde6ad	MusicTrackSO	AmbienceTrack1	Ambience 1
dcb29c95-4a7d-4cc8-8d32-67afc154dc7e	AttributeSO	OptimalOutputLevel	Optimal Output Lv
dcd7dca3-7dfb-49f0-8dd7-e22d9572b60a	IntVariable	PersistChallengeMaxRerolls	Challenge Max Rerolls
dcebc928-5521-48bb-923a-c12092f25dc6	PrerequisiteLinkSO	AlchemyTiers
dcf46be5-f358-477e-bd15-85e6d7a98d7e	StructureSO	UrnOfExpansion	Urn Of Expansion
dd086dcc-47fd-43d3-b84c-c352e3f585d4	AlchemyRecipeSO	TransmuteIronwood	Transmute Ironwood
dd099465-c638-4db0-a29a-4390563b0d96	ResearchSO	ImprovedSpeed	Improved Speed
dd0c4f79-ed64-4f25-bdc8-5e3e0a5c8d00	ChallengeSO	WeakenedZeal	Weakened Zeal
dd364b14-e818-49f9-ad06-f593d58d06ce	AlchemyRecipeSO	BrewLightningTonic	Brew Lightning Tonic
dd38a2ac-45bc-41dc-acfb-8b1fa81c2c3e	AttributeGroupSO	MentalSpeedGroup	Mental Speed
dd6a5b20-4bd4-4700-9589-c4a13fe685b0	EquipmentSO	MysticRune	Mystic Rune
dd76e531-776a-41cd-8d89-0441f511113a	AchievementListVariable	CoreAchievements
dddfc660-296b-447e-9e1d-fd24fd4d7a44	RecipeBookSO	StormRecipeBook	Storm
dde75844-fda6-41bb-9138-53207b9d6867	AttributeSO	PlotNodeSize	Size
ddf24dc9-c56c-4e2f-bf63-177c63cb3976	ScalingWeightSO	SpellAugEffect
de0a1c64-827e-4253-8f03-26b82c64a5a2	AttributeSO	WorldResetComplete	World Restored
de326b2d-62f4-4300-8c19-1ba71004c72d	AlchemyRecipeSO	LearningEssence	Learning Essence
de425916-3d3f-4a4f-86dd-6c52e32e5293	RitualSO	Source	Source
de59e3e8-fb88-4565-91d2-e488e0ff1240	StructureSO	Extraction	Extraction
de610dfd-766b-499a-b0be-372253812afe	UpgradeSO	MysticBeacon	Shining Mystic
de6253ed-c084-4743-b63c-bccd170e35a0	ChallengeSO	WeakenedArtifacts	Weakened Artifacts
de83a73e-9676-4d6b-bf27-3fac2279d10c	SpellTypeListVariable	AllSpellTypes
dec0337c-d8f5-4cec-8ad3-ce04abd20b36	StructureTypeSO	DruidryStructures	Druidry
def47b93-a1eb-4d59-b51f-c0fffc452ec0	ResearchTypeSO	NovelResearch	Novel
df1749e2-a8cd-4e4e-8475-b126fa8dff65	EquipmentSO	ThaumuicRune	Thaumuic Rune
df561240-2184-4e5f-8073-619c4b67c7b7	UpgradeSO	ArtificerBeacon	Shining Artificer
df7a5dfe-c75b-4961-9747-42e7953faa22	ViewSO	CraftPageAutomate	Automate
df8dd1c3-e595-46d7-8ff6-6ba5041d5917	KeyBindingVariable	UseConsumable4	Consumable 4
dfa985cd-8d7b-4c20-b5d2-713e38b18b67	DoubleVariable	ResourceOverflow	Resource Overflow
dfae3ffd-a5f1-44df-ad55-b6aa9d9e5ab5	ModifierListVariable	ChallengeDifficulty
dfb30e68-35cb-4fb2-8cc5-88855d4a2473	StructureSO	Fortified	Fortified
dfbeeb2b-4c99-4886-befe-4629ca9ccbe8	ConsumableTypeSO	Food	Food
dfe9d199-c81a-4570-9bfb-f9b274551ada	AttributeSO	ReverberateMod	Resource Reverberation
e0027822-ace8-4d10-92a6-9a7d344f24e0	DoubleVariable	BonusItemPenalty	Bonus Item Penalty
e023e785-a6a8-4340-81b6-5aec999c065f	ChallengeSO	WeakenedCrafting	Weakened Crafting
e08d7062-2208-481d-b157-d341f330d83c	EquipmentSO	DimensionalRune	Dimensional Rune
e08f243f-63af-4188-a5cc-4ae44131fab2	PassiveAbilitySO	SpellOverEncumbered	Over-encumbered Spells
e0a1dbd9-3dbe-4bb6-b7a2-ffb6b5f78130	StatusEffectListVariable	ActiveStatusEffects	ActiveStatusEffects
e0a1eb6e-0702-4fe9-ab83-31fdf1d70ef9	AlchemyRecipeSO	BrewKnowledgeBrew	Brew Knowledge Brew
e0a20501-9a32-44d5-91fb-462f22934f94	ResourceSO	ExpConstruction	Construction Xp
e0c527f1-dd17-4c2f-8fd9-af0022d0bb8d	HarvestElementSO	MagebloomFlower	Magebloom
e0cc9a65-ccd1-4adf-91ca-e6cff695e981	AchievementSO	PerfectMetabolism	Perfect Metabolism
e0cee0ca-44e4-4bb1-b39a-0a000c4ef987	LocalizedStringSO	CharacterAttribute
e0d5f0a3-2dc5-4e92-9991-045437f88a56	TimeRuneSO	TimeScalingScaling	Scaling Scaling
e0ee7e9e-8fa6-4feb-87d8-78557ae41c34	IntVariable	TotalTimeRuneMastery	Total Time Rune Mastery
e0fbe8db-6b5f-49d1-a9a7-00e529fa3a6a	TreasurePoolSO	ThreadTreasurePool	Random Thread
e0fec3d8-67d5-431a-bbf5-6004f026e116	LocalizedStringSO	AttributeGroupDisplayType
e10a93ff-07af-44d4-827f-a72214dcaad6	GlyphSO	Heavy	Heavy
e122d868-570f-47a6-9748-d0951b68184c	CharacterAttributeSO	EvasionRate	Evasion Rate
e123a9ab-1d30-4371-88ce-be976b8f9290	UpgradeSO	MysticSoul	Spirituality
e134d672-bf16-44d3-bc5e-12cf92381b4d	GlyphSO	Evoke	Evoke
e16d4797-4d30-4748-9547-a1091d1efe6e	KeyBindingVariable	GoToConcepts	Go To Concepts
e180b669-0cfc-4f78-bc53-186c3e66e79d	AlchemyRecipeSO	BrewStarBrew	Brew Star Brew
e199d242-d153-452d-a35a-4f7ad10fe3cd	AttributeSO	ObjectEnable	Enable
e1a1c46c-bd16-4ac7-bdff-952a2d0953fc	DoubleVariable	UpgradeBuildSpeed	Upgrade Build Speed
e1a5df1c-cad9-404e-8da1-39e12d55e809	AchievementSO	PerfectCharms	Perfect Charms
e1d18491-ab1d-43d6-a2df-069b54cbf057	IntVariable	MaxHarvestSlots	Parallel Agromancy Slots
e1e2f794-43ef-4506-b1c6-5d5d4703be8c	UpgradeSO	LabratoryEquipment	Laboratory Equipment
e2079eb5-e640-48f1-91df-5c1fe9d24da5	ViewSO	PlayerLoadoutEquipment	Equipment
e22f06b9-ba75-4c72-b8e5-b3051a8dd84b	PrerequisiteLinkSO	ConceptTiers
e22f9061-43f2-4a8b-bd25-da749c016448	DoubleVariable	SpellDuration	Spell Duration
e28bddad-f087-4699-b346-1eb153506c99	IntVariable	MaxAutoScribe	Max Auto Scribe Slots
e29cf574-b11e-4dfe-af9b-daa630846622	GlyphSO	Ring	Ring
e29e9021-9036-4270-8989-1b7fe602d596	EquipmentSO	SpiritBlade	Spirit Blade
e2afd744-f7fe-4846-8698-cc9892d0c8f1	ResourceSO	Ceremony	Ceremony
e2bff5df-eef5-4015-a36a-a2d45af98642	CraftingRecipeSO	CraftAlchemicScroll	Alchemic Scroll
e2ca3fde-7b0a-41c6-b1b7-e8307a7d8da1	ValueModifierVariable	ScalingWorkshopCapacity
e30d8b62-288d-458a-8eac-8ba00ee4fbc4	ResourceSO	BandwidthAlch	Alchemical Capacity
e329b2c9-a14a-4f1c-98e6-c63ef3edb3a2	LocalizedStringSO	AlchemyDurationText
e3371f2a-7eff-4e05-980b-b45ed3576fa4	SpellTypeSO	Primary	Primary
e33c312f-da8a-4a43-9b4c-6ccfddca51b1	GlyphSO	Distinct	Distinct
e36a413f-0522-4344-9abb-9b912d19d016	LocalizedStringSO	DiscoveryListNames
e36c68e3-0890-4a07-bc22-c5215bb40e15	AlchemyRecipeSO	BrewWizardsTonic	Brew Wizard's Tonic
e36e1a05-8b98-41ab-adef-b888f090f02a	UpgradeListVariable	AspectUpgradesList
e37ebfec-3df4-45db-89c7-f69cf72b18d5	TutorialSO	TutorialScholarism
e394550c-3647-45c1-83a7-91caf9954e62	ChallengeSO	WeakenedAgromancy	Weakened Agromancy
e39e13d6-bca1-4d38-b9ec-7d629553b557	SpellRecipeSO	DenseExpansion	Dense Expansion
e418e967-a81f-45d8-b8c1-54e4aba465df	AttributeSO	ObjectFlag	Flag
e45029bb-e26a-4fb7-8001-aee279e44d85	IntVariable	ReserveLevel	Reserve Lv
e46b6770-1862-4274-9689-8e5217c1f656	AchievementSO	OrbularGrowth	Orbular Growth
e46ba960-d8a5-4801-985a-41c411c711c6	ViewSO	SettingsGame	Game
e4a9d4c3-61cc-4f94-bab9-7bc8e841cc32	HarvestActionInstanceListVariable	ActiveHarvestActions
e4c02c1f-aa4a-4aca-be54-17590d736a20	TutorialSO	TutorialWizardry
e4e2ff3e-323f-4359-ac26-0297ba27859f	ResearchSO	ImprovedTools	Improved Tools
e50f73da-e3b2-49e0-a4b0-bc16a9152b7f	AttributeSO	ChallengeAbandon	Abandon
e529737e-0a86-418d-bf3e-9ead56b98a59	ConsumableSO	FrugalFig	Frugal Fig
e52b54ce-80ae-4e9f-86e9-892eeb15460a	PassiveAbilitySO	LingeringGrowthTokenPassive	Lingering Growth
e5894166-c987-4bda-9c4f-be9518cdff98	EquipmentSO	PsychicBanjo	Psychic Banjo
e58ee46f-a1ce-4c8a-9e5d-073db3d19eec	ResourceSO	Ink	Alakar's Ink
e5ca51b0-2877-4836-8c6b-861aa24046b0	DoubleVariable	SpellMasteryRate	Spell Mastery Rate
e5e5598d-cfd1-4ee9-89cf-2df4f37ae2b7	UpgradeSO	UnlockScholarism	Scholarism
e5e64bc0-e006-4630-9816-9f0a5118ab92	StructureTypeSO	ToolStructures	Tool
e61461a4-89b3-4c8e-a024-9c2fcfd6fd1d	ChallengeSO	FocusImprovedArtifacts	Focus: Improved Artifacts
e61bc5cc-deaa-467b-81de-002ac0373f7a	TimeRuneTypeSO	RuneTypeInvestment	Investment
e6493e83-41eb-4dd7-b0b3-289e8288d928	RitualSO	Discipline	Discipline
e6593bb2-3a42-4b70-9255-2f63cfd9770c	UpgradeSO	InnovationAdvancements	Innovation
e65d1c0c-939d-4333-b99f-841855ebe328	AttributeSO	CooldownSpeed	Cooldown Speed
e67fd994-8f98-4488-92e3-fc8a8d1a4584	ResourceSO	Sigil	Sigil
e68be24b-8b23-47fb-8bd4-e42ec76ba4c5	ResourceSO	OrganicEssence	Organic Essence
e693cf53-866e-4584-9a29-8046f136c75a	AttributeSO	LossRate	Loss Rate
e69935e3-8557-4e47-add9-5f45d66abf53	ChallengeSO	BoostEquipment	Boost: Equipment
e6a8b78f-f78f-4c30-8e53-2e82c1b1e33c	AttributeSO	ResourceReservation	Reservation
e6d0bcd4-2fa9-46f9-a419-bd80a68b3d7b	EquipmentSO	CloakOfMentalism	Cloak of Mentalism
e6e4659a-1855-463a-acda-dcb2edb30df5	SpellRecipeSO	ChannelBlaze	Channel Blaze
e6f1bdde-a928-48b5-b5aa-5a29e076cd46	EquipmentSO	DruidicRune	Druidic Rune
e704beb8-9929-4cea-bf0b-c188278a89b9	InstanceScalingSO	HarvestInstanceScaling
e72158d8-ebfd-47cc-a5c9-8d6dce70f3d5	StructureSO	EmpoweredRoots	Empowered Roots
e722e83d-782f-48f0-8ed6-e05f6bbff9ba	AdvancementSO	AdvTimeTechnologyBoost	Technology Boost
e72b3aed-f154-4bb8-950e-4850b5e157fb	ResearchSO	ImprovedRunes	Improved Runes
e7753630-8368-40ba-a632-fd1a32f9457f	ChallengeSO	FocusImprovedStudy	Focus: Improved Study
e7766949-e441-4866-90e9-4abf64c2b79c	TimeRuneSO	TimePassiveTempo	Passive Tempo
e77fd3f1-9d1a-4133-9d8f-2c40a6007e5e	ResourceTypeSO	AdvancementResouceType	Advancement
e7b04da7-9ffb-4436-96fb-7ce2c82961e7	EquipmentTypeSO	GloveEquipmentType	Glove
e7bb5ea5-eeff-4490-8808-0074ecf3a53e	StructureListVariable	DruidryStructures
e7bfe352-b0e3-4e33-8232-333150b75b9c	PassiveAbilitySO	SurrenderPassive	Surrendered
e7c94de3-df46-4208-b4b2-7e324521dd4a	UpgradeSO	ImbueOrganic	Imbue Organic
e7d84178-5f4b-4e7f-8b5f-62ccd7993b75	ViewSO	WorkshopCraftingAutomated	Automate
e826f854-cd46-46cb-8904-3673e3649a5b	EquipmentListVariable	EquippedEquipment
e829d282-e3d8-49af-bc65-6922b8535fb2	TreasurePoolSO	ScrollTreasurePool	Random Scroll
e82c4d40-e40d-474b-9799-888467430c38	RecipeBookSO	WeaponRecipeBook	Weapon
e84dd510-6935-40da-b47d-384bb3946d91	LocalizedStringSO	Resource
e866c5ef-57c5-497c-8fd1-f23cd144bab9	PassiveAbilitySO	EssenceAffinityTokenPassive	Alch. Affinity
e89957b0-e244-4877-b279-bb561eb0e709	IntVariable	PlayerTargeting
e8c1d56b-d0b3-4088-ad0b-86ffb771fd00	ConsumableSO	PurgeStone	Purge Stone
e8d3c23c-3ffc-40a0-80a7-e097f43370e6	ResearchSO	ConvertCognitive	Convert Cognitive
e8e2bfec-5ccb-488f-b50b-c11778fbbfef	RitualSO	Productivity	Productivity
e9096448-39bb-499b-981b-14bc895b8cb8	StringVariable	GameVersion
e92345c1-753a-40a0-b4bd-6fdfc75feb74	RitualSO	Restoration	Restoration
e924ca26-c6a4-40bd-b6d0-2df3b554b8f8	AttributeSO	RandomizeTarget	Randomize
e92930e1-97ab-4e14-a87d-01f3c9d3adba	StructureSO	HydroAura	Hydro Aura
e966f87f-d71e-4c72-9835-561609305aa1	UpgradeSO	ImprovedHerbalism	Improved Herbalism
e9990507-98c6-4470-9d1e-a04c3a4cdfd4	EquipmentTypeSO	ThaumuicEquipmentType	Thaumuic
e9991d02-c253-462c-988d-6b27ac2e18f5	AlchemyRecipeSO	EnchantHexed	Enchant Hexed
e9a6ffc9-b8f4-457b-8dc1-e81f4706a194	DoubleVariable	SpellCriticalEffect	Spell Crit Effect
e9acca54-2588-4dc5-9c40-48230c6a3fb2	UpgradeSO	GrowHerbs3	Grow Alchemical Herbs
e9be044e-1e0c-460b-826c-a0216a85ae76	ModifierListVariable	AlchemyLeveling
e9c7ad23-40c7-44b7-ab4a-933ff8ad2e5b	ChallengeListVariable	ChallengePreferences
e9d91b70-a2d6-4040-b241-53eabb57206b	GlyphListVariable	CoreAlchemyGlyphs
e9e3b545-0af7-4a69-a56c-38a8f6340fa4	ViewSO	PlayerLoadoutAlchemy	Alchemy
ea244f06-7a74-4b90-99b9-aea4f7093034	ModifierListVariable	ScrollCostScaling
ea2687b0-7e4c-4452-a90c-ff6cebe687e3	PassiveAbilityRefListVariable	AllPassiveRefs
ea51fbc2-c1dc-4074-b0db-951ce68130f1	PassiveAbilitySO	ShinePassive	Shining
ea5b9d63-e267-49f0-a5e8-feed0f7dcd50	ChallengeSO	WeakenedQuality	Weakened Quality
ea655424-15a9-485f-af79-6d10266d076d	ResearchSO	CascadingLuck	Cascading Luck
ea7bfaf7-4d87-4f6b-a862-c7ec758027ef	DoubleVariable	SpellCriticalDuration	Spell Crit Duration
ea85adfa-697c-4717-a16e-b55b17d472bb	ScalingWeightSO	AlchemyScalingSpecial
ea96a4a7-6a08-4ab5-ae59-f1be933ff45b	ScalingWeightSO	LinearLevelEffect
eaaf6d05-f99c-42df-8ba6-7420aae271e3	LocalizedStringSO	HarvestType
eab0ae41-35c8-4fa6-b1ad-7cc0079dfefa	RitualSO	Autonomy	Autonomy
eab888ff-d8bd-4e46-81eb-639d5d562242	ResourceSO	Water	Water
eac964c7-6ab6-466b-847f-ad9ce3c68567	LocalizedStringSO	UnknownResourceRequirement
eace1e5d-08fc-4010-9586-4063437eea20	TimeRuneSO	TimeStudiousPersist	Studious Persist
eaf5559b-6ecf-4497-9f6c-3e3a88cfe071	ResearchSO	GreaterMetabolism	Greater Metabolism
eaf72412-03f8-4f6e-b1be-519208b6db84	AttributeSO	ResourceRateInterestPercent	Interest Rate
eb2977ee-8492-4254-97c6-ccd360fc7c80	PrerequisiteLinkSO	TimerScholar
eb5a4041-ab7e-44ea-8b7d-5ef6270ed56c	ViewListVariable	ScholarConceptViews
eb60665b-5504-4fa9-8fe4-8ac300150745	ChallengeSO	FocusImprovedMetabolism	Focus: Improved Metabolism
eb66964c-9875-4d41-8c71-58cba9ddbdda	AttributeGroupSO	ManifestionSpellTypeXp	Manifestion Type Xp
eb76acd0-e0ce-4350-b40c-c4cc0330bb71	AchievementSO	MasterDruid	Master Druid
eb76ce62-24c8-473a-b424-4596f812d845	AlchemyRecipeSO	StudyPurity	Study Purity
eb8b1016-f7bb-485c-8ca2-4aae871767b8	AdvancementSO	AdvTimeConstruction	Construction Boost
eb8e44d8-15d6-4519-95d8-c1f6adb8a087	DamageTypeSO	ColdDamage	Cold
eba3802e-42ff-43a2-9be6-716db12f548b	AnimationEffectSO	FireballProjectile
eba540c7-1bae-4c6f-a21a-5ed8a1c0eb63	EquipmentSO	FlameBane	Flame's Bane
eba99a6e-26fc-4fcd-987e-98ead726b0b6	AlchemyRecipeSO	TransmuteBuilding	Transmute Building
ebabbc99-5b2b-409d-992f-02cd71307259	DoubleVariable	GlobalBuildSpeed	Attribute Develop Speed
ebcbcde7-fe3a-4cfb-8a41-eee94905545a	RitualSO	Whirlpool	Whirlpool
ebd2fe13-a6ea-44fc-8d01-c8ada020c42b	EquipmentSO	RockNecklace	Rock Necklace
ebe2162f-c5ad-4f53-8fb6-2ab8d96cef01	AttributeSO	HarvestSpeed	Harvest Speed
ebeed225-fbb9-4a1c-bb5b-4339459135ff	UpgradeSO	GatherSpace3	Gather Space III
ec02ffa1-f5fe-459b-b5f3-d6610eec5631	EquipmentTypeListVariable	AllEquipmentTypes	All Equipment Types
ec07eaec-5940-4b4f-99c0-e51b326e233c	ViewSO	AlchemyCanUseResources
ec14ee5d-66a3-4b28-a271-25dca2414387	ConsumableSO	ScrollLearning	Scroll of Learning
ec59900d-da39-455b-aebd-2797b27f696f	AlchemyRecipeSO	StudySpirit	Study Spirit
ec5f86b0-7bf0-4cb4-b674-20bfdf6585cf	AchievementSO	MasterAlchemy	Master Alchemy
ec8d065d-3cad-4063-8468-e87e8470704d	AttributeSO	RatingExamples	Example Ratings
ec998a90-f00e-4850-a8f7-750428f2d706	RecipeBookSO	EnchantRecipeBook	Enchant
ecae8105-3d38-485d-9c5d-5b9d0839f4a6	KeyBindingVariable	CastSpell9	Spell 9
ecd8163f-bdc9-400e-9b08-2f2213846d97	PrerequisiteLinkSO	TimeRunePersistenceUnlocked
ecdb1b43-5721-4a95-9a4e-e9ff5629f015	EquipmentSO	WeightedGauntlets	Weighted Gauntlets
ecdf4970-3c41-4597-aa51-99a8853afdcf	EquipmentTypeSO	StreamingEquipmentType	Streaming
ed1145b1-8eaf-4b0e-906f-af0514e87581	ChallengeSO	FocusImprovedTools	Focus: Improved Tools
ed225f88-e4ea-4790-a0aa-a3778ab24702	TutorialSO	TutorialHexsteel
ed2582f3-5f4c-4641-9d67-ba1b3c1184a8	AlchemyRecipeSO	DismantleDarkThistle	Extract Dark Thistle
ed3880ff-e44d-4452-b382-6bea094bbf50	ChallengeSO	SpecializationItems	Specialization: Items
ed76773c-8485-4d3a-bc53-9b902ebc756e	ResourceSO	Control	Control
ed944822-303e-45fa-a201-5a1be0182bab	ViewSO	LevelAllSpellsButton
ed94f8b3-3fb5-4b83-bac4-3cd88e159b9c	ConsumableSO	FlowPotion	Flow Potion
eda26ca0-afcc-4fc3-9d8a-eb279123353d	ResourceSO	Knowledge	Knowledge
edf905e1-fd36-456b-be7b-bc731be1f044	ValueModifierVariable	ScalingWorkshopQuality
ee001474-8209-4238-9566-84899a877226	CraftingRecipeTypeSO	ScribeCrafting	Inscription
ee1f2ea6-85b9-4348-b11d-aca8524b46cd	DiscoveryTreeSO	RitualDiscoveryTree	Ritual Discoveries
ee1fa811-c60f-4aa6-af38-64492e47334c	UpgradeSO	UpgradeRoutine2	Heightened Routine
ee304ff1-7e81-4e5f-9ad9-5b2b832b31f6	PlotNodeActionSO	PNADreamberryEnrich	Enrich
ee6959a4-b3fa-4174-a385-da9a1a9214b1	TimeRuneSO	TimeTechnologicalPersist	Technological Persist
ee785dca-baca-4c45-b022-7d86504a916e	RitualSO	Shadow	Shadow
ee8d935f-2664-48ad-8ffd-5d344cd5d9fd	ViewListVariable	WorkshopArtifactViews
eeaa8aa3-d0a8-41be-abc1-eb176c96bee8	HarvestActionTypeSO	HarvestActionType	Harvest
eecc08df-7ab5-453a-9f70-3b8c53a381b5	EquipmentSO	RingOfQuaffing	Ring of Consumption
eef07b97-fd75-49cf-906c-c437eaaa640b	InstanceScalingSO	AlchemyDismantleInstanceScaling
eefdc591-1330-4a2c-9fed-17e4ab840778	GlyphSO	Important	Important
ef09e5a3-7ea7-40d7-9c8d-e9438da7d688	CharacterSO	NestApparition	Nest
ef29f6df-4660-4d83-bf62-1230cf1a23de	AlchemyRecipeSO	BrewManaPotion	Brew Mana Potion
ef37bdd0-bdf1-44ca-8f33-7a2cad6f733e	AttributeSO	GlyphTokenGeneration	Stack Generation
ef4cdab3-87b8-4fef-af3f-67f8fdae4f8c	StructureSO	Rejection	Rejection
ef5969c8-da8a-4777-b1d2-fcdecde246cf	AttributeSO	LoadoutAlchemyDeselected	Alchemy Excluded
ef68f51d-aaf6-42c3-a390-3e55aafa70f0	PassiveAbilityTypeSO	CombatPassiveType	Combat
efcc565f-bd5f-4d38-b88b-0be5c0e08dad	UpgradeSO	Druidry2	Druidry II
efd560a0-b2b2-4acd-978c-f1b9f1955fcd	AttributeSO	CostScaling	Cost Scaling
efd92b91-780a-4e47-b65b-4056a9d81af5	ViewSO	ScreenWorld	World
efdcb385-5f60-4913-b49c-bba6d27fa397	UpgradeSO	UpgradeDisciplineSpectral	Greater Discipline
f01cf645-bdc1-4c20-9898-f833730118da	AchievementSO	PerfectSpecial	Perfect Special
f01ebcd9-b9bf-45e2-8b69-511f46114424	AttributeGroupSO	SpecialResourceReplenish	Special Replenish Ratio
f03c3709-57d6-4167-abf1-4e16b44025c5	EquipmentSO	CrucibleStaff	Crucible Staff
f054ec63-95ce-41de-857d-ea1ac17d0ca4	AchievementSO	MasterAugments	Master Augments
f05d5cef-9fcc-4362-9ffc-ffe1e62ae595	ConsumableSO	CraftingPotion	Crafting Potion
f05fdf45-c1fa-4fb6-b5f3-5b4be6531d90	PlotNodeSO	PlotWaterSpring	Water Spring
f06be44c-4c39-475d-8f06-11008b652d0e	ResourceSO	PointsOrb	Orb Advancement
f0aab032-5662-44aa-b719-a51bf377e028	UpgradeSO	StormReservesImproved	Improved Energy Reserves
f0be3df5-b67b-4e68-a44b-693f83e619ae	LocalizedStringSO	PrerequisiteLink
f0cfc487-4365-4e1f-8c91-89ae0aa092f0	EquipmentSO	PhilosophersCatalyst	Philosopher's Catalyst
f0dd5f1c-2bcf-445b-b890-b5b0b59d1ea2	PrerequisiteLinkSO	RunicUnlocked
f0e4b59a-b510-4de3-ae3e-dfca0fd76239	ViewSO	ScholarConceptDiscover	Discover
f0ffb3ad-0821-4c7c-8588-4984bccf52ef	RecipeBookListVariable	EquipmentRecipeBooks
f10bf25a-050d-49a1-9f21-b0598a0caed2	ViewSO	TimeTimeRuneArchive	Archive
f10c6b97-81a4-43eb-b71c-d151a69eb20b	AttributeSO	ChallengeActive	Active
f114d630-ee1e-4570-8bc5-739d64c4d589	ResearchSO	RazorPreciseSpells	Razor Precise Spells
f1163b73-9628-4ed4-ad40-dd1a60674e8a	ResearchSO	GreaterSpellCapacity	Greater Spell Capacity
f1392b0c-3980-486a-a346-45b88afb167f	ViewSO	ScholarResearchTech	Technology
f13ac116-72b2-43ed-9800-639383bc47ab	AnimationEffectSO	ImpactLightningImmediate	ImpactLightningImmediate
f13fe0b1-c17e-4f43-8690-550427d52cea	LocalizedStringSO	DiscoveryTree
f14380dd-a543-4566-9c44-8e07cd3928e2	DoubleVariable	ReplenishItemLimit	Replenish Item Limit
f14e9e70-02c4-4cf8-bb19-db19413540e6	ScalingWeightSO	PotionDuration
f1674981-1a54-4561-b886-f2257c8502ad	AttributeSO	CraftingMagnitude	Crafting Magnitude
f18e5b8e-df56-4735-9b56-b138f77209af	LocalizedStringSO	Upgrade
f19e79c8-d990-406e-8b0e-2e75256cf27d	ResearchTypeSO	InnovationResearch	Innovation
f1b0ddfb-94fd-4257-ad9d-e133f92d8921	KeyBindingVariable	ToggleTooltip	Toggle Tooltip
f1b3b215-2591-456b-be22-4bcd44f56d57	UpgradeSO	CreateDeathStone	Death Stone
f1b45d8c-6f93-4a9b-a4f1-d989104832ee	HarvestActionTypeSO	DevelopActionType	Develop
f1b8f6ab-716d-4e66-be36-ac482c1dac9c	PassiveAbilityTypeSO	PermanentPassiveType	Permanent
f1c044a7-18e2-488f-aec0-a802e5a9d3d3	ResearchSO	ArcaneDominion	Arcane Dominion
f1d74c86-c836-46ea-9e69-37e4a593be0b	ActionableListVariable	ActiveProcessingActionables
f1dcd018-69dc-4cd7-b7f7-6dd3a1b18183	StructureSO	Fossilization	Fossilization
f1e20146-50b5-4bae-a1e9-1eb85737c875	ResearchSO	ResourceDecay	Resource Decay
f1e96530-7fb2-4166-b5dc-27a9ad1b5384	ScalingWeightSO	EquipmentEffectGreater
f1f7a9bd-72ed-4bfc-b2c2-ab8431af9b0c	LocalizedStringSO	PersistentReset
f20265d6-b6fd-48cd-8fb4-77af929f9f01	BoolVariable	AutoBuyerEnabled
f2143cd2-b9de-4d83-b67c-a8f9fc2a67e7	ChallengeSO	FocusImprovedRunes	Focus: Improved Runes
f21c37e9-a4d2-4536-aae5-29bab636a307	ChallengeSO	FocusImprovedLabratory	Focus: Improved Labratory
f2436069-5044-47b6-82f1-2a6c8419ac9d	AttributeSO	SpecialEffect	Special
f2480f2c-4d9b-4e4e-b6cf-970169efdde7	IntVariable	TotalEquipmentMastery	Total Artifact Mastery
f248d5fc-0a56-45e2-915b-670417d02e2b	TimeRuneSO	TimeAbilityScaling	Ability Scaling
f27024c0-8b30-4d71-ab30-fbc334b87883	ConsumableSO	LivingLichee	Living Lichee
f29fdade-03fd-490e-bbcb-15996f8ceedc	ChallengeSO	SpecializationWizardry	Specialization: Wizardry
f2a1fdd8-8491-430e-9d21-da48fb2fde29	AttributeSO	ResearchMaxLevelCapacity	Max Level
f2bc1a63-9866-4cde-9d8f-856bf25d89a3	UpgradeSO	DruidryOre	Druidic Ore
f2e0bc95-49de-4c82-8149-f7b1841fd97c	UpgradeSO	AlchemyRefined	Refined Alchemy
f3129552-51aa-4e50-8293-0b0fe6c3a891	ChallengeSO	BoonExpertBoost	Boon: Expert Boost
f320b364-5f21-4827-bb53-0ae641df069a	DoubleVariable	TimerAlchemy	Alchemy Time
f320e562-4e70-41ae-b8ca-59b84d7f99ca	DisplayEffectSO	WeakeningChallenge
f3410058-1d9a-4428-a3c0-fc7c97901757	StructureTypeSO	GeneratorStructures	Generator
f341d90c-5068-40dc-a23e-1d3c4b7a14c7	CraftingRecipeSO	CraftThaumicScroll	Thaumic Scroll
f34dbf73-b233-4f02-b201-539d333ccedb	ConsumableSO	VoidStone	Void Stone
f3877c92-ca75-46e2-b6a9-7d244e9d2c21	AlchemyRecipeSO	AnalyzeCelestial	Analyze Celestial
f3ae5303-fa11-4bf3-b23a-e38dc2221a3f	ViewListVariable	TimeTimeRuneViews
f3b470e8-0dee-4f3d-9980-9bf409ef8142	IntVariable	MaxRasterizedThoughts
f3b5a59a-1c9c-4d2a-9501-2c7c8ba26d0b	GlyphSO	Surged	Surged
f3d81afe-1c98-4831-8df4-b0751cbe3903	UpgradeSO	ScribeScroll3	Scribism Scrolls III
f3e04678-945e-4267-a1be-a04e0a66a4ac	TimeRuneSO	TimeWorkshopWeight	Workshop Weight
f3e221fb-dddc-4219-98a7-839f94c759bc	PlotNodeActionSO	PNAEmptyPlotShapeLand	Shape Land
f3ea6ed4-9ba2-403d-894c-cf4ac3393bc9	ResourceSO	PointsMagic	Magical Advancement
f3f0d951-a34b-4bbe-99a8-ca7f6ce932f6	HarvestActionSO	ExpandHarvestAction	Expand
f3f2a6b0-9b33-4639-b2a1-f07b894e5f51	AlchemyRecipeSO	LearningSpacial	Spacial Learning
f3f49560-82ad-41bf-82cd-488da5bee7ee	StructureSO	CharmMastery	Charm Mastery
f4218514-326f-4e65-9f9b-886d83028b79	ResearchSO	SlowerCharms	Slower Charms
f425fe6b-21c1-4ed9-b661-f2c2b6cd97b6	StructureSO	EfficientCollection	Efficient Collection
f4570e11-9f95-41fa-879b-fe960e07d39c	StructureSO	Sorcery	Sorcery
f47a20bf-20d1-4546-982e-9932431b6054	TutorialSO	TutorialSoulShards
f494b172-374d-42c1-8228-c135e922024e	AdvancementSO	AdvEmeraldPowerstone	Dreaming
f4bb2939-8c7f-4867-94c7-26e6343a752e	AttributeSO	PlotNodeResting	Recovering
f4cf8465-c92b-4a42-97be-1ee47ece03ff	RitualSO	Shine	Shine
f4e35866-f6fe-4b7a-87bb-08d67df241b3	KeyBindingListVariable	SpellKeyBindings
f4fe27f3-1bae-404b-8f98-dec5ba5a954c	PassiveAbilitySO	MagicAffinityTokenPassive	Magic Affinity
f50206f1-3826-445a-9e3c-bdf48b8f7b90	RecipeBookSO	DragonRecipeBook	Dragon
f5053ffe-5a9e-481a-bd7e-ae17d707e31d	ChallengeSO	SpecializationDragon	Specialization: Dragon
f50d77f3-1388-4876-a1fe-9cdf3569b405	StructureSO	HexStone	Hex Stone
f51d9f77-4082-4eb0-b0ac-8e28cd16cc55	ResourceListVariable	InventoryBandwidth
f55ef019-16d1-4a3f-ac0e-7b8a3cbb9a3a	UpgradeSO	UpgradeSpellBookAdvancement	Spell Advancement
f571e8ba-f6a8-4813-8370-6d378302ee8f	IntVariable	MaxAlchemyTransmuteSlots	Transmutation Slots
f5aa27a5-da61-44e6-a4a7-8266afecb371	SpellVariable	SelectedMoveSpell
f5acb9ec-834a-44d6-a933-edc9c757cc8c	UpgradeSO	WizardryBlaze3	Flameweaver III
f5d89f03-f64b-4f11-a4aa-c0be40fbcc35	CharacterSO	NestGigaApparition	Giga Nest
f6113060-7707-4332-9753-0fa67e2d312d	CharacterActionSO	SlowAttack	Cold Attack
f6136e93-fb4d-463b-9c35-22c905134caa	IntVariable	SelectedLoadout	Selected Loadout
f64a195e-5bd7-4ed4-b1f2-1f28e5bf28bd	ConsumableSO	ExpansionPotion	Expansion Elixir
f6594b78-4aa7-49b5-8abc-4ada141ceb22	ViewSO	SpellBookInfo	Details
f661f73d-3d3e-4dfc-ac3d-6f4b6cfbaaf6	DoubleVariable	SpellEchoLimit	Echo Chance Limit
f666fdb2-059e-4593-a748-1c4a6a9965aa	RecipeBookSO	AmuletRecipeBook	Amulet
f6a811ec-e0bb-47e9-921e-a80ad1fc7538	StructureSO	DruidicResonator	Druidic Resonator
f6b3a600-1cda-4daf-9f22-cfbee6354613	ConsumableSO	PurePomegranate	Pure Pomegranate
f6cb65a8-a959-477c-9293-ff66f646c95d	CraftingInstanceListVariable	AutoScribeInstances
f6de3571-bd74-4ca0-8703-c895ba71af65	ResearchSO	ImprovedInventory	Improved Inventory
f6f589e9-c60e-48ee-a96b-6649997c9515	PlotNodeListVariable	AllPlotNodeRecipes	All Resource Node Recipes
f715f3de-3168-4f1e-b358-333798d33ecd	AttributeSO	LoadoutSnapshotClear	Clear Snapshot
f73fbe8c-394b-4602-a8f6-95b324b2a793	AttributeGroupSO	AlchemySpeedGroup	Alchemy Speed
f75cea6e-5d21-439f-bce4-79199b22434d	EnchantmentSO	EnchantInvestment	Investment
f7601d2a-89d5-4ffa-b81b-b30ac3551e73	AttributeSO	PersistenceNewChallenges	New Challenges
f7a2991e-b23a-4aa4-a3f3-4d3ee7f6f227	ResearchSO	ProlongedRituals	Prolonged Rituals
f7a66540-cc47-4396-b673-e2ffa5f8304f	StructureSO	HexsteelPlating	Hexsteel Plating
f7b30e77-b0f2-4678-a433-04aa4fee0941	AlchemyRecipeSO	ChannelSpark	Channel Spark
f8000ef4-69f2-4ea6-bf24-a3de6128e310	AlchemyRecipeSO	BrewExperienceElixir	Brew Experience Elixir
f8060cd9-1fe0-4186-b480-ce57b20e1208	UpgradeSO	AutoPurging	Auto Purging
f80930ed-3ed8-4a00-aaba-d769f2b5b883	ConsumableSO	StormshapersSalve	Stormshaper's Salve
f831745c-7a9e-4143-8c00-9c6633d4833e	IntVariable	TimePersistValueNew	New Time Advancements
f857d562-7faa-430a-af3f-98b3550606d3	StructureTypeSO	StudiousStructures	Studious
f8786560-0956-4b9e-b08d-3f6f86ad3107	AlchemyRecipeSO	StudyBody	Study Body
f87d654e-6b29-4a6d-8541-609fab155b11	GuidVariable	SelectedResourceType
f8a9326a-2f98-4f05-889e-3078635fd714	CharacterActionSO	SummonReinforcements	Summon Reinforcements
f8d68210-9dce-4a48-8b07-832bf4cc4cda	DoubleVariable	DiscoveryRarityRatingPenalty	Rarity Rating Penalty
f8e013cb-19a7-43ed-b971-71ef2fc328ef	KeyBindingVariable	TabLeft	Tab Left
f8e5ae25-f75a-4007-912d-3b15eb22d4c0	UpgradeSO	Scholarism2	Improved Study
f905fca5-ed9d-4f09-93b3-4cf2cc7b99c5	IntVariable	MaxReserveLevel	Max Reserve Lv
f91cca72-b0b1-4509-ace3-333e324f2022	ResearchSO	ImprovedMaterials	Improved Materials
f93bd915-66d8-4d56-bda4-2bfb541df88f	UpgradeSO	ConstructionHexsteel	Hexsteel Construction
f95e84dd-b2a6-4635-aa4c-240fa2ff5564	PrerequisiteLinkSO	TimerAlchemy
f98d5f5a-9e04-47d5-b14e-3a6c1f03b751	PassiveAbilitySO	ReflectiveSpacialLearning	Spacial Learning
f98dc882-d41d-4221-afb2-4cb4d04b9032	LocalizedStringSO	Character
f993583f-10b4-44c9-b1dc-0b6f37913918	IntVariable	MaxScribeInstances	Max Scribe Slots
f9a453b0-fd47-4fcf-8022-a4cc5ffbf064	ViewSO	AlchAlchemist	Alchemist
f9c7e0e6-5a78-4621-8a28-8a821ea4a174	AlchemyRecipeSO	StudyNature	Study Nature
f9c93e42-e9e8-4fe3-a1f3-5aec5430b5c2	AlchemyTypeSO	Alchemy	Alchemy
f9e3f458-c0ad-4e2a-947d-4d52ec174609	KeyBindingVariable	CastSpell1	Spell 1
f9e9b009-aaac-45c2-b8ff-8a16adf883b7	AdvancementSO	AdvTimeDiscoverRarity	Rarity Boost
fa165240-42a6-447d-9d3b-f6fa2865dbf9	AlchemyRecipeSO	StudyMind	Study Mind
fa241115-0559-41ad-9c7d-a42c1d014655	StructureSO	Optimization	Optimization
fa2aa1af-375f-4826-9128-395d2cb0e691	AchievementSO	MasterItems	Master Items
fa624b10-47ad-4cfb-9a3d-155f94717532	StructureSO	LifeWeaver	Life Weaver
fa84ea87-c915-46ac-b58e-e10d953b7dcc	ChallengeTypeSO	FocusChallengeType
fa931ca9-da8a-46d3-93ed-60ac8be06a87	ResourceTypeSO	InfluenceResourceType	Influential
fa99c6f8-9a9c-40ca-813a-3b3e2678cc09	UpgradeSO	Scholarism3	Advanced Study
faa53a2e-a57f-49ea-a626-7bd726d2b57d	DamageTypeSO	PiercingDamage	Pierce
fab50313-fe13-47d1-b34f-ed863f7edac7	AchievementSO	IdealInvestments	Ideal Investments
fb131a09-b365-485a-87c5-37863d81d372	PrerequisiteLinkSO	ThoughtStreamsUnlocked
fb29bebd-4365-4442-8604-acac6bb96cdb	CombatStatusSO	Stunned	Stunned
fb3afcb5-cac6-41e0-b0c5-74974aa80fa1	EquipmentSO	DimensionalBand	Dimensional Band
fb81e0d0-49b7-4e17-bc91-690058078ba7	ResourceListVariable	AllResources
fba53ff9-86af-45ab-990d-5773c5cc285d	EquipmentSO	ArcanumMantle	Arcanum Mantle
fbc7bf1d-15a2-4feb-82b4-c65c9a58b767	IntVariable	MaxActiveChallenges	Max Active Challenges
fbd51aba-61af-4b75-9787-44aefbbf7539	DoubleVariable	EquipmentPower	Artifact Power
fbec4673-49d5-4377-81ed-38e13a1db04f	ResearchTypeSO	CapstoneResearch	Capstone
fbf9b8aa-4b0b-4e3b-b92b-486d56103537	ViewSO	AlchAlchemy	Alchemy
fbfe1194-1a83-41a4-8849-8d92c894f6e7	ValueModifierVariable	ScalingMaxQuantityMinor
fbff1fb7-1a05-4d77-bbc7-0070e99b5218	ChallengeSO	WeakenedDruidry	Weakened Druidry
fbffd03d-fca4-46f6-a668-7b562505d4d0	AnimationEffectSO	HealingEffect
fc1cbc33-d6ba-4dbf-9968-5326f133d72c	AlchemyRecipeSO	BrewWoodworkPotion	Brew Woodwork Potion
fc22873d-3462-4101-b436-865775b7afe2	SpellRecipeSO	CondenseTime	Condense Time
fc239162-b3f6-4e61-8e38-106d5dd26448	AttributeSO	EnhancementAlchemy	Superior
fc2d6fda-a358-458c-8ba1-95ff928a17ce	ChallengeSO	WeakenedAttributes	Weakened Attributes
fc4f51c7-cfbe-48a8-83f6-ea2e61cd91af	DoubleVariable	GlobalConsumablePrepSpeed	Item Prep Speed
fc691f3e-b832-47b8-9f8e-473c05bf51a2	RecipeBookListVariable	RunestoneRecipeBooks
fc879394-cd2e-4d58-9903-46c6e658aab1	LocalizedStringSO	InsufficientReq
fc9aec20-c08c-4300-934a-a1c4346a288d	PlotNodeSO	PlotIronwoodTree	Ironwood Tree
fc9cc43f-5264-4be2-82f7-3b53c8d7b25b	UpgradeSO	Construction3	Refined Construction
fca918e7-ba2a-4659-a2fb-d5f9371ee37f	ResourceSO	VerdantEnergy	Verdant Energy
fcb684e7-ba5b-42f9-b0f1-c75e370d8400	ModifierListVariable	AlchemyPermTime
fcb90ad4-f927-47d3-86d5-f7f13256d310	AttributeSO	CombatEffects	Combat Effects
fcd15239-47d1-41b9-bad0-59826fb41ba4	ResearchSO	ExpertWizardry	Expert Wizardry
fcfa2fa9-2ad3-41c8-af83-d1e45f25f8a1	SpellRecipeSO	Vilify	Vilify
fd11353f-35eb-4dd1-acdd-2a95fcd45d60	PrerequisiteLinkSO	WorldCycleComplete
fd47b59c-d407-413d-a066-07fd1d5fa5df	EquipmentSO	ZealotsRing	Zealot's Ring
fd57dbae-488c-43f5-bc31-3ccf4c0e0e68	AdvancementSO	AdvEnrichWaterSpring	Enrich Soil
fd59c2a5-6c6c-4209-8600-9fc24821d138	AnimationSO	SlowAttackAnim
fda2ca1a-191e-49a0-8ee1-0e80940318a4	UpgradeSO	UpgradeSpellBookLoadout7	Duplicate Spellbook VII
fdcbb804-f471-4ca7-80a5-18a1f96737f6	ResourceSO	WeightSpell	Spell Capacity
fde8fcf2-9bc5-4a48-9424-f77ba38ff08a	ChallengeTypeSO	BoonChallengeType
fe093f5e-c083-40e6-9efc-756cc38bad6e	PlotNodeTypeSO	GroundNodeType	Ground
fe1b6c9f-a827-422e-8bc7-9da640409d02	TimeRuneTypeSO	RuneTypeTempo	Tempo
fe4858b8-ea79-4cc3-85cb-023553651b26	AnimationEffectSO	ShineAnim2
fe5f2e95-ec05-4a5e-8330-a6a8e307172e	ViewSO	PersistentResetChallenges	Challenges
fe799156-97de-49f5-923b-f413449f608a	AlchemyRecipeListVariable	AlchemyRecipes
fe83b0bd-c927-4c2e-a5c6-004d480afc23	ViewSO	TimeTimeRunes	Time Runes
fed272e3-495e-42ec-9bfc-7741a1814ee1	StructureTypeSO	GlobalStructureType	All Attribute
fee401b4-7b1c-4d24-8e45-4330b39b165e	EquipmentSO	WeightedPendant	Weighted Pendant
ff1240a4-22f7-46b2-9a81-4de7728b86b8	CombatStatusSO	Burning	Burning
ff3c9c06-2b2b-4270-9abe-5f44aa9195a6	StructureSO	UrnOfUrns	Urn Of Urns
ff3dafd6-b6ca-408a-8dc8-e2f87dec0603	ScalingWeightSO	RitualSpecial
ff521c14-ee3e-489b-9fb0-8b228516bb20	PassiveAbilitySO	ReflectiveEnergizedLearning	Energized Learning
ff587faf-59d3-444e-bc77-6ef25bd5477b	UpgradeSO	UnlockMaterialUpgrades	Upgrade Materials
ff7a9266-e671-42f1-a675-b4f51283483a	RitualSO	Fundamentals	Fundamentals
ff88348f-6154-41cd-8d30-963f931c6d9a	AchievementSO	PerfectArtifacts	Perfect Artifacts
ffb1b453-459e-4e12-8bc7-141e3701a3b8	TimeRuneSO	TimeResourceScaling	Resource Scaling
ffb2b30a-7b61-4063-ba08-1b272d2c67db	UpgradeSO	UpgradeTransfigure	Upgrade Transfigure
ffb6bae5-d233-4e56-a228-acae82c45103	PassiveAbilitySO	ExcavatedTokenPassive	Excavated
ffb933f7-0860-4f81-ac2d-f104adaa56b3	StructureListVariable	ScholarismStructures
ffc6fcbb-33f1-4daf-9385-74597238c00c	StructureSO	Routine	Routine
ffdd8315-0275-4d51-98a7-8de4384a2f46	RitualSO	Home	Home
ffe47fab-bf69-487a-8931-02393157f36f	AttributeSO	PotionPower	Potion Power
fff81021-ac2e-4afb-bbab-c7aa429ff477	TimeRuneSO	TimeSkillScaling	Skill Scaling
